data;horario;n_da_ocorrencia;tipo_de_ocorrencia;km;trecho;sentido;tipo_de_acidente;caminhao;ilesos;levemente_feridos;moderadamente_feridos;gravemente_feridos;mortos;3
03/12/2010;15:46:00;97;com vítima;481;BR-116/BA;Norte;Engavetamento;2;2;;2;;;2
03/12/2010;19:07:00;136;sem vítima;551,5999755859375;BR-324/BA;Oeste;Colisão Lateral;1;2;;;;;1
03/12/2010;06:51:00;22;com vítima;560,2999877929688;BR-324/BA;Leste;Colisão Traseira;1;2;;;1;;2
04/12/2010;18:37:00;146;com vítima;27;BR-116/BA - Cont VC;;Engavetamento;2;3;1;;;;1
04/12/2010;09:29:00;51;sem vítima;547,8499755859375;BR-116/BA;Sul;Tombamento;1;1;;;;;1
04/12/2010;23:32:00;181;sem vítima;520,9000244140625;BR-324/BA;Leste;Colisão Transversal;1;3;;;;;1
04/12/2010;09:03:00;46;sem vítima;574,0999755859375;BR-324/BA;Oeste;Colisão Traseira;1;2;;;;;1
04/12/2010;09:09:00;48;sem vítima;625,2999877929688;BR-324/BA;Leste;Colisão Traseira;1;2;;;;;1
05/12/2010;19:19:00;134;com vítima;17;BR-116/BA - Cont VC;;Colisão Lateral;1;1;1;;;;1
05/12/2010;11:25:00;49;sem vítima;439,29998779296875;BR-116/BA;Norte;Colisão Traseira;2;2;;;;;1
05/12/2010;07:10:00;23;sem vítima;630,2000122070312;BR-116/BA;Sul;Colisão Transversal;2;2;;;;;1
07/12/2010;01:26:00;11;com vítima;592,0999755859375;BR-116/BA;Norte;Tombamento;1;0;1;;;;1
07/12/2010;08:53:00;44;sem vítima;663,9000244140625;BR-116/BA;Sul;Saida de Pista;1;1;;;;;1
07/12/2010;14:30:00;98;sem vítima;521,2000122070312;BR-324/BA;Leste;Colisão Traseira;1;2;;;;;1
07/12/2010;08:12:00;37;sem vítima;620,0700073242188;BR-324/BA;Leste;Colisão Lateral;1;2;;;;;1
08/12/2010;13:52:00;93;com vítima;4;BR-116/BA - ContSuFS;;Colisão Transversal;1;1;1;;;;1
08/12/2010;18:46:00;135;com vítima;484,5;BR-116/BA;Norte;Colisão Traseira;1;1;1;;1;;2
08/12/2010;13:13:00;86;com vítima;489,70001220703125;BR-116/BA;Norte;Engavetamento;3;3;1;;;;1
08/12/2010;08:53:00;48;sem vítima;555,2999877929688;BR-116/BA;Sul;Colisão Traseira;1;2;;;;;1
08/12/2010;17:33:00;137;com vítima;672,7999877929688;BR-116/BA;Norte;Colisão Lateral;1;1;1;;;;1
08/12/2010;13:16:00;88;sem vítima;777,7000122070312;BR-116/BA;Norte;Colisão Traseira;3;3;;;;;1
08/12/2010;19:51:00;142;com vítima;819;BR-116/BA;Norte;Tombamento;1;0;1;;;;1
08/12/2010;14:20:00;99;sem vítima;518,0999755859375;BR-324/BA;Oeste;Colisão Traseira;1;2;;;;;1
09/12/2010;21:18:00;155;sem vítima;549;BR-324/BA;Leste;Colisão Traseira;1;2;;;;;1
09/12/2010;17:00:00;114;com vítima;590,0999755859375;BR-324/BA;Oeste;Engavetamento;2;8;1;;;;1
09/12/2010;18:22:00;129;sem vítima;613,5;BR-324/BA;Leste;Engavetamento;1;4;;;;;1
10/12/2010;16:59:00;108;com vítima;723,7999877929688;BR-116/BA;Sul;Colisão Frontal;1;0;1;1;;1;3
10/12/2010;09:33:00;44;sem vítima;867,2000122070312;BR-116/BA;Norte;Colisão Traseira;2;2;;;;;1
10/12/2010;05:29:00;17;sem vítima;595,4000244140625;BR-324/BA;Oeste;Colisão Traseira;1;2;;;;;1
10/12/2010;09:33:00;43;sem vítima;607,0999755859375;BR-324/BA;Leste;Colisão Traseira;1;2;;;;;1
11/12/2010;19:26:00;132;sem vítima;612,7000122070312;BR-116/BA;Norte;Colisão Traseira;2;2;;;;;1
11/12/2010;10:51:00;56;sem vítima;928,0999755859375;BR-116/BA;Sul;Engavetamento;3;3;;;;;1
12/12/2010;15:07:00;103;sem vítima;484,6000061035156;BR-116/BA;Norte;Colisão Traseira;2;2;;;;;1
12/12/2010;15:45:00;109;sem vítima;534,7999877929688;BR-116/BA;Sul;Engavetamento;1;3;;;;;1
12/12/2010;11:32:00;71;sem vítima;595,4000244140625;BR-116/BA;Norte;Saida de Pista;1;1;;;;;1
12/12/2010;23:20:00;18;sem vítima;669;BR-116/BA;Norte;Atropelamento de Animal;1;1;;;;;1
12/12/2010;12:36:00;84;sem vítima;774;BR-116/BA;Norte;Colisão Transversal;1;2;;;;;1
12/12/2010;16:20:00;113;com vítima;817,5;BR-116/BA;Norte;Colisão Lateral;1;2;3;;1;;2
12/12/2010;00:05:00;1;sem vítima;910;BR-116/BA;Norte;Colisão Traseira;2;2;;;;;1
13/12/2010;21:03:00;147;com vítima;446,70001220703125;BR-116/BA;Norte;Colisão Frontal;1;0;1;;;4;3
13/12/2010;06:24:00;33;sem vítima;482,0350036621094;BR-116/BA;Norte;Colisão Traseira;2;2;;;;;1
13/12/2010;05:11:00;28;com vítima;910,2000122070312;BR-116/BA;Norte;Colisão Traseira;2;1;;;;1;3
13/12/2010;17:49:00;126;sem vítima;533,0999755859375;BR-324/BA;Oeste;Tombamento;1;1;;;;;1
13/12/2010;08:50:00;49;com vítima;580,5;BR-324/BA;Leste;Colisão Traseira;1;3;;1;;;2
13/12/2010;22:39:00;157;sem vítima;610,9000244140625;BR-324/BA;Oeste;Colisão Traseira;1;2;;;;;1
14/12/2010;23:03:00;169;sem vítima;473,79998779296875;BR-116/BA;Sul;Outros;1;1;;;;;1
14/12/2010;10:09:00;56;sem vítima;590,4000244140625;BR-116/BA;Sul;Colisão Lateral;2;2;;;;;1
14/12/2010;05:38:00;24;com vítima;798,9000244140625;BR-116/BA;Norte;Colisão Lateral;1;3;1;;;;1
14/12/2010;16:08:00;99;sem vítima;804,5;BR-116/BA;Sul;Colisão Traseira;1;2;;;;;1
15/12/2010;05:47:00;25;sem vítima;483,6000061035156;BR-116/BA;Norte;Engavetamento;3;3;;;;;1
15/12/2010;15:15:00;108;sem vítima;659,2999877929688;BR-116/BA;Sul;Colisão Traseira;2;2;;;;;1
15/12/2010;23:31:00;159;sem vítima;912;BR-116/BA;Sul;Colisão Lateral;1;2;;;;;1
15/12/2010;08:03:00;38;sem vítima;541;BR-324/BA;Oeste;Colisão Lateral;1;2;;;;;1
15/12/2010;10:48:00;66;sem vítima;620;BR-324/BA;Oeste;Colisão Traseira;1;2;;;;;1
16/12/2010;18:35:00;162;sem vítima;566,9000244140625;BR-116/BA;Sul;Colisão Lateral;2;2;;;;;1
16/12/2010;05:44:00;19;sem vítima;575;BR-116/BA;Norte;Atropelamento de Animal;1;1;;;;;1
17/12/2010;12:02:00;89;sem vítima;600;BR-324/BA;Leste;Tombamento;1;1;;;;;1
17/12/2010;13:00:00;99;com vítima;610;BR-324/BA;Oeste;Engavetamento;2;6;1;;;;1
18/12/2010;01:40:00;9;sem vítima;2;BR-116/BA - ContSuFS;;Tombamento;1;1;;;;;1
18/12/2010;17:22:00;128;sem vítima;528;BR-116/BA;Norte;Colisão Traseira;2;2;;;;;1
18/12/2010;15:05:00;115;sem vítima;591,5999755859375;BR-116/BA;Sul;Colisão Lateral;1;2;;;;;1
18/12/2010;12:02:00;83;sem vítima;711,7999877929688;BR-116/BA;Sul;Engavetamento;4;4;;;;;1
19/12/2010;23:16:00;154;com vítima;443;BR-116/BA;Norte;Colisão Frontal;1;1;4;2;;;2
19/12/2010;17:07:00;103;sem vítima;550,9000244140625;BR-116/BA;Norte;Colisão Lateral;1;6;;;;;1
19/12/2010;05:39:00;33;com vítima;774,5;BR-116/BA;Sul;Engavetamento;3;2;7;1;;;2
19/12/2010;20:38:00;128;com vítima;822;BR-116/BA;Norte;Colisão Traseira;1;2;1;;;;1
19/12/2010;05:55:00;35;com vítima;530;BR-324/BA;Oeste;Colisão Lateral;1;1;;1;;;2
19/12/2010;07:07:00;40;sem vítima;534;BR-324/BA;Oeste;Tombamento;1;1;;;;;1
20/12/2010;17:53:00;145;com vítima;426,5;BR-116/BA;Sul;Atropelamento - Ciclista;1;1;1;;;;1
20/12/2010;12:15:00;87;sem vítima;445,8999938964844;BR-116/BA;Sul;Colisão Traseira;2;2;;;;;1
20/12/2010;23:10:00;190;sem vítima;445,8999938964844;BR-116/BA;Norte;Colisão Traseira;2;2;;;;;1
20/12/2010;12:56:00;96;sem vítima;446;BR-116/BA;Sul;Colisão Traseira;2;2;;;;;1
20/12/2010;03:25:00;24;sem vítima;484,6000061035156;BR-116/BA;Norte;Colisão Traseira;1;8;;;;;1
20/12/2010;04:19:00;31;sem vítima;509,3999938964844;BR-116/BA;Norte;Saida de Pista;1;1;;;;;1
20/12/2010;05:42:00;35;com vítima;529,4000244140625;BR-116/BA;Sul;Colisão Lateral;1;4;1;;1;;2
20/12/2010;08:32:00;54;com vítima;765,7000122070312;BR-116/BA;Norte;Colisão Lateral;2;2;3;;1;;2
20/12/2010;14:51:00;125;com vítima;543,0999755859375;BR-324/BA;Oeste;Tombamento;1;0;1;;;;1
20/12/2010;13:19:00;106;sem vítima;608;BR-324/BA;Oeste;Colisão Lateral;1;2;;;;;1
21/12/2010;10:27:00;70;com vítima;474,20001220703125;BR-116/BA;Norte;Tombamento;1;0;;1;;;2
21/12/2010;23:04:00;162;sem vítima;548,5999755859375;BR-116/BA;Sul;Tombamento;1;2;;;;;1
21/12/2010;21:34:00;154;com vítima;891,4000244140625;BR-116/BA;Norte;Colisão Frontal;1;2;2;;1;;2
21/12/2010;15:55:00;110;com vítima;907,5;BR-116/BA;Sul;Colisão Traseira;1;1;;2;;1;3
21/12/2010;12:54:00;86;com vítima;613,2999877929688;BR-324/BA;Oeste;Tombamento;2;1;1;;;;1
23/12/2010;23:52:00;211;com vítima;628,7999877929688;BR-116/BA;Norte;Colisão Frontal;1;1;;;;2;3
23/12/2010;22:29:00;193;com vítima;651,2000122070312;BR-116/BA;Sul;Colisão Traseira;1;2;1;;;;1
23/12/2010;18:19:00;144;com vítima;733,0020141601562;BR-116/BA;Sul;Colisão Lateral;1;1;2;;;;1
24/12/2010;06:04:00;30;sem vítima;592,9000244140625;BR-116/BA;Norte;Colisão Traseira;1;7;;;;;1
25/12/2010;15:44:00;128;sem vítima;9;BR-116/BA - Cont VC;;Colisão Traseira;1;2;;;;;1
25/12/2010;14:05:00;115;com vítima;910,2000122070312;BR-116/BA;Norte;Tombamento;1;0;2;;;;1
26/12/2010;14:14:00;67;com vítima;29,600000381469727;BR-116/BA - Cont VC;;Tombamento;1;0;1;;;;1
26/12/2010;07:22:00;34;com vítima;506,3999938964844;BR-116/BA;Sul;Colisão Frontal;1;1;;;;1;3
26/12/2010;07:52:00;41;com vítima;910;BR-116/BA;Norte;Colisão Traseira;2;3;;;;2;3
27/12/2010;12:49:00;83;sem vítima;778,9000244140625;BR-116/BA;Sul;Colisão Traseira;1;3;;;;;1
28/12/2010;11:42:00;86;sem vítima;20;BR-116/BA - Cont VC;;Colisão Lateral;1;2;;;;;1
29/12/2010;12:17:00;75;com vítima;428,6000061035156;BR-116/BA;Norte;Colisão Traseira;1;1;2;;;;1
29/12/2010;06:23:00;28;com vítima;639,2999877929688;BR-116/BA;Sul;Saida de Pista;1;0;1;;;;1
29/12/2010;17:09:00;124;com vítima;533;BR-324/BA;Leste;Colisão Traseira;1;1;;1;;;2
29/12/2010;17:23:00;128;sem vítima;551;BR-324/BA;Leste;Colisão Lateral;1;6;;;;;1
30/12/2010;16:40:00;114;com vítima;18;BR-116/BA - Cont VC;;Colisão Lateral;1;0;4;;;;1
30/12/2010;16:29:00;112;sem vítima;612;BR-324/BA;Oeste;Tombamento;1;1;;;;;1
31/12/2010;05:32:00;20;sem vítima;568;BR-116/BA;Norte;Colisão Traseira;2;2;;;;;1
01/01/2011;03:53:00;16;com vítima;597;BR-116/BA;Norte;Tombamento;1;0;1;;;;1
02/01/2011;20:00:00;171;sem vítima;438,6000061035156;BR-116/BA;Sul;Colisão Traseira;1;2;;;;;1
02/01/2011;08:33:00;49;sem vítima;521,0999755859375;BR-116/BA;Sul;Colisão Lateral;1;2;;;;;1
02/01/2011;05:24:00;20;sem vítima;759;BR-116/BA;Norte;Colisão Traseira;2;2;;;;;1
03/01/2011;11:41:00;79;com vítima;591,4000244140625;BR-116/BA;Norte;Saida de Pista;1;1;1;;;;1
03/01/2011;07:10:00;54;sem vítima;925,5999755859375;BR-116/BA;Sul;Colisão Lateral;1;2;;;;;1
04/01/2011;17:10:00;132;sem vítima;595;BR-116/BA;Norte;Colisão Lateral;2;5;;;;;1
05/01/2011;17:24:00;118;sem vítima;430;BR-116/BA;Sul;Engavetamento;2;3;;;;;1
05/01/2011;07:09:00;30;sem vítima;449;BR-116/BA;Norte;Colisão Traseira;2;2;;;;;1
05/01/2011;16:15:00;109;sem vítima;911,0399780273438;BR-116/BA;Norte;Colisão Frontal;1;5;;;;;1
05/01/2011;14:35:00;98;sem vítima;527;BR-324/BA;Oeste;Colisão Traseira;1;4;;;;;1
07/01/2011;12:41:00;75;sem vítima;462;BR-116/BA;Norte;Colisão Traseira;2;3;;;;;1
07/01/2011;21:30:00;144;sem vítima;671,2000122070312;BR-116/BA;Sul;Atropelamento de Animal;1;1;;;;;1
07/01/2011;22:40:00;145;sem vítima;721;BR-116/BA;Norte;Colisão Traseira;2;2;;;;;1
07/01/2011;15:45:00;100;com vítima;853;BR-116/BA;Sul;Saida de Pista;1;2;1;1;1;;2
07/01/2011;13:40:00;84;sem vítima;548;BR-324/BA;Oeste;Colisão Traseira;1;4;;;;;1
08/01/2011;19:29:00;195;sem vítima;748;BR-116/BA;Norte;Engavetamento;3;7;;;;;1
08/01/2011;07:36:00;34;sem vítima;766,5999755859375;BR-116/BA;Norte;Colisão Lateral;1;4;;;;;1
08/01/2011;10:20:00;73;sem vítima;614,5;BR-324/BA;Leste;Engavetamento;1;9;;;;;1
09/01/2011;13:29:00;104;com vítima;604,4000244140625;BR-116/BA;Norte;Choque - Defensa, barreira ou "submarino";1;0;;;;1;3
09/01/2011;10:24:00;69;sem vítima;853,4000244140625;BR-116/BA;Sul;Engavetamento;2;7;;;;;1
09/01/2011;16:10:00;134;com vítima;871;BR-116/BA;Norte;Colisão Lateral;1;1;1;;;;1
10/01/2011;09:13:00;64;sem vítima;24,5;BR-116/BA - Cont VC;;Colisão Transversal;1;3;;;;;1
10/01/2011;09:23:00;65;sem vítima;467,29998779296875;BR-116/BA;Norte;Colisão Traseira;2;3;;;;;1
10/01/2011;07:01:00;43;sem vítima;581,4000244140625;BR-116/BA;Sul;Tombamento;1;1;;;;;1
10/01/2011;19:40:00;180;sem vítima;839,5999755859375;BR-116/BA;Sul;Colisão Traseira;2;3;;;;;1
10/01/2011;19:05:00;174;sem vítima;613,2999877929688;BR-324/BA;Leste;Colisão Lateral;1;2;;;;;1
10/01/2011;15:07:00;139;sem vítima;623,7999877929688;BR-324/BA;Leste;Engavetamento;2;5;;;;;1
11/01/2011;14:27:00;104;com vítima;448,8999938964844;BR-116/BA;Sul;Colisão Frontal;1;1;2;;;;1
11/01/2011;16:18:00;121;sem vítima;531,2999877929688;BR-324/BA;Oeste;Colisão Lateral;2;2;;;;;1
11/01/2011;11:25:00;77;sem vítima;622;BR-324/BA;Leste;Colisão Traseira;1;2;;;;;1
12/01/2011;07:25:00;42;com vítima;3;BR-116/BA - ContSuFS;;Colisão Traseira;1;2;1;;;;1
12/01/2011;10:04:00;76;sem vítima;511,1000061035156;BR-116/BA;Sul;Colisão Traseira;1;7;;;;;1
12/01/2011;16:34:00;133;sem vítima;598,2999877929688;BR-116/BA;Norte;Sequência;3;6;;;;;1
12/01/2011;11:32:00;90;sem vítima;805,2999877929688;BR-116/BA;Sul;Colisão Traseira;1;43;;;;;1
12/01/2011;03:16:00;14;sem vítima;573;BR-324/BA;Leste;Tombamento;1;1;;;;;1
13/01/2011;23:44:00;161;com vítima;870;BR-116/BA;Norte;Colisão Frontal;1;2;;;1;;2
14/01/2011;15:43:00;109;sem vítima;608,0999755859375;BR-324/BA;Oeste;Colisão Traseira;2;2;;;;;1
15/01/2011;00:58:00;8;com vítima;522,5999755859375;BR-116/BA;Norte;Colisão Frontal;1;1;;;;1;3
15/01/2011;13:14:00;102;sem vítima;589,3200073242188;BR-116/BA;Norte;Saida de Pista;1;1;;;;;1
15/01/2011;18:11:00;161;com vítima;726;BR-116/BA;Norte;Tombamento;1;48;2;1;;;2
15/01/2011;12:40:00;109;sem vítima;843,4000244140625;BR-116/BA;Norte;Colisão Frontal;1;2;;;;;1
15/01/2011;05:58:00;38;com vítima;880,0999755859375;BR-116/BA;Sul;Saida de Pista;2;1;;;1;;2
16/01/2011;18:55:00;172;com vítima;876,2999877929688;BR-116/BA;Norte;Colisão Frontal;2;0;;1;;2;3
17/01/2011;08:00:00;58;sem vítima;444,5;BR-116/BA;Norte;Colisão Traseira;2;4;;;;;1
17/01/2011;07:22:00;51;sem vítima;449,79998779296875;BR-116/BA;Norte;Colisão Lateral;1;3;;;;;1
17/01/2011;05:43:00;41;com vítima;616;BR-116/BA;Norte;Engavetamento;3;3;1;;1;;2
17/01/2011;18:13:00;149;sem vítima;611,7000122070312;BR-324/BA;Leste;Colisão Traseira;1;9;;;;;1
18/01/2011;16:48:00;128;sem vítima;2;BR-116/BA - Cont VC;;Colisão Traseira;1;6;;;;;1
18/01/2011;10:00:00;68;sem vítima;566,0079956054688;BR-324/BA;Leste;Colisão Traseira;2;2;;;;;1
18/01/2011;19:29:00;149;sem vítima;592;BR-324/BA;Oeste;Atropelamento de Animal;1;3;;;;;1
19/01/2011;08:31:00;30;com vítima;909,7000122070312;BR-116/BA;Norte;Colisão Traseira;2;1;1;;;;1
19/01/2011;11:51:00;48;com vítima;529;BR-324/BA;Oeste;Colisão Lateral;1;1;1;;;;1
20/01/2011;11:16:00;72;com vítima;633;BR-116/BA;Sul;Colisão Traseira;1;5;1;;;;1
20/01/2011;17:43:00;137;sem vítima;769;BR-116/BA;Sul;Colisão Lateral;1;5;;;;;1
20/01/2011;18:01:00;142;com vítima;523,1500244140625;BR-324/BA;Leste;Colisão Traseira;2;2;1;;;;1
20/01/2011;14:05:00;104;sem vítima;572,0999755859375;BR-324/BA;Oeste;Colisão Traseira;1;4;;;;;1
21/01/2011;16:45:00;114;sem vítima;661,9000244140625;BR-116/BA;Norte;Saida de Pista;1;3;;;;;1
21/01/2011;07:39:00;30;com vítima;667,2999877929688;BR-116/BA;Sul;Tombamento;1;0;1;;;;1
21/01/2011;12:09:00;67;com vítima;579,0999755859375;BR-324/BA;Oeste;Tombamento;1;1;;;1;;2
21/01/2011;15:52:00;96;sem vítima;616,7000122070312;BR-324/BA;Leste;Colisão Traseira;1;2;;;;;1
21/01/2011;18:31:00;122;sem vítima;623,5999755859375;BR-324/BA;Oeste;Colisão Lateral;1;2;;;;;1
22/01/2011;09:14:00;55;sem vítima;641,7999877929688;BR-116/BA;Norte;Saida de Pista;1;1;;;;;1
23/01/2011;02:07:00;9;sem vítima;432;BR-116/BA;Norte;Colisão Traseira;1;2;;;;;1
23/01/2011;11:05:00;69;sem vítima;437,20001220703125;BR-116/BA;Sul;Colisão Lateral;1;1;;;;;1
23/01/2011;19:31:00;146;com vítima;588,7760009765625;BR-116/BA;Norte;Saida de Pista;1;1;1;;;;1
23/01/2011;13:57:00;80;sem vítima;641;BR-116/BA;Norte;Colisão Traseira;2;2;;;;;1
23/01/2011;17:31:00;113;com vítima;654,5;BR-116/BA;Norte;Tombamento;1;0;1;;;;1
24/01/2011;14:46:00;110;sem vítima;691;BR-116/BA;Norte;Engavetamento;1;6;;;;;1
25/01/2011;10:50:00;64;sem vítima;568,2999877929688;BR-116/BA;Norte;Colisão Traseira;1;2;;;;;1
25/01/2011;17:15:00;106;sem vítima;520;BR-324/BA;Leste;Colisão Traseira;2;2;;;;;1
25/01/2011;14:32:00;87;sem vítima;623;BR-324/BA;Leste;Engavetamento;1;5;;;;;1
25/01/2011;10:47:00;59;sem vítima;626;BR-324/BA;Leste;Tombamento;1;1;;;;;1
26/01/2011;17:30:00;106;com vítima;726,0999755859375;BR-116/BA;Sul;Colisão Lateral;1;1;5;;;;1
26/01/2011;19:00:00;117;sem vítima;531;BR-324/BA;Leste;Colisão Lateral;1;2;;;;;1
26/01/2011;15:24:00;87;sem vítima;546;BR-324/BA;Leste;Sequência;2;6;;;;;1
26/01/2011;15:24:00;121;sem vítima;546;BR-324/BA;Leste;Tombamento;1;1;;;;;1
27/01/2011;18:50:00;127;sem vítima;29;BR-116/BA - Cont VC;;Colisão Traseira;1;1;;;;;1
27/01/2011;00:41:00;3;sem vítima;813,4000244140625;BR-116/BA;Norte;Tombamento;1;2;;;;;1
27/01/2011;10:34:00;51;com vítima;615,5;BR-324/BA;Leste;Engavetamento;2;2;1;2;;;2
29/01/2011;09:01:00;55;sem vítima;616,7000122070312;BR-116/BA;Sul;Colisão Traseira;1;8;;;;;1
29/01/2011;17:20:00;136;sem vítima;710;BR-116/BA;Norte;Tombamento;1;1;;;;;1
29/01/2011;09:33:00;62;sem vítima;790,5999755859375;BR-116/BA;Norte;Colisão Lateral;1;32;;;;;1
29/01/2011;05:29:00;27;com vítima;799,4000244140625;BR-116/BA;Sul;Tombamento;1;3;1;;1;;2
29/01/2011;12:02:00;88;sem vítima;519,4000244140625;BR-324/BA;Leste;Colisão Traseira;1;2;;;;;1
30/01/2011;17:15:00;128;sem vítima;495,3999938964844;BR-116/BA;Norte;Engavetamento;1;10;;;;;1
31/01/2011;03:51:00;22;sem vítima;582,5;BR-116/BA;Norte;Colisão Traseira;2;2;;;;;1
31/01/2011;13:11:00;109;com vítima;564;BR-324/BA;Oeste;Capotamento;1;0;2;;;;1
31/01/2011;16:15:00;128;com vítima;602;BR-324/BA;Leste;Colisão Traseira;1;30;12;1;;;2
01/02/2011;15:00:00;94;com vítima;719,2999877929688;BR-116/BA;Norte;Tombamento;1;0;;1;;;2
01/02/2011;10:28:00;50;sem vítima;519,0999755859375;BR-324/BA;Oeste;Colisão Traseira;1;2;;;;;1
01/02/2011;21:27:00;149;com vítima;623;BR-324/BA;Oeste;Choque - Objeto sobre a pista;1;2;2;;;;1
02/02/2011;17:16:00;128;com vítima;433,5;BR-116/BA;Sul;Colisão Frontal;1;1;2;;1;1;3
02/02/2011;08:07:00;35;sem vítima;644,9000244140625;BR-116/BA;Sul;Colisão Traseira;1;6;;;;;1
02/02/2011;08:50:00;54;com vítima;708;BR-116/BA;Sul;Colisão Traseira;1;0;2;;3;1;3
03/02/2011;21:50:00;172;sem vítima;7;BR-116/BA - ContSuFS;;Atropelamento de Animal;1;2;;;;;1
03/02/2011;15:17:00;111;com vítima;7,699999809265137;BR-116/BA - ContSuFS;;Colisão Lateral;1;1;1;;;;1
03/02/2011;08:30:00;55;sem vítima;530;BR-116/BA;Norte;Colisão Lateral;1;4;;;;;1
03/02/2011;07:36:00;47;sem vítima;817,9000244140625;BR-116/BA;Sul;Colisão Traseira;1;7;;;;;1
03/02/2011;00:27:00;2;sem vítima;553;BR-324/BA;Oeste;Saida de Pista;1;1;;;;;1
03/02/2011;17:36:00;125;sem vítima;581,2000122070312;BR-324/BA;Leste;Saida de Pista;1;1;;;;;1
03/02/2011;07:26:00;45;com vítima;626,2000122070312;BR-324/BA;Leste;Colisão Lateral;1;2;1;;;;1
04/02/2011;18:17:00;149;sem vítima;458;BR-116/BA;Sul;Colisão Traseira;1;2;;;;;1
04/02/2011;04:56:00;13;sem vítima;479,5;BR-116/BA;Sul;Saida de Pista;1;1;;;;;1
04/02/2011;20:17:00;171;sem vítima;587;BR-116/BA;Sul;Tombamento;1;1;;;;;1
04/02/2011;09:00:00;40;sem vítima;644;BR-116/BA;Norte;Saida de Pista;1;1;;;;;1
04/02/2011;10:06:00;51;sem vítima;521,7000122070312;BR-324/BA;Leste;Colisão Traseira;2;2;;;;;1
05/02/2011;15:35:00;110;com vítima;622,5;BR-116/BA;Sul;Colisão Lateral;1;1;;1;;;2
05/02/2011;08:23:00;35;sem vítima;611,7999877929688;BR-324/BA;Oeste;Colisão Lateral;1;3;;;;;1
05/02/2011;11:02:00;98;sem vítima;623,010009765625;BR-324/BA;Leste;Colisão Traseira;1;3;;;;;1
06/02/2011;10:57:00;73;sem vítima;7;BR-116/BA - ContSuFS;;Colisão Lateral;1;6;;;;;1
07/02/2011;21:10:00;150;sem vítima;491;BR-116/BA;Norte;Choque - Veiculo parado no acostamento;1;2;;;;;1
07/02/2011;10:37:00;71;sem vítima;506,3999938964844;BR-116/BA;Sul;Saida de Pista;1;1;;;;;1
07/02/2011;12:42:00;83;sem vítima;584,4000244140625;BR-116/BA;Norte;Colisão Lateral;2;2;;;;;1
07/02/2011;15:34:00;103;sem vítima;623,5999755859375;BR-324/BA;Oeste;Colisão Lateral;1;3;;;;;1
08/02/2011;10:19:00;71;com vítima;494;BR-116/BA;Norte;Colisão Lateral;2;1;2;;;;1
08/02/2011;21:11:00;144;sem vítima;502,29998779296875;BR-116/BA;Norte;Tombamento;1;1;;;;;1
09/02/2011;10:10:00;62;sem vítima;493,5;BR-116/BA;Sul;Colisão Traseira;2;2;;;;;1
10/02/2011;08:17:00;44;sem vítima;524;BR-324/BA;Leste;Colisão Lateral;1;2;;;;;1
10/02/2011;13:52:00;80;sem vítima;552;BR-324/BA;Oeste;Colisão Lateral;1;3;;;;;1
11/02/2011;17:34:00;128;com vítima;9,5;BR-116/BA - Cont VC;;Colisão Transversal;1;3;1;;;;1
11/02/2011;18:43:00;137;sem vítima;632,2000122070312;BR-116/BA;Norte;Colisão Lateral;1;2;;;;;1
11/02/2011;12:58:00;93;com vítima;795,7999877929688;BR-116/BA;Norte;Colisão Frontal;1;1;1;;;1;3
12/02/2011;14:12:00;88;sem vítima;528,4000244140625;BR-324/BA;Leste;Engavetamento;2;4;;;;;1
12/02/2011;06:30:00;38;com vítima;619;BR-324/BA;Leste;Colisão Frontal;1;1;1;;;;1
13/02/2011;08:47:00;46;com vítima;589,2999877929688;BR-116/BA;Norte;Colisão Frontal;2;0;;;;2;3
14/02/2011;17:26:00;126;sem vítima;15,300000190734863;BR-116/BA - Cont VC;;Colisão Transversal;2;2;;;;;1
14/02/2011;18:30:00;137;com vítima;24,5;BR-116/BA - Cont VC;;Tombamento;1;0;1;;;;1
14/02/2011;21:03:00;160;com vítima;445;BR-116/BA;Norte;Colisão Frontal;1;1;1;;;;1
14/02/2011;08:11:00;50;sem vítima;815;BR-116/BA;Norte;Colisão Traseira;2;2;;;;;1
14/02/2011;12:04:00;88;sem vítima;620;BR-324/BA;Oeste;Saida de Pista;1;1;;;;;1
15/02/2011;22:26:00;146;sem vítima;529,7999877929688;BR-116/BA;Norte;Objeto lançado contra veículo;1;2;;;;;1
15/02/2011;22:06:00;144;com vítima;540,7999877929688;BR-116/BA;Norte;Colisão Lateral;1;2;1;;;;1
15/02/2011;09:37:00;44;sem vítima;925,0499877929688;BR-116/BA;Sul;Colisão Traseira;1;4;;;;;1