data;horario;n_da_ocorrencia;tipo_de_ocorrencia;km;trecho;sentido;tipo_de_acidente;caminhao;ilesos;levemente_feridos;moderadamente_feridos;gravemente_feridos;mortos;3
16/02/2011;17:38:00;112;sem vítima;556;BR-116/BA;Norte;Engavetamento;4;4;;;;;1
16/02/2011;23:54:00;159;sem vítima;745,7999877929688;BR-116/BA;Sul;Saida de Pista;1;1;;;;;1
16/02/2011;18:00:00;118;sem vítima;905,9000244140625;BR-116/BA;Sul;Colisão Lateral;1;3;;;;;1
18/02/2011;20:48:00;144;com vítima;466,3999938964844;BR-116/BA;Sul;Colisão Frontal;3;2;;;;1;3
18/02/2011;15:09:00;104;com vítima;518;BR-324/BA;Oeste;Colisão Traseira;1;1;1;;;;1
18/02/2011;11:38:00;84;sem vítima;523;BR-324/BA;Oeste;Colisão Lateral;1;2;;;;;1
18/02/2011;23:57:00;166;sem vítima;537,4000244140625;BR-324/BA;Leste;Saida de Pista;1;1;;;;;1
18/02/2011;10:40:00;72;sem vítima;613;BR-324/BA;Oeste;Colisão Traseira;1;4;;;;;1
19/02/2011;17:17:00;100;com vítima;652,9000244140625;BR-116/BA;Norte;Tombamento;1;0;1;;;;1
19/02/2011;15:29:00;87;com vítima;790;BR-116/BA;Sul;Colisão Frontal;1;1;;;;5;3
20/02/2011;17:05:00;115;sem vítima;487;BR-116/BA;Norte;Colisão Traseira;2;2;;;;;1
21/02/2011;03:59:00;27;sem vítima;701,9000244140625;BR-116/BA;Norte;Saida de Pista;1;1;;;;;1
21/02/2011;08:03:00;52;sem vítima;779;BR-116/BA;Sul;Tombamento;1;1;;;;;1
22/02/2011;14:30:00;111;com vítima;668,4000244140625;BR-116/BA;Sul;Colisão Traseira;1;5;1;;;;1
22/02/2011;17:06:00;102;sem vítima;530,2000122070312;BR-324/BA;Oeste;Saida de Pista;1;2;;;;;1
23/02/2011;18:08:00;137;sem vítima;444,6000061035156;BR-116/BA;Sul;Engavetamento;2;11;;;;;1
24/02/2011;11:11:00;72;sem vítima;643,5;BR-116/BA;Norte;Colisão Lateral;3;4;;;;;1
24/02/2011;11:02:00;70;sem vítima;882;BR-116/BA;Norte;Saida de Pista;1;1;;;;;1
24/02/2011;07:51:00;40;sem vítima;609,0999755859375;BR-324/BA;Leste;Colisão Traseira;1;5;;;;;1
25/02/2011;08:18:00;40;sem vítima;534;BR-324/BA;Leste;Tombamento;1;1;;;;;1
26/02/2011;02:42:00;13;sem vítima;909,7999877929688;BR-116/BA;Sul;Colisão Traseira;2;2;;;;;1
26/02/2011;15:39:00;120;sem vítima;561,2999877929688;BR-324/BA;Oeste;Saida de Pista;1;1;;;;;1
27/02/2011;14:50:00;108;sem vítima;486,29998779296875;BR-116/BA;Sul;Tombamento;1;1;;;;;1
27/02/2011;16:43:00;118;com vítima;492,1000061035156;BR-116/BA;Sul;Colisão Lateral;1;3;1;;;;1
27/02/2011;08:57:00;52;sem vítima;514;BR-116/BA;Norte;Atropelamento de Animal;1;1;;;;;1
27/02/2011;20:57:00;166;sem vítima;604,4000244140625;BR-116/BA;Norte;Colisão Traseira;2;2;;;;;1
27/02/2011;03:42:00;22;com vítima;623;BR-116/BA;Norte;Tombamento;1;0;1;;;;1
27/02/2011;16:28:00;117;sem vítima;735;BR-116/BA;Sul;Colisão Traseira;1;2;;;;;1
27/02/2011;17:57:00;128;com vítima;768;BR-116/BA;Norte;Colisão Lateral;1;1;1;;;;1
28/02/2011;12:37:00;98;sem vítima;667,2000122070312;BR-116/BA;Sul;Choque - Objeto sobre a pista;1;3;;;;;1
28/02/2011;23:45:00;170;sem vítima;615;BR-324/BA;Leste;Colisão Lateral;2;2;;;;;1
28/02/2011;10:14:00;71;sem vítima;625;BR-324/BA;Leste;Saida de Pista;1;1;;;;;1
01/03/2011;14:32:00;111;com vítima;914,4000244140625;BR-116/BA;Sul;Colisão Lateral;1;1;1;;;;1
02/03/2011;19:09:00;151;com vítima;518,0999755859375;BR-116/BA;Norte;Colisão Transversal;1;1;1;;;;1
02/03/2011;16:56:00;134;com vítima;633,7000122070312;BR-116/BA;Sul;Tombamento;1;0;1;;;;1
02/03/2011;04:35:00;22;com vítima;681;BR-116/BA;Norte;Colisão Frontal;2;0;1;;;1;3
02/03/2011;05:05:00;29;sem vítima;889,5;BR-116/BA;Sul;Saida de Pista;1;2;;;;;1
04/03/2011;13:21:00;100;sem vítima;427;BR-116/BA;Norte;Colisão Traseira;2;2;;;;;1
04/03/2011;19:14:00;158;sem vítima;482;BR-116/BA;Sul;Tombamento;1;3;;;;;1
04/03/2011;16:44:00;139;sem vítima;698;BR-116/BA;Sul;Colisão Lateral;2;3;;;;;1
04/03/2011;02:13:00;21;com vítima;815,5;BR-116/BA;Sul;Colisão Traseira;1;1;1;;;;1
04/03/2011;19:28:00;164;sem vítima;546;BR-324/BA;Oeste;Colisão Traseira;1;2;;;;;1
04/03/2011;16:22:00;133;sem vítima;558;BR-324/BA;Oeste;Tombamento;1;1;;;;;1
05/03/2011;17:34:00;155;com vítima;711;BR-116/BA;Norte;Tombamento;1;4;1;;;;1
06/03/2011;19:14:00;145;com vítima;459,70001220703125;BR-116/BA;Norte;Colisão Lateral;1;3;1;;;;1
06/03/2011;01:53:00;18;sem vítima;543,0999755859375;BR-116/BA;Norte;Colisão Transversal;2;3;;;;;1
09/03/2011;19:28:00;217;com vítima;735;BR-116/BA;Sul;Tombamento;1;0;1;;;;1
09/03/2011;17:50:00;198;com vítima;539;BR-324/BA;Leste;Colisão Transversal;1;1;;1;;;2
09/03/2011;14:45:00;155;sem vítima;615;BR-324/BA;Leste;Colisão Traseira;1;2;;;;;1
10/03/2011;21:59:00;171;sem vítima;833,7999877929688;BR-116/BA;Norte;Saida de Pista;1;1;;;;;1
11/03/2011;06:41:00;16;sem vítima;909,5;BR-116/BA;Norte;Objeto lançado contra veículo;2;2;;;;;1
11/03/2011;10:42:00;53;sem vítima;574;BR-324/BA;Leste;Tombamento;1;1;;;;;1
13/03/2011;19:04:00;149;sem vítima;22,100000381469727;BR-116/BA - Cont VC;;Atropelamento de Animal;1;1;;;;;1
13/03/2011;09:49:00;61;sem vítima;448;BR-116/BA;Norte;Colisão Traseira;2;2;;;;;1
13/03/2011;14:28:00;107;sem vítima;505;BR-116/BA;Norte;Colisão Traseira;2;2;;;;;1
13/03/2011;17:10:00;134;sem vítima;757;BR-116/BA;Norte;Colisão Lateral;2;2;;;;;1
13/03/2011;10:04:00;64;sem vítima;759,7999877929688;BR-116/BA;Sul;Tombamento;1;1;;;;;1
13/03/2011;12:16:00;85;sem vítima;784,0999755859375;BR-116/BA;Sul;Colisão Traseira;3;4;;;;;1
13/03/2011;18:50:00;160;com vítima;925,0999755859375;BR-116/BA;Norte;Colisão Lateral;1;1;;1;;;2
13/03/2011;15:41:00;119;sem vítima;580;BR-324/BA;Leste;Saida de Pista;1;1;;;;;1
14/03/2011;20:41:00;154;sem vítima;3;BR-116/BA - ContSuFS;;Colisão Traseira;1;5;;;;;1
15/03/2011;11:59:00;90;sem vítima;7;BR-116/BA - ContSuFS;;Colisão Traseira;2;2;;;;;1
15/03/2011;11:42:00;81;sem vítima;478;BR-116/BA;Sul;Colisão Traseira;2;2;;;;;1
16/03/2011;07:18:00;41;sem vítima;445,80999755859375;BR-116/BA;Sul;Saida de Pista;1;1;;;;;1
17/03/2011;11:51:00;94;sem vítima;548,2999877929688;BR-116/BA;Sul;Tombamento;1;1;;;;;1
17/03/2011;02:02:00;14;sem vítima;566;BR-116/BA;Sul;Colisão Transversal;2;2;;;;;1
17/03/2011;03:15:00;21;sem vítima;877,5;BR-116/BA;Norte;Tombamento;1;1;;;;;1
17/03/2011;20:58:00;187;sem vítima;891,0999755859375;BR-116/BA;Sul;Saida de Pista;1;1;;;;;1
17/03/2011;18:08:00;158;sem vítima;542;BR-324/BA;Oeste;Colisão Traseira;2;2;;;;;1
18/03/2011;07:52:00;56;com vítima;931;BR-116/BA;Sul;Colisão Traseira;2;2;1;;;;1
18/03/2011;18:29:00;147;sem vítima;550;BR-324/BA;Oeste;Colisão Lateral;2;2;;;;;1
18/03/2011;12:08:00;85;sem vítima;604;BR-324/BA;Oeste;Colisão Traseira;1;2;;;;;1
19/03/2011;11:44:00;86;com vítima;877,9000244140625;BR-116/BA;Sul;Engavetamento;2;32;10;;;;1
19/03/2011;18:31:00;143;sem vítima;537,2000122070312;BR-324/BA;Leste;Colisão Lateral;1;3;;;;;1
20/03/2011;09:40:00;63;sem vítima;628,2000122070312;BR-116/BA;Norte;Saida de Pista;1;2;;;;;1
20/03/2011;20:46:00;172;sem vítima;888,0499877929688;BR-116/BA;Norte;Tombamento;1;1;;;;;1
21/03/2011;14:52:00;133;sem vítima;827,5;BR-116/BA;Norte;Colisão Lateral;1;3;;;;;1
21/03/2011;12:34:00;107;sem vítima;543;BR-324/BA;Oeste;Colisão Traseira;1;5;;;;;1
21/03/2011;18:28:00;175;sem vítima;565;BR-324/BA;Oeste;Colisão Lateral;1;3;;;;;1
22/03/2011;17:25:00;142;sem vítima;498,5;BR-116/BA;Norte;Engavetamento;3;3;;;;;1
22/03/2011;08:18:00;41;sem vítima;873;BR-116/BA;Norte;Colisão Traseira;1;4;;;;;1
22/03/2011;18:11:00;147;com vítima;521;BR-324/BA;Oeste;Colisão Lateral;1;1;2;1;;;2
22/03/2011;21:37:00;178;com vítima;573;BR-324/BA;Leste;Colisão Traseira;3;1;2;;;;1
22/03/2011;06:47:00;30;sem vítima;574;BR-324/BA;Leste;Saida de Pista;1;1;;;;;1
23/03/2011;08:14:00;39;com vítima;442,79998779296875;BR-116/BA;Norte;Tombamento;1;0;1;;;;1
23/03/2011;08:29:00;41;com vítima;448;BR-116/BA;Norte;Tombamento;1;0;1;;;;1
23/03/2011;05:47:00;20;com vítima;555,5999755859375;BR-116/BA;Norte;Tombamento;1;0;1;;;;1
23/03/2011;06:11:00;24;sem vítima;523,4000244140625;BR-324/BA;Oeste;Saida de Pista;1;1;;;;;1
23/03/2011;08:45:00;46;sem vítima;530;BR-324/BA;Oeste;Colisão Traseira;1;2;;;;;1
23/03/2011;06:08:00;23;sem vítima;621;BR-324/BA;Oeste;Saida de Pista;1;1;;;;;1
24/03/2011;12:12:00;73;com vítima;462;BR-116/BA;Sul;Colisão Traseira;1;1;1;;;;1
24/03/2011;22:12:00;163;sem vítima;522,4000244140625;BR-116/BA;Sul;Colisão Traseira;2;2;;;;;1
24/03/2011;04:18:00;16;com vítima;746;BR-116/BA;Sul;Colisão Lateral;2;1;1;;;;1
24/03/2011;10:45:00;64;sem vítima;761,0999755859375;BR-116/BA;Norte;Saida de Pista;1;1;;;;;1
24/03/2011;07:01:00;23;com vítima;910;BR-116/BA;Norte;Tombamento;1;0;1;;;;1
24/03/2011;10:12:00;59;sem vítima;587;BR-324/BA;Leste;Saida de Pista;1;1;;;;;1
25/03/2011;18:09:00;154;sem vítima;536;BR-116/BA;Norte;Colisão Traseira;2;2;;;;;1
26/03/2011;12:25:00;100;sem vítima;582;BR-116/BA;Sul;Saida de Pista;1;2;;;;;1
26/03/2011;22:55:00;183;sem vítima;849;BR-116/BA;Norte;Tombamento;1;1;;;;;1
26/03/2011;20:11:00;173;sem vítima;523;BR-324/BA;Oeste;Colisão Lateral;2;3;;;;;1
28/03/2011;21:49:00;169;com vítima;788,5;BR-116/BA;Sul;Colisão Frontal;2;2;1;;;1;3
28/03/2011;14:30:00;100;com vítima;620,2999877929688;BR-324/BA;Oeste;Colisão Traseira;1;2;1;;;;1
29/03/2011;22:56:00;173;sem vítima;20,100000381469727;BR-116/BA - Cont VC;;Atropelamento de Animal;1;1;;;;;1
29/03/2011;15:28:00;99;sem vítima;653;BR-116/BA;Sul;Colisão Lateral;2;2;;;;;1
29/03/2011;21:59:00;167;sem vítima;583,0999755859375;BR-324/BA;Oeste;Saida de Pista;1;2;;;;;1
30/03/2011;01:01:00;6;sem vítima;445,3999938964844;BR-116/BA;Norte;Colisão Lateral;2;4;;;;;1
30/03/2011;12:58:00;88;com vítima;585,5;BR-116/BA;Norte;Tombamento;1;0;;1;;;2
30/03/2011;10:18:00;62;com vítima;804,2999877929688;BR-116/BA;Norte;Colisão Frontal;1;1;;1;;;2
30/03/2011;08:03:00;39;com vítima;819,2000122070312;BR-116/BA;Norte;Colisão Lateral;1;5;1;;;;1
30/03/2011;02:11:00;15;sem vítima;538;BR-324/BA;Oeste;Atropelamento de Animal;1;1;;;;;1
31/03/2011;21:31:00;148;sem vítima;806,9000244140625;BR-116/BA;Sul;Saida de Pista;1;1;;;;;1
31/03/2011;05:55:00;32;sem vítima;548;BR-324/BA;Leste;Saida de Pista;1;1;;;;;1
31/03/2011;19:18:00;129;sem vítima;625;BR-324/BA;Leste;Colisão Traseira;1;5;;;;;1
01/04/2011;16:10:00;124;com vítima;594,5999755859375;BR-116/BA;Norte;Colisão Traseira;2;4;1;;;;1
01/04/2011;16:09:00;123;sem vítima;518;BR-324/BA;Oeste;Colisão Lateral;1;2;;;;;1
01/04/2011;17:41:00;145;com vítima;531,9000244140625;BR-324/BA;Leste;Colisão Traseira;1;2;1;;;;1
01/04/2011;17:59:00;146;sem vítima;532;BR-324/BA;Oeste;Saida de Pista;1;1;;;;;1
01/04/2011;08:46:00;43;sem vítima;612;BR-324/BA;Oeste;Colisão Traseira;1;2;;;;;1
02/04/2011;10:23:00;71;sem vítima;552;BR-324/BA;Oeste;Tombamento;1;2;;;;;1
02/04/2011;01:15:00;1;sem vítima;562,5;BR-324/BA;Oeste;Colisão Traseira;1;2;;;;;1
04/04/2011;17:21:00;144;sem vítima;468;BR-116/BA;Norte;Engavetamento;2;8;;;;;1
04/04/2011;08:00:00;60;sem vítima;495,5;BR-116/BA;Sul;Colisão Traseira;2;4;;;;;1
04/04/2011;16:19:00;136;com vítima;664;BR-116/BA;Sul;Colisão Lateral;1;0;3;;;;1
05/04/2011;14:25:00;107;sem vítima;438,79998779296875;BR-116/BA;Norte;Engavetamento;4;4;;;;;1
05/04/2011;09:33:00;58;sem vítima;447,70001220703125;BR-116/BA;Sul;Engavetamento;2;4;;;;;1
05/04/2011;03:19:00;14;sem vítima;581,5;BR-116/BA;Sul;Saida de Pista;1;1;;;;;1
05/04/2011;18:20:00;136;com vítima;653,2999877929688;BR-116/BA;Sul;Saida de Pista;1;0;;1;;;2
05/04/2011;03:14:00;13;sem vítima;670,2999877929688;BR-116/BA;Norte;Saida de Pista;1;2;;;;;1
05/04/2011;16:42:00;122;sem vítima;595;BR-324/BA;Oeste;Colisão Lateral;1;2;;;;;1
05/04/2011;11:54:00;90;com vítima;624,0999755859375;BR-324/BA;Oeste;Tombamento;1;6;1;;;;1
06/04/2011;17:09:00;109;com vítima;426,8999938964844;BR-116/BA;Sul;Colisão Traseira;2;1;1;;;;1
06/04/2011;14:11:00;90;com vítima;430,04998779296875;BR-116/BA;Sul;Tombamento;1;0;1;;;;1
06/04/2011;07:53:00;35;sem vítima;484,1000061035156;BR-116/BA;Norte;Colisão Traseira;2;2;;;;;1
07/04/2011;06:21:00;26;sem vítima;439,1000061035156;BR-116/BA;Norte;Colisão Traseira;2;3;;;;;1
07/04/2011;17:09:00;127;sem vítima;555;BR-116/BA;Norte;Colisão Traseira;2;2;;;;;1
07/04/2011;17:10:00;154;sem vítima;555,4000244140625;BR-116/BA;Sul;Colisão Traseira;2;2;;;;;1
07/04/2011;22:11:00;167;sem vítima;743;BR-116/BA;Norte;Saida de Pista;1;1;;;;;1
07/04/2011;14:33:00;101;sem vítima;523;BR-324/BA;Oeste;Colisão Traseira;1;3;;;;;1
07/04/2011;16:22:00;120;com vítima;564;BR-324/BA;Leste;Saida de Pista;1;0;1;;;;1
07/04/2011;09:38:00;60;sem vítima;618,5;BR-324/BA;Oeste;Colisão Lateral;1;2;;;;;1
08/04/2011;07:28:00;32;sem vítima;10;BR-116/BA - Cont VC;;Colisão Lateral;1;3;;;;;1
08/04/2011;16:37:00;106;com vítima;426,6000061035156;BR-116/BA;Sul;Atropelamento - Usuário;1;0;1;;;1;3
08/04/2011;13:17:00;74;com vítima;461;BR-116/BA;Sul;Colisão Traseira;1;1;1;;;;1
09/04/2011;16:52:00;108;com vítima;25;BR-116/BA - Cont VC;;Colisão Lateral;1;1;1;;;;1
09/04/2011;08:57:00;49;sem vítima;582;BR-116/BA;Sul;Tombamento;1;1;;;;;1
10/04/2011;20:12:00;155;sem vítima;594;BR-116/BA;Sul;Tombamento;1;1;;;;;1
10/04/2011;08:58:00;48;com vítima;658,2000122070312;BR-116/BA;Sul;Tombamento;1;0;1;;;;1
11/04/2011;13:32:00;90;sem vítima;462;BR-116/BA;Norte;Colisão Traseira;2;2;;;;;1
11/04/2011;08:55:00;50;com vítima;578,2999877929688;BR-324/BA;Leste;Colisão Traseira;2;2;;;1;;2
11/04/2011;16:41:00;112;com vítima;616,7999877929688;BR-324/BA;Leste;Capotamento;1;1;1;;;;1
12/04/2011;05:24:00;24;sem vítima;639,2999877929688;BR-116/BA;Norte;Tombamento;1;2;;;;;1
12/04/2011;14:05:00;100;sem vítima;523;BR-324/BA;Leste;Tombamento;1;1;;;;;1
12/04/2011;08:25:00;49;sem vítima;546,2000122070312;BR-324/BA;Leste;Saida de Pista;1;1;;;;;1
13/04/2011;08:25:00;37;sem vítima;640,2000122070312;BR-116/BA;Norte;Colisão Lateral;1;2;;;;;1
13/04/2011;15:40:00;92;com vítima;709,7999877929688;BR-116/BA;Norte;Atropelamento - Ciclista;1;1;;1;;;2
13/04/2011;23:49:00;139;sem vítima;818;BR-116/BA;Sul;Atropelamento de Animal;1;1;;;;;1
13/04/2011;10:15:00;52;sem vítima;612,7999877929688;BR-324/BA;Leste;Tombamento;1;4;;;;;1
14/04/2011;04:22:00;18;sem vítima;548,2999877929688;BR-116/BA;Sul;Tombamento;1;1;;;;;1
15/04/2011;10:42:00;62;sem vítima;828;BR-116/BA;Sul;Colisão Traseira;2;2;;;;;1
16/04/2011;13:26:00;85;com vítima;442,5;BR-116/BA;Norte;Colisão Lateral;3;3;;;1;;2
17/04/2011;07:06:00;34;sem vítima;479,29998779296875;BR-116/BA;Sul;Colisão Traseira;2;2;;;;;1
17/04/2011;17:28:00;111;sem vítima;567;BR-116/BA;Norte;Colisão Traseira;2;2;;;;;1
17/04/2011;18:06:00;122;sem vítima;585;BR-116/BA;Norte;Saida de Pista;1;1;;;;;1
17/04/2011;20:37:00;130;com vítima;599;BR-116/BA;Norte;Engavetamento;4;3;1;;;;1
17/04/2011;11:13:00;65;sem vítima;778;BR-116/BA;Sul;Colisão Lateral;1;2;;;;;1
18/04/2011;07:30:00;39;sem vítima;5;BR-116/BA - ContSuFS;;Colisão Lateral;1;3;;;;;1
18/04/2011;18:37:00;170;sem vítima;459;BR-116/BA;Sul;Colisão Traseira;2;3;;;;;1
18/04/2011;07:01:00;32;com vítima;761;BR-116/BA;Norte;Sequência;1;2;1;;;;1
18/04/2011;18:28:00;167;com vítima;616;BR-324/BA;Oeste;Colisão Traseira;1;1;2;;;;1
19/04/2011;17:44:00;151;com vítima;3;BR-116/BA - ContSuFS;;Colisão Lateral;1;1;1;;;;1
19/04/2011;03:29:00;14;sem vítima;561;BR-324/BA;Leste;Choque - Defensa, barreira ou "submarino";1;1;;;;;1
19/04/2011;17:51:00;152;sem vítima;595;BR-324/BA;Oeste;Colisão Transversal;1;2;;;;;1
19/04/2011;10:27:00;77;sem vítima;599,0499877929688;BR-324/BA;Oeste;Colisão Lateral;1;2;;;;;1
20/04/2011;04:20:00;20;sem vítima;602,5;BR-116/BA;Norte;Tombamento;1;1;;;;;1
20/04/2011;18:02:00;133;sem vítima;526;BR-324/BA;Leste;Colisão Traseira;1;3;;;;;1
20/04/2011;10:00:00;52;com vítima;557,7999877929688;BR-324/BA;Leste;Tombamento;1;0;1;;;;1
20/04/2011;18:35:00;142;com vítima;620,5;BR-324/BA;Leste;Colisão Traseira;1;25;1;;;;1
21/04/2011;03:14:00;23;sem vítima;456,1000061035156;BR-116/BA;Norte;Atropelamento de Animal;1;1;;;;;1
21/04/2011;15:53:00;142;sem vítima;490;BR-116/BA;Norte;Colisão Frontal;1;5;;;;;1
21/04/2011;16:09:00;145;com vítima;642,7000122070312;BR-116/BA;Norte;Colisão Traseira;2;20;1;1;;;2
21/04/2011;10:32:00;84;com vítima;589;BR-324/BA;Oeste;Colisão Lateral;1;2;;;;2;3
22/04/2011;07:34:00;49;sem vítima;561,5;BR-116/BA;Sul;Colisão Traseira;1;2;;;;;1
24/04/2011;00:08:00;1;sem vítima;2;BR-116/BA - ContSuFS;;Colisão Traseira;2;2;;;;;1
24/04/2011;21:51:00;189;sem vítima;433,6000061035156;BR-116/BA;Norte;Tombamento;1;1;;;;;1
24/04/2011;05:40:00;44;com vítima;449,3999938964844;BR-116/BA;Norte;Colisão Frontal;1;1;;;;2;3
25/04/2011;04:12:00;18;com vítima;462;BR-116/BA;Norte;Colisão Transversal;1;1;3;;;;1
25/04/2011;14:35:00;107;sem vítima;548;BR-324/BA;Oeste;Colisão Lateral;1;2;;;;;1
25/04/2011;01:30:00;10;com vítima;595,0999755859375;BR-324/BA;Leste;Colisão Traseira;1;2;2;2;1;1;3
27/04/2011;03:17:00;9;com vítima;594,5;BR-116/BA;Sul;Tombamento;1;0;;1;;1;3
28/04/2011;11:08:00;45;com vítima;584;BR-116/BA;Sul;Colisão Frontal;3;3;1;;;;1
28/04/2011;12:48:00;56;sem vítima;592;BR-324/BA;Leste;Colisão Traseira;1;7;;;;;1
28/04/2011;17:18:00;95;com vítima;615,0999755859375;BR-324/BA;Leste;Engavetamento;1;2;1;;;;1
29/04/2011;06:08:00;18;sem vítima;527,7000122070312;BR-116/BA;Norte;Engavetamento;3;3;;;;;1
29/04/2011;00:46:00;3;sem vítima;644;BR-116/BA;Norte;Saida de Pista;1;2;;;;;1
29/04/2011;07:31:00;27;sem vítima;736;BR-116/BA;Norte;Saida de Pista;1;1;;;;;1
29/04/2011;21:44:00;133;sem vítima;817,4000244140625;BR-116/BA;Sul;Colisão Traseira;1;3;;;;;1
29/04/2011;14:55:00;82;sem vítima;583;BR-324/BA;Leste;Saida de Pista;1;2;;;;;1
29/04/2011;13:31:00;73;sem vítima;614;BR-324/BA;Leste;Saida de Pista;1;1;;;;;1
30/04/2011;16:18:00;98;com vítima;427;BR-116/BA;Sul;Atropelamento - Outros;1;4;;;1;1;3
30/04/2011;14:49:00;88;sem vítima;439;BR-116/BA;Sul;Colisão Traseira;1;2;;;;;1
30/04/2011;15:33:00;93;sem vítima;641;BR-116/BA;Norte;Colisão Lateral;3;3;;;;;1
30/04/2011;11:56:00;71;com vítima;551;BR-324/BA;Leste;Engavetamento;1;7;1;;;;1
30/04/2011;16:05:00;97;com vítima;622;BR-324/BA;Oeste;Saida de Pista;1;2;1;;;;1
01/05/2011;08:34:00;32;sem vítima;542,2999877929688;BR-324/BA;Oeste;Atropelamento de Animal;1;1;;;;;1
02/05/2011;13:48:00;89;sem vítima;581;BR-116/BA;Sul;Tombamento;1;1;;;;;1
02/05/2011;05:16:00;20;sem vítima;859;BR-116/BA;Sul;Saida de Pista;2;2;;;;;1
02/05/2011;04:17:00;18;com vítima;574,2999877929688;BR-324/BA;Oeste;Saida de Pista;1;1;1;;;;1
03/05/2011;12:54:00;73;sem vítima;478;BR-116/BA;Sul;Colisão Traseira;1;8;;;;;1
03/05/2011;00:25:00;2;sem vítima;570;BR-116/BA;Sul;Colisão Lateral;2;3;;;;;1
03/05/2011;16:36:00;103;com vítima;521,0999755859375;BR-324/BA;Oeste;Saida de Pista;1;0;1;;;;1
04/05/2011;17:00:00;108;sem vítima;642,2000122070312;BR-116/BA;Norte;Colisão Transversal;1;4;;;;;1
04/05/2011;02:13:00;9;com vítima;522,9000244140625;BR-324/BA;Oeste;Tombamento;1;0;1;;;;1
04/05/2011;11:03:00;62;sem vítima;574;BR-324/BA;Leste;Saida de Pista;1;1;;;;;1
04/05/2011;11:36:00;66;sem vítima;611;BR-324/BA;Leste;Colisão Traseira;1;2;;;;;1
04/05/2011;14:41:00;93;sem vítima;612;BR-324/BA;Oeste;Colisão Lateral;2;2;;;;;1
05/05/2011;14:32:00;92;sem vítima;485,29998779296875;BR-116/BA;Norte;Engavetamento;3;3;;;;;1
05/05/2011;15:32:00;99;com vítima;632;BR-116/BA;Sul;Colisão Frontal;1;1;;;1;;2
06/05/2011;20:29:00;149;sem vítima;495;BR-116/BA;Sul;Colisão Traseira;2;2;;;;;1
06/05/2011;15:16:00;97;com vítima;817,4000244140625;BR-116/BA;Sul;Colisão Lateral;1;1;1;;;;1
06/05/2011;17:51:00;130;sem vítima;518,4000244140625;BR-324/BA;Oeste;Colisão Lateral;1;27;;;;;1
06/05/2011;08:43:00;37;sem vítima;534;BR-324/BA;Leste;Tombamento;1;1;;;;;1
07/05/2011;18:02:00;123;sem vítima;463,29998779296875;BR-116/BA;Norte;Colisão Lateral;2;6;;;;;1
07/05/2011;05:52:00;23;com vítima;562,9000244140625;BR-116/BA;Sul;Capotamento;1;1;4;;;;1
08/05/2011;06:46:00;33;sem vítima;566,4000244140625;BR-116/BA;Norte;Colisão Lateral;1;2;;;;;1
09/05/2011;18:33:00;176;sem vítima;456,5;BR-116/BA;Norte;Colisão Frontal;2;2;;;;;1
09/05/2011;00:52:00;5;com vítima;473,29998779296875;BR-116/BA;Norte;Colisão Frontal;2;0;;2;;1;3
09/05/2011;06:50:00;41;sem vítima;484,20001220703125;BR-116/BA;Norte;Saida de Pista;1;1;;;;;1
09/05/2011;19:48:00;192;sem vítima;606;BR-116/BA;Norte;Colisão Lateral;2;4;;;;;1
09/05/2011;14:08:00;125;sem vítima;684,5;BR-116/BA;Sul;Sequência;1;6;;;;;1
10/05/2011;09:21:00;41;com vítima;9;BR-116/BA - Cont VC;;Colisão Transversal;1;1;2;;;;1
10/05/2011;09:43:00;46;sem vítima;569;BR-116/BA;Sul;Tombamento;1;1;;;;;1
10/05/2011;21:05:00;147;com vítima;874,5;BR-116/BA;Norte;Saida de Pista;1;0;;1;;;2
10/05/2011;14:59:00;93;com vítima;583;BR-324/BA;Oeste;Atropelamento - Funcionário;1;0;2;;1;1;3
11/05/2011;11:37:00;60;com vítima;5,5;BR-116/BA - ContSuFS;;Tombamento;1;0;1;;;;1
11/05/2011;18:48:00;135;sem vítima;581,2999877929688;BR-116/BA;Norte;Tombamento;1;1;;;;;1
11/05/2011;10:48:00;51;sem vítima;604,2999877929688;BR-116/BA;Norte;Colisão Traseira;2;2;;;;;1
11/05/2011;13:35:00;83;sem vítima;847,0499877929688;BR-116/BA;Norte;Tombamento;1;1;;;;;1
11/05/2011;11:02:00;54;com vítima;594;BR-324/BA;Oeste;Colisão Traseira;2;1;2;;;;1
12/05/2011;05:00:00;26;sem vítima;29,600000381469727;BR-116/BA - Cont VC;;Tombamento;1;1;;;;;1
13/05/2011;07:34:00;32;com vítima;433,5;BR-116/BA;Norte;Colisão Frontal;1;1;;;;1;3
13/05/2011;15:39:00;99;com vítima;544,7000122070312;BR-116/BA;Sul;Atropelamento de Pedestre;1;1;;;;1;3