data;horario;n_da_ocorrencia;tipo_de_ocorrencia;km;trecho;sentido;tipo_de_acidente;caminhao;ilesos;levemente_feridos;moderadamente_feridos;gravemente_feridos;mortos;3
13/01/2012;23:16:00;221;com vítima;29;BR-116/BA - Cont VC;;Tombamento;1;0;3;;;;1
13/01/2012;16:41:00;152;sem vítima;618,1;BR-324/BA;Leste;Colisão Traseira;1;2;;;;;1
13/01/2012;15:03:00;124;com vítima;900,5;BR-116/BA;Norte;Colisão Traseira;1;2;1;;;;1
14/01/2012;09:16:00;61;com vítima;15,4;BR-116/BA - Cont VC;;Tombamento;1;0;1;;;;1
14/01/2012;09:22:00;63;sem vítima;557;BR-324/BA;Oeste;Colisão Traseira;1;2;;;;;1
14/01/2012;01:13:00;8;sem vítima;580;BR-324/BA;Oeste;Tombamento;1;2;;;;;1
14/01/2012;20:43:00;179;sem vítima;815;BR-116/BA;Norte;Colisão Traseira;1;2;;;;;1
15/01/2012;20:30:00;172;com vítima;543;BR-116/BA;Norte;Colisão Transversal;1;3;1;1;;1;3
15/01/2012;09:30:00;53;sem vítima;594;BR-116/BA;Sul;Colisão Lateral;1;5;;;;;1
16/01/2012;20:15:00;211;sem vítima;3;BR-116/BA - ContSuFS;;Saida de Pista;1;2;;;;;1
16/01/2012;08:53:00;61;com vítima;551;BR-324/BA;Leste;Colisão Traseira;1;1;;;;1;3
16/01/2012;13:57:00;127;sem vítima;574;BR-324/BA;Oeste;Colisão Traseira;1;2;;;;;1
16/01/2012;15:31:00;151;com vítima;578,2;BR-324/BA;Oeste;Engavetamento;2;3;1;;;;1
16/01/2012;15:41:00;155;sem vítima;623,8;BR-324/BA;Oeste;Colisão Lateral;1;3;;;;;1
17/01/2012;08:10:00;38;sem vítima;523;BR-324/BA;Leste;Colisão Lateral;1;2;;;;;1
17/01/2012;17:03:00;149;sem vítima;548,8;BR-324/BA;Oeste;Colisão Traseira;1;2;;;;;1
17/01/2012;12:52:00;92;sem vítima;549;BR-324/BA;Leste;Colisão Lateral;1;2;;;;;1
17/01/2012;16:45:00;141;sem vítima;549;BR-324/BA;Oeste;Colisão Lateral;1;2;;;;;1
17/01/2012;17:15:00;146;com vítima;578,2;BR-324/BA;Oeste;Colisão Traseira;2;1;1;;;;1
17/01/2012;11:16:00;71;sem vítima;648;BR-116/BA;Sul;Colisão Traseira;2;2;;;;;1
17/01/2012;02:52:00;11;sem vítima;708;BR-116/BA;Sul;Atropelamento de Animal;1;1;;;;;1
17/01/2012;17:08:00;145;sem vítima;922,2;BR-116/BA;Sul;Saida de Pista;1;2;;;;;1
18/01/2012;13:58:00;99;sem vítima;526;BR-324/BA;Leste;Colisão Traseira;1;2;;;;;1
18/01/2012;02:08:00;12;com vítima;733,3;BR-116/BA;Sul;Colisão Traseira;1;2;1;;;;1
18/01/2012;04:38:00;20;sem vítima;902;BR-116/BA;Norte;Atropelamento de Animal;1;1;;;;;1
19/01/2012;10:56:00;71;sem vítima;526;BR-324/BA;Leste;Engavetamento;1;5;;;;;1
19/01/2012;20:24:00;178;com vítima;454;BR-116/BA;Sul;Tombamento;1;1;1;;;;1
19/01/2012;18:14:00;148;sem vítima;608,6;BR-324/BA;Leste;Colisão Traseira;1;2;;;;;1
19/01/2012;15:46:00;123;sem vítima;632,2;BR-116/BA;Norte;Colisão Traseira;1;2;;;;;1
20/01/2012;20:10:00;192;sem vítima;2;BR-116/BA - ContSuFS;;Colisão Traseira;2;2;;;;;1
20/01/2012;10:17:00;73;sem vítima;521;BR-324/BA;Leste;Colisão Lateral;1;3;;;;;1
20/01/2012;19:22:00;187;sem vítima;540;BR-324/BA;Oeste;Colisão Traseira;1;12;;;;;1
20/01/2012;18:17:00;169;sem vítima;551;BR-324/BA;Oeste;Colisão Traseira;1;4;;;;;1
20/01/2012;19:42:00;190;sem vítima;482;BR-116/BA;Norte;Colisão Traseira;2;2;;;;;1
20/01/2012;08:07:00;47;sem vítima;614,9;BR-324/BA;Leste;Saida de Pista;1;1;;;;;1
20/01/2012;10:09:00;70;sem vítima;614,9;BR-324/BA;Leste;Colisão Traseira;1;3;;;;;1
20/01/2012;13:31:00;100;sem vítima;531;BR-116/BA;Norte;Saida de Pista;1;1;;;;;1
20/01/2012;16:28:00;146;com vítima;602,02;BR-116/BA;Sul;Colisão Frontal;2;2;2;;;;1
20/01/2012;13:58:00;111;sem vítima;773;BR-116/BA;Norte;Colisão Traseira;1;2;;;;;1
21/01/2012;12:26:00;106;sem vítima;15,4;BR-116/BA - Cont VC;;Colisão Lateral;1;3;;;;;1
21/01/2012;07:18:00;40;com vítima;446;BR-116/BA;Sul;Engavetamento;1;6;1;;;;1
21/01/2012;10:53:00;92;com vítima;672;BR-116/BA;Norte;Colisão Frontal;2;0;2;;;;1
22/01/2012;16:04:00;113;sem vítima;506;BR-116/BA;Sul;Colisão Traseira;2;5;;;;;1
23/01/2012;11:27:00;111;sem vítima;594;BR-324/BA;Leste;Colisão Lateral;1;6;;;;;1
23/01/2012;15:46:00;156;sem vítima;612,4;BR-324/BA;Oeste;Engavetamento;1;5;;;;;1
23/01/2012;07:30:00;51;sem vítima;619;BR-324/BA;Leste;Engavetamento;1;8;;;;;1
23/01/2012;01:44:00;9;com vítima;570;BR-116/BA;Norte;Tombamento;1;0;;;;1;3
23/01/2012;19:10:00;205;sem vítima;910;BR-116/BA;Norte;Colisão Traseira;2;2;;;;;1
24/01/2012;14:28:00;94;sem vítima;5,2;BR-116/BA - ContSuFS;;Colisão Transversal;2;2;;;;;1
24/01/2012;16:03:00;115;com vítima;439,2;BR-116/BA;Sul;Tombamento;1;0;;1;;;2
24/01/2012;16:58:00;128;sem vítima;523,2;BR-324/BA;Leste;Colisão Lateral;1;5;;;;;1
24/01/2012;09:26:00;33;sem vítima;562,05;BR-324/BA;Oeste;Tombamento;1;1;;;;;1
24/01/2012;10:46:00;49;sem vítima;618;BR-324/BA;Oeste;Colisão Lateral;1;3;;;;;1
25/01/2012;06:17:00;16;sem vítima;551,1;BR-324/BA;Leste;Colisão Traseira;2;2;;;;;1
25/01/2012;08:07:00;40;sem vítima;619,8;BR-324/BA;Leste;Colisão Traseira;2;2;;;;;1
26/01/2012;08:31:00;61;sem vítima;615;BR-324/BA;Oeste;Engavetamento;1;7;;;;;1
26/01/2012;08:13:00;52;sem vítima;628;BR-116/BA;Norte;Colisão Traseira;2;2;;;;;1
27/01/2012;17:00:00;176;sem vítima;441,2;BR-116/BA;Sul;Engavetamento;2;3;;;;;1
27/01/2012;16:39:00;161;sem vítima;442,5;BR-116/BA;Sul;Colisão Traseira;1;2;;;;;1
27/01/2012;18:28:00;182;sem vítima;447,4;BR-116/BA;Sul;Colisão Traseira;2;2;;;;;1
27/01/2012;16:25:00;154;sem vítima;616;BR-324/BA;Leste;Colisão Lateral;2;2;;;;;1
27/01/2012;09:33:00;77;sem vítima;620;BR-324/BA;Oeste;Colisão Lateral;1;4;;;;;1
27/01/2012;20:16:00;207;sem vítima;681;BR-116/BA;Norte;Colisão Lateral;1;3;;;;;1
27/01/2012;15:01:00;130;sem vítima;793,5;BR-116/BA;Sul;Colisão Lateral;1;2;;;;;1
27/01/2012;04:23:00;15;sem vítima;794;BR-116/BA;Sul;Tombamento;1;1;;;;;1
28/01/2012;06:52:00;28;sem vítima;551;BR-324/BA;Leste;Choque Contra Objeto Fixo;1;1;;;;;1
28/01/2012;06:29:00;24;sem vítima;549,4;BR-116/BA;Sul;Tombamento;1;1;;;;;1
29/01/2012;18:29:00;160;com vítima;452;BR-116/BA;Sul;Colisão Lateral;1;1;;;2;;2
29/01/2012;23:18:00;210;sem vítima;468;BR-116/BA;Norte;Colisão Traseira;2;2;;;;;1
29/01/2012;20:17:00;177;sem vítima;593,1;BR-116/BA;Sul;Colisão Lateral;1;4;;;;;1
29/01/2012;12:06:00;99;com vítima;702;BR-116/BA;Sul;Sequência;4;10;1;;;;1
29/01/2012;21:33:00;192;sem vítima;829,6;BR-116/BA;Sul;Colisão Traseira;2;2;;;;;1
29/01/2012;11:52:00;97;sem vítima;859;BR-116/BA;Sul;Colisão Lateral;1;2;;;;;1
30/01/2012;15:25:00;136;sem vítima;606;BR-324/BA;Leste;Colisão Lateral;1;3;;;;;1
30/01/2012;18:18:00;168;com vítima;779,3;BR-116/BA;Sul;Colisão Transversal;1;2;1;;;;1
31/01/2012;07:35:00;27;com vítima;468,8;BR-116/BA;Norte;Atropelamento de Pedestre;1;0;2;;;;1
31/01/2012;18:46:00;146;sem vítima;635,5;BR-116/BA;Sul;Colisão Traseira;1;2;;;;;1
31/01/2012;01:25:00;4;sem vítima;669;BR-116/BA;Sul;Tombamento;1;1;;;;;1
31/01/2012;17:42:00;138;com vítima;687,2;BR-116/BA;Norte;Colisão Frontal;1;1;1;;;;1
01/02/2012;10:34:00;81;sem vítima;599;BR-324/BA;Oeste;Colisão Lateral;1;4;;;;;1
01/02/2012;11:25:00;101;sem vítima;599;BR-324/BA;Oeste;Colisão Lateral;1;3;;;;;1
02/02/2012;18:25:00;175;sem vítima;434;BR-116/BA;Norte;Colisão Lateral;1;2;;;;;1
02/02/2012;17:43:00;164;sem vítima;620,6;BR-324/BA;Leste;Saida de Pista;1;1;;;;;1
03/02/2012;10:16:00;76;sem vítima;8;BR-116/BA - ContSuFS;;Colisão Traseira;2;2;;;;;1
03/02/2012;17:06:00;139;com vítima;15;BR-116/BA - Cont VC;;Colisão Frontal;1;5;2;;;;1
03/02/2012;09:52:00;67;com vítima;473,6;BR-116/BA;Sul;Colisão Traseira;2;2;3;;;1;3
03/02/2012;05:51:00;22;com vítima;502,2;BR-116/BA;Sul;Colisão Lateral;1;1;2;2;;;2
03/02/2012;10:14:00;73;sem vítima;604;BR-324/BA;Oeste;Colisão Traseira;1;2;;;;;1
04/02/2012;17:58:00;186;com vítima;567,05;BR-116/BA;Sul;Colisão Transversal;2;1;1;;;;1
04/02/2012;13:16:00;142;com vítima;702;BR-116/BA;Norte;Colisão Transversal;1;1;1;;;;1
04/02/2012;02:19:00;19;sem vítima;862,7;BR-116/BA;Norte;Atropelamento de Animal;1;1;;;;;1
04/02/2012;17:21:00;179;sem vítima;918,5;BR-116/BA;Norte;Saida de Pista;1;1;;;;;1
05/02/2012;00:48:00;6;sem vítima;441;BR-116/BA;Norte;Saida de Pista;1;1;;;;;1
05/02/2012;09:33:00;72;sem vítima;637,1;BR-116/BA;Norte;Colisão Traseira;2;4;;;;;1
05/02/2012;09:21:00;70;sem vítima;696,4;BR-116/BA;Sul;Colisão Lateral;1;3;;;;;1
05/02/2012;20:49:00;210;com vítima;716;BR-116/BA;Sul;Tombamento;1;0;1;;;;1
05/02/2012;10:29:00;84;sem vítima;904,7;BR-116/BA;Norte;Colisão Traseira;1;4;;;;;1
06/02/2012;10:00:00;96;com vítima;560;BR-324/BA;Oeste;Colisão Lateral;1;5;2;;;;1
06/02/2012;11:27:00;119;sem vítima;605,3;BR-324/BA;Leste;Colisão Traseira;1;6;;;;;1
06/02/2012;07:43:00;61;sem vítima;619;BR-324/BA;Leste;Colisão Traseira;1;4;;;;;1
06/02/2012;06:43:00;38;com vítima;619;BR-116/BA;Sul;Tombamento;1;0;1;;;;1
07/02/2012;18:15:00;174;sem vítima;625,4;BR-324/BA;Leste;Tombamento;1;1;;;;;1
07/02/2012;16:55:00;158;com vítima;585,6;BR-116/BA;Norte;Saida de Pista;1;0;1;;;;1
07/02/2012;16:33:00;149;sem vítima;734,5;BR-116/BA;Norte;Colisão Traseira;2;2;;;;;1
08/02/2012;17:33:00;165;com vítima;530,1;BR-324/BA;Oeste;Colisão Lateral;1;1;1;;;;1
08/02/2012;10:01:00;82;sem vítima;451,8;BR-116/BA;Norte;Colisão Traseira;2;2;;;;;1
08/02/2012;07:25:00;40;sem vítima;452;BR-116/BA;Norte;Colisão Traseira;2;3;;;;;1
09/02/2012;13:38:00;146;sem vítima;518;BR-324/BA;Oeste;Colisão Lateral;1;2;;;;;1
09/02/2012;00:16:00;3;sem vítima;448,8;BR-116/BA;Sul;Colisão Lateral;1;2;;;;;1
09/02/2012;22:56:00;259;sem vítima;579;BR-324/BA;Leste;Tombamento;1;1;;;;;1
09/02/2012;17:34:00;208;sem vítima;650,8;BR-116/BA;Norte;Colisão Traseira;2;2;;;;;1
09/02/2012;00:58:00;6;sem vítima;855,2;BR-116/BA;Norte;Colisão Lateral;1;2;;;;;1
10/02/2012;06:45:00;25;sem vítima;2;BR-116/BA - ContSuFS;;Colisão Lateral;2;2;;;;;1
10/02/2012;11:21:00;103;sem vítima;456;BR-116/BA;Sul;Colisão Traseira;2;2;;;;;1
10/02/2012;08:50:00;63;sem vítima;599;BR-324/BA;Leste;Colisão Traseira;1;3;;;;;1
10/02/2012;22:29:00;250;com vítima;618,2;BR-324/BA;Oeste;Colisão Traseira;1;4;;3;4;3;3
10/02/2012;20:06:00;228;sem vítima;642;BR-116/BA;Sul;Tombamento;1;1;;;;;1
10/02/2012;16:51:00;183;sem vítima;674;BR-116/BA;Norte;Colisão Lateral;1;3;;;;;1
11/02/2012;21:24:00;214;com vítima;426,2;BR-116/BA;Sul;Tombamento;1;0;1;;;;1
11/02/2012;08:13:00;40;com vítima;435,9;BR-116/BA;Norte;Engavetamento;1;3;1;;;;1
11/02/2012;18:49:00;177;sem vítima;439,4;BR-116/BA;Sul;Colisão Traseira;2;2;;;;;1
11/02/2012;05:52:00;19;com vítima;442,5;BR-116/BA;Norte;Tombamento;1;0;3;;;;1
11/02/2012;20:54:00;207;com vítima;442,5;BR-116/BA;Norte;Choque - Veiculo parado no acostamento;1;1;;2;;;2
11/02/2012;23:16:00;229;sem vítima;527;BR-324/BA;Oeste;Saida de Pista;1;1;;;;;1
11/02/2012;08:34:00;48;sem vítima;551;BR-324/BA;Leste;Choque Contra Objeto Fixo;1;1;;;;;1
11/02/2012;13:05:00;101;sem vítima;582;BR-324/BA;Oeste;Saida de Pista;1;5;;;;;1
11/02/2012;20:43:00;205;sem vítima;712;BR-116/BA;Norte;Colisão Lateral;2;2;;;;;1
11/02/2012;18:54:00;179;sem vítima;813;BR-116/BA;Sul;Colisão Transversal;1;3;;;;;1
11/02/2012;14:25:00;119;sem vítima;871;BR-116/BA;Sul;Saida de Pista;1;1;;;;;1
12/02/2012;18:19:00;184;sem vítima;457,1;BR-116/BA;Norte;Colisão Traseira;2;2;;;;;1
12/02/2012;20:36:00;203;sem vítima;641,2;BR-116/BA;Norte;Saida de Pista;1;1;;;;;1
12/02/2012;17:33:00;170;sem vítima;725,1;BR-116/BA;Norte;Engavetamento;3;3;;;;;1
12/02/2012;16:23:00;153;sem vítima;792,8;BR-116/BA;Norte;Colisão Traseira;1;2;;;;;1
12/02/2012;09:21:00;78;sem vítima;834,1;BR-116/BA;Sul;Colisão Traseira;2;3;;;;;1
12/02/2012;09:58:00;86;sem vítima;922;BR-116/BA;Norte;Colisão Traseira;2;4;;;;;1
14/02/2012;02:06:00;11;com vítima;443,85;BR-116/BA;Sul;Tombamento;1;0;;;;1;3
14/02/2012;14:15:00;138;com vítima;560,5;BR-324/BA;Leste;Sequência;4;5;1;;1;;2
14/02/2012;05:09:00;30;sem vítima;790,7;BR-116/BA;Sul;Atropelamento de Animal;1;1;;;;;1
14/02/2012;08:10:00;58;com vítima;828;BR-116/BA;Norte;Colisão Frontal;1;1;1;;;;1
15/02/2012;06:38:00;26;sem vítima;5,35;BR-116/BA - ContSuFS;;Atropelamento de Animal;1;1;;;;;1
15/02/2012;19:12:00;181;sem vítima;444;BR-116/BA;Sul;Colisão Traseira;1;3;;;;;1
15/02/2012;12:39:00;110;com vítima;466,5;BR-116/BA;Sul;Colisão Frontal;2;0;1;;;2;3
16/02/2012;11:11:00;95;sem vítima;518;BR-324/BA;Oeste;Saida de Pista;1;1;;;;;1
16/02/2012;06:26:00;27;sem vítima;545;BR-324/BA;Leste;Sequência;1;8;;;;;1
16/02/2012;13:58:00;126;sem vítima;555;BR-324/BA;Leste;Saida de Pista;1;2;;;;;1
16/02/2012;09:51:00;71;sem vítima;664;BR-116/BA;Sul;Colisão Frontal;2;3;;;;;1
17/02/2012;19:46:00;195;sem vítima;546,05;BR-324/BA;Oeste;Colisão Traseira;2;2;;;;;1
18/02/2012;10:35:00;79;sem vítima;639,2;BR-116/BA;Sul;Colisão Lateral;1;7;;;;;1
19/02/2012;19:00:00;202;com vítima;526;BR-324/BA;Oeste;Saida de Pista;1;1;1;;;;1
19/02/2012;07:14:00;42;sem vítima;542,8;BR-324/BA;Oeste;Tombamento;1;4;;;;;1
19/02/2012;08:17:00;58;com vítima;788,3;BR-116/BA;Norte;Tombamento;1;0;1;;;;1
20/02/2012;16:59:00;141;sem vítima;546,5;BR-324/BA;Oeste;Colisão Traseira;1;2;;;;;1
20/02/2012;16:27:00;134;com vítima;465;BR-116/BA;Sul;Colisão Lateral;1;0;1;;;;1
20/02/2012;01:22:00;7;sem vítima;578,5;BR-116/BA;Norte;Tombamento;1;2;;;;;1
22/02/2012;06:59:00;42;com vítima;551;BR-324/BA;Leste;Colisão Lateral;1;4;2;;;;1
23/02/2012;15:48:00;149;sem vítima;629,5;BR-116/BA;Sul;Colisão Lateral;1;2;;;;;1
25/02/2012;23:16:00;212;sem vítima;0,2;BR-116/BA - ContSuFS;;Colisão Lateral;1;2;;;;;1
25/02/2012;14:54:00;114;sem vítima;562;BR-324/BA;Oeste;Tombamento;1;3;;;;;1
25/02/2012;12:33:00;89;com vítima;620;BR-324/BA;Oeste;Colisão Traseira;1;4;;1;;;2
25/02/2012;13:59:00;105;com vítima;604;BR-116/BA;Norte;Colisão Traseira;2;2;1;;;;1
27/02/2012;09:47:00;79;com vítima;497;BR-116/BA;Norte;Colisão Lateral;1;1;;;;1;3
27/02/2012;18:50:00;201;sem vítima;603;BR-324/BA;Oeste;Outros;1;1;;;;;1
27/02/2012;09:39:00;77;sem vítima;909;BR-116/BA;Sul;Colisão Lateral;1;2;;;;;1
28/02/2012;19:05:00;159;com vítima;530;BR-324/BA;Oeste;Saida de Pista;1;0;1;;;;1
28/02/2012;15:07:00;116;com vítima;580;BR-324/BA;Oeste;Colisão Traseira;1;4;1;2;;;2
28/02/2012;18:17:00;146;sem vítima;595;BR-324/BA;Leste;Colisão Lateral;1;29;;;;;1
28/02/2012;15:05:00;115;com vítima;631,5;BR-116/BA;Sul;Atropelamento - Ciclista;1;1;1;;;;1
29/02/2012;07:27:00;30;sem vítima;606;BR-324/BA;Leste;Colisão Traseira;1;3;;;;;1
29/02/2012;16:05:00;138;sem vítima;643,8;BR-116/BA;Norte;Colisão Lateral;2;2;;;;;1
29/02/2012;16:04:00;137;sem vítima;925,05;BR-116/BA;Norte;Colisão Traseira;2;2;;;;;1
01/03/2012;16:11:00;137;com vítima;25;BR-116/BA - Cont VC;;Colisão Transversal;1;4;1;;;;1
01/03/2012;17:05:00;144;com vítima;426,8;BR-116/BA;Sul;Colisão Lateral;1;3;1;;;;1
01/03/2012;04:16:00;24;com vítima;543;BR-324/BA;Leste;Saida de Pista;1;0;1;;;;1
02/03/2012;05:54:00;32;sem vítima;466;BR-116/BA;Sul;Colisão Traseira;2;2;;;;;1
02/03/2012;07:07:00;43;sem vítima;620;BR-324/BA;Leste;Colisão Traseira;1;2;;;;;1
02/03/2012;09:54:00;80;sem vítima;566,4;BR-116/BA;Norte;Colisão Lateral;2;2;;;;;1
02/03/2012;17:07:00;153;sem vítima;759,2;BR-116/BA;Sul;Colisão Transversal;1;4;;;;;1
02/03/2012;22:01:00;204;com vítima;916,1;BR-116/BA;Norte;Colisão Frontal;1;2;1;2;;;2
03/03/2012;20:35:00;174;sem vítima;481,4;BR-116/BA;Sul;Sequência;1;2;;;;;1
03/03/2012;12:44:00;91;com vítima;591;BR-116/BA;Sul;Engavetamento;4;2;;;;2;3
03/03/2012;14:21:00;107;com vítima;644;BR-116/BA;Norte;Tombamento;1;0;1;;;;1
04/03/2012;21:28:00;152;com vítima;802;BR-116/BA;Sul;Saida de Pista;1;0;1;;;;1
05/03/2012;03:16:00;19;sem vítima;445,5;BR-116/BA;Norte;Atropelamento de Animal;1;1;;;;;1
05/03/2012;17:29:00;161;com vítima;654,6;BR-116/BA;Norte;Atropelamento de Pedestre;1;1;;;;1;3
06/03/2012;18:43:00;168;com vítima;829;BR-116/BA;Sul;Saida de Pista;1;0;1;;;;1
07/03/2012;14:47:00;134;sem vítima;670;BR-116/BA;Norte;Tombamento;1;1;;;;;1
07/03/2012;12:41:00;110;sem vítima;780,5;BR-116/BA;Norte;Colisão Traseira;1;2;;;;;1
08/03/2012;11:54:00;88;sem vítima;7;BR-116/BA - ContSuFS;;Colisão Traseira;2;2;;;;;1
08/03/2012;22:37:00;202;sem vítima;446;BR-116/BA;Norte;Colisão Traseira;1;2;;;;;1
08/03/2012;17:09:00;151;com vítima;460,2;BR-116/BA;Sul;Colisão Frontal;1;2;1;;;;1
08/03/2012;14:40:00;118;sem vítima;567;BR-324/BA;Oeste;Saida de Pista;1;3;;;;;1
08/03/2012;11:44:00;86;sem vítima;466;BR-116/BA;Sul;Tombamento;1;1;;;;;1
08/03/2012;23:37:00;209;sem vítima;595,5;BR-324/BA;Leste;Tombamento;1;1;;;;;1
08/03/2012;15:46:00;131;sem vítima;614;BR-324/BA;Oeste;Choque Contra Objeto Fixo;1;1;;;;;1
08/03/2012;22:56:00;204;sem vítima;553,1;BR-116/BA;Norte;Colisão Traseira;2;2;;;;;1
09/03/2012;20:16:00;207;com vítima;545,5;BR-324/BA;Oeste;Colisão Traseira;2;1;1;;;;1
09/03/2012;20:49:00;212;com vítima;603;BR-324/BA;Leste;Colisão Traseira;1;3;2;;;;1
09/03/2012;14:51:00;127;sem vítima;660;BR-116/BA;Norte;Colisão Traseira;2;2;;;;;1
09/03/2012;02:53:00;15;sem vítima;706;BR-116/BA;Sul;Tombamento;1;2;;;;;1
10/03/2012;09:30:00;68;sem vítima;521;BR-116/BA;Norte;Colisão Frontal;1;4;;;;;1
10/03/2012;10:32:00;84;sem vítima;643;BR-116/BA;Sul;Colisão Traseira;2;2;;;;;1
10/03/2012;23:36:00;211;sem vítima;828;BR-116/BA;Norte;Colisão Traseira;2;2;;;;;1
11/03/2012;06:34:00;18;sem vítima;435;BR-116/BA;Norte;Tombamento;1;1;;;;;1
12/03/2012;14:38:00;124;com vítima;548,1;BR-324/BA;Oeste;Colisão Traseira;1;1;2;;;;1
12/03/2012;12:05:00;102;com vítima;470;BR-116/BA;Sul;Colisão Traseira;2;1;2;;;;1
12/03/2012;10:12:00;86;com vítima;772;BR-116/BA;Sul;Engavetamento;2;2;1;;;;1
13/03/2012;21:01:00;215;sem vítima;436,2;BR-116/BA;Norte;Saida de Pista;1;2;;;;;1
13/03/2012;14:42:00;112;sem vítima;528,4;BR-116/BA;Sul;Tombamento;1;1;;;;;1
14/03/2012;15:49:00;124;sem vítima;426,2;BR-116/BA;Sul;Colisão Traseira;2;2;;;;;1
14/03/2012;09:52:00;65;sem vítima;521;BR-324/BA;Leste;Saida de Pista;1;2;;;;;1
15/03/2012;08:59:00;60;com vítima;599;BR-324/BA;Leste;Capotamento;1;0;1;;;;1
15/03/2012;23:01:00;205;sem vítima;602,5;BR-116/BA;Norte;Tombamento;1;1;;;;;1
15/03/2012;01:20:00;4;sem vítima;755;BR-116/BA;Sul;Atropelamento de Animal;1;2;;;;;1
15/03/2012;14:45:00;117;com vítima;789;BR-116/BA;Norte;Engavetamento;1;12;1;;;;1
16/03/2012;21:42:00;224;sem vítima;595;BR-324/BA;Leste;Atropelamento de Animal;1;2;;;;;1
16/03/2012;14:08:00;140;sem vítima;618;BR-324/BA;Oeste;Saida de Pista;1;1;;;;;1
16/03/2012;18:35:00;188;sem vítima;619;BR-324/BA;Leste;Colisão Lateral;1;2;;;;;1
16/03/2012;16:33:00;167;sem vítima;641;BR-116/BA;Sul;Tombamento;1;2;;;;;1
16/03/2012;08:44:00;78;sem vítima;653,2;BR-116/BA;Sul;Tombamento;1;1;;;;;1
17/03/2012;15:52:00;152;sem vítima;547,5;BR-324/BA;Oeste;Colisão Traseira;1;2;;;;;1
17/03/2012;00:27:00;2;sem vítima;569;BR-324/BA;Leste;Tombamento;1;1;;;;;1
17/03/2012;12:24:00;118;sem vítima;622,5;BR-324/BA;Oeste;Colisão Lateral;1;3;;;;;1
17/03/2012;09:09:00;71;sem vítima;709;BR-116/BA;Sul;Colisão Traseira;1;2;;;;;1
18/03/2012;18:51:00;164;sem vítima;586,8;BR-116/BA;Sul;Tombamento;1;2;;;;;1
18/03/2012;22:08:00;187;sem vítima;596;BR-116/BA;Norte;Tombamento;1;1;;;;;1
19/03/2012;22:06:00;223;com vítima;441,8;BR-116/BA;Sul;Colisão Lateral;3;1;2;;;;1
19/03/2012;18:42:00;189;sem vítima;521;BR-324/BA;Oeste;Atropelamento de Animal;1;3;;;;;1
19/03/2012;15:34:00;150;sem vítima;523,1;BR-324/BA;Leste;Colisão Transversal;1;2;;;;;1
19/03/2012;13:14:00;132;com vítima;608;BR-324/BA;Oeste;Colisão Traseira;2;1;;1;;;2
19/03/2012;08:25:00;64;sem vítima;625;BR-324/BA;Leste;Colisão Traseira;1;2;;;;;1
19/03/2012;07:41:00;48;com vítima;768;BR-116/BA;Sul;Colisão Lateral;1;1;;1;;;2
19/03/2012;23:59:00;238;com vítima;896;BR-116/BA;Sul;Colisão Frontal;1;0;1;1;;2;3
20/03/2012;12:54:00;114;sem vítima;574;BR-324/BA;Oeste;Colisão Lateral;1;2;;;;;1
20/03/2012;07:32:00;40;com vítima;623;BR-324/BA;Leste;Colisão Traseira;1;2;1;;;;1
21/03/2012;15:44:00;150;sem vítima;440;BR-116/BA;Norte;Colisão Traseira;2;2;;;;;1
21/03/2012;17:42:00;177;sem vítima;495,8;BR-116/BA;Sul;Colisão Lateral;1;2;;;;;1
21/03/2012;00:09:00;1;sem vítima;758;BR-116/BA;Sul;Colisão Traseira;2;3;;;;;1
22/03/2012;05:29:00;14;sem vítima;609;BR-324/BA;Oeste;Colisão Traseira;2;2;;;;;1
22/03/2012;16:53:00;159;sem vítima;613;BR-324/BA;Oeste;Colisão Frontal;1;2;;;;;1
22/03/2012;20:13:00;202;com vítima;647;BR-116/BA;Norte;Colisão Frontal;3;4;;1;;;2
23/03/2012;20:50:00;232;sem vítima;426,2;BR-116/BA;Sul;Atropelamento de Animal;1;1;;;;;1
23/03/2012;17:37:00;184;com vítima;535;BR-116/BA;Norte;Colisão Lateral;1;1;1;;;;1
23/03/2012;08:56:00;61;sem vítima;547,1;BR-116/BA;Norte;Colisão Lateral;2;2;;;;;1
23/03/2012;13:04:00;116;com vítima;682,7;BR-116/BA;Norte;Tombamento;1;0;1;;;;1
23/03/2012;15:59:00;164;com vítima;709,6;BR-116/BA;Norte;Saida de Pista;1;0;1;;;;1
24/03/2012;08:17:00;69;sem vítima;568;BR-116/BA;Sul;Saida de Pista;1;1;;;;;1
24/03/2012;06:38:00;33;com vítima;707,9;BR-116/BA;Sul;Colisão Traseira;2;1;1;;;;1
24/03/2012;15:38:00;156;sem vítima;747;BR-116/BA;Sul;Colisão Traseira;2;3;;;;;1
25/03/2012;12:36:00;76;com vítima;548,8;BR-324/BA;Leste;Saida de Pista;1;2;1;;;;1
25/03/2012;07:20:00;40;sem vítima;569,5;BR-116/BA;Sul;Colisão Traseira;2;2;;;;;1
25/03/2012;04:51:00;23;com vítima;910;BR-116/BA;Norte;Colisão Traseira;2;1;;;;1;3
25/03/2012;09:15:00;61;com vítima;916;BR-116/BA;Sul;Colisão Traseira;1;3;1;;;;1
26/03/2012;11:58:00;115;com vítima;1;BR-116/BA - Cont VC;;Tombamento;1;2;1;;;;1
26/03/2012;10:57:00;107;com vítima;533,5;BR-324/BA;Oeste;Saida de Pista;1;1;1;;;;1
26/03/2012;18:17:00;179;sem vítima;459;BR-116/BA;Sul;Colisão Traseira;2;2;;;;;1