data;horario;n_da_ocorrencia;tipo_de_ocorrencia;km;trecho;sentido;tipo_de_acidente;caminhao;ilesos;levemente_feridos;moderadamente_feridos;gravemente_feridos;mortos;3
26/03/2012;20:14:00;203;sem vítima;460;BR-116/BA;Sul;Colisão Traseira;1;2;;;;;1
26/03/2012;16:02:00;149;sem vítima;613;BR-324/BA;Oeste;Colisão Traseira;1;2;;;;;1
27/03/2012;01:17:00;9;sem vítima;428;BR-116/BA;Norte;Tombamento;1;1;;;;;1
27/03/2012;15:18:00;117;com vítima;525;BR-324/BA;Oeste;Tombamento;1;0;3;;;;1
27/03/2012;12:39:00;93;sem vítima;619;BR-324/BA;Leste;Colisão Traseira;1;2;;;;;1
28/03/2012;14:36:00;126;sem vítima;482,138;BR-116/BA;Norte;Engavetamento;2;13;;;;;1
29/03/2012;20:00:00;164;sem vítima;583;BR-324/BA;Oeste;Saida de Pista;1;1;;;;;1
29/03/2012;15:50:00;138;sem vítima;870;BR-116/BA;Sul;Colisão Traseira;1;24;;;;;1
30/03/2012;18:42:00;179;com vítima;8;BR-116/BA - Cont VC;;Colisão Transversal;1;4;1;1;;;2
30/03/2012;19:09:00;189;sem vítima;458;BR-116/BA;Sul;Colisão Lateral;1;2;;;;;1
31/03/2012;06:58:00;42;sem vítima;1;BR-116/BA - ContSuFS;;Tombamento;1;1;;;;;1
31/03/2012;12:54:00;102;com vítima;427,8;BR-116/BA;Sul;Colisão Lateral;2;1;1;;;;1
31/03/2012;05:56:00;26;com vítima;910,5;BR-116/BA;Sul;Tombamento;1;0;1;1;;;2
01/04/2012;08:05:00;114;com vítima;445;BR-116/BA;Norte;Colisão Transversal;2;2;1;;;;1
01/04/2012;13:32:00;126;com vítima;595,8;BR-116/BA;Norte;Colisão Lateral;2;2;1;;;;1
01/04/2012;21:55:00;206;sem vítima;722;BR-116/BA;Sul;Colisão Transversal;2;2;;;;;1
01/04/2012;22:42:00;214;com vítima;745;BR-116/BA;Sul;Colisão Transversal;1;1;;;;1;3
01/04/2012;20:58:00;201;sem vítima;849;BR-116/BA;Sul;Saida de Pista;1;1;;;;;1
02/04/2012;19:24:00;172;sem vítima;562,7;BR-324/BA;Oeste;Colisão Traseira;1;2;;;;;1
02/04/2012;07:35:00;53;sem vítima;482,5;BR-116/BA;Sul;Colisão Traseira;2;2;;;;;1
02/04/2012;10:42:00;92;sem vítima;609;BR-324/BA;Oeste;Colisão Lateral;1;2;;;;;1
02/04/2012;18:12:00;159;sem vítima;618;BR-324/BA;Oeste;Colisão Traseira;1;2;;;;;1
02/04/2012;18:33:00;166;sem vítima;622;BR-324/BA;Oeste;Colisão Traseira;1;4;;;;;1
02/04/2012;14:22:00;127;com vítima;652;BR-116/BA;Sul;Colisão Transversal;1;4;1;;;;1
02/04/2012;17:39:00;152;sem vítima;815;BR-116/BA;Norte;Colisão Traseira;1;2;;;;;1
03/04/2012;11:18:00;92;sem vítima;4;BR-116/BA - ContSuFS;;Colisão Traseira;2;2;;;;;1
03/04/2012;06:47:00;36;sem vítima;530;BR-324/BA;Leste;Colisão Lateral;1;2;;;;;1
03/04/2012;10:39:00;86;com vítima;545;BR-324/BA;Leste;Colisão Lateral;2;3;1;;;;1
03/04/2012;13:36:00;114;sem vítima;559;BR-324/BA;Leste;Tombamento;1;1;;;;;1
03/04/2012;16:36:00;137;sem vítima;607;BR-324/BA;Leste;Colisão Lateral;1;3;;;;;1
03/04/2012;14:25:00;118;sem vítima;817;BR-116/BA;Norte;Colisão Traseira;2;2;;;;;1
04/04/2012;07:07:00;40;sem vítima;431;BR-116/BA;Sul;Colisão Traseira;1;3;;;;;1
04/04/2012;11:56:00;100;sem vítima;518;BR-324/BA;Oeste;Colisão Traseira;1;2;;;;;1
04/04/2012;14:13:00;120;sem vítima;599;BR-324/BA;Oeste;Colisão Traseira;1;3;;;;;1
04/04/2012;06:16:00;30;sem vítima;509;BR-116/BA;Sul;Outros;1;1;;;;;1
04/04/2012;03:56:00;14;sem vítima;588,8;BR-116/BA;Norte;Tombamento;1;1;;;;;1
04/04/2012;15:30:00;137;sem vítima;868;BR-116/BA;Sul;Engavetamento;1;3;;;;;1
05/04/2012;06:00:00;33;sem vítima;574;BR-324/BA;Oeste;Tombamento;1;1;;;;;1
06/04/2012;13:30:00;135;com vítima;22;BR-116/BA - Cont VC;;Colisão Lateral;2;1;1;;;;1
06/04/2012;19:26:00;198;sem vítima;438;BR-116/BA;Sul;Tombamento;1;3;;;;;1
06/04/2012;21:03:00;211;com vítima;565;BR-324/BA;Oeste;Colisão Lateral;1;1;1;;;;1
06/04/2012;07:01:00;48;sem vítima;580;BR-324/BA;Oeste;Engavetamento;1;6;;;;;1
06/04/2012;01:24:00;12;sem vítima;716;BR-116/BA;Norte;Atropelamento de Animal;1;1;;;;;1
06/04/2012;17:53:00;178;com vítima;854;BR-116/BA;Sul;Tombamento;1;0;1;;;;1
06/04/2012;21:58:00;215;com vítima;856;BR-116/BA;Norte;Engavetamento;2;2;1;;1;;2
06/04/2012;04:56:00;30;sem vítima;913;BR-116/BA;Norte;Tombamento;1;1;;;;;1
06/04/2012;06:20:00;42;sem vítima;932,5;BR-116/BA;Sul;Colisão Traseira;2;3;;;;;1
07/04/2012;08:59:00;56;com vítima;22;BR-116/BA - Cont VC;;Colisão Lateral;4;4;1;;;;1
08/04/2012;17:57:00;161;sem vítima;548;BR-324/BA;Leste;Colisão Traseira;1;6;;;;;1
08/04/2012;16:33:00;130;com vítima;560;BR-324/BA;Oeste;Colisão Traseira;1;1;2;;;;1
08/04/2012;20:19:00;200;sem vítima;599,6;BR-324/BA;Leste;Colisão Lateral;1;5;;;;;1
09/04/2012;06:06:00;45;sem vítima;550;BR-324/BA;Leste;Tombamento;2;2;;;;;1
09/04/2012;20:39:00;198;com vítima;893;BR-116/BA;Norte;Colisão Lateral;1;3;1;;;;1
10/04/2012;17:13:00;166;com vítima;8;BR-116/BA - Cont VC;;Colisão Transversal;1;2;1;;;;1
10/04/2012;05:21:00;18;sem vítima;593;BR-116/BA;Sul;Tombamento;1;1;;;;;1
10/04/2012;11:55:00;114;sem vítima;788,2;BR-116/BA;Sul;Colisão Traseira;1;7;;;;;1
11/04/2012;09:59:00;75;sem vítima;523;BR-324/BA;Leste;Tombamento;1;2;;;;;1
11/04/2012;16:02:00;130;sem vítima;611,2;BR-324/BA;Oeste;Colisão Traseira;1;2;;;;;1
12/04/2012;13:26:00;103;sem vítima;459;BR-116/BA;Norte;Colisão Transversal;1;2;;;;;1
12/04/2012;01:26:00;8;sem vítima;495;BR-116/BA;Norte;Colisão Lateral;2;2;;;;;1
12/04/2012;07:31:00;36;sem vítima;600,2;BR-324/BA;Oeste;Colisão Lateral;1;2;;;;;1
12/04/2012;11:18:00;87;sem vítima;739;BR-116/BA;Norte;Colisão Traseira;2;2;;;;;1
13/04/2012;07:35:00;44;com vítima;3;BR-116/BA - ContSuFS;;Colisão Traseira;2;2;1;;;;1
13/04/2012;10:35:00;77;sem vítima;599;BR-324/BA;Leste;Colisão Traseira;1;3;;;;;1
13/04/2012;08:29:00;52;sem vítima;614;BR-324/BA;Leste;Engavetamento;1;3;;;;;1
13/04/2012;19:03:00;182;com vítima;553;BR-116/BA;Norte;Colisão Traseira;1;1;2;1;;;2
13/04/2012;21:05:00;191;com vítima;661;BR-116/BA;Norte;Atropelamento de Pedestre;1;0;;;;2;3
13/04/2012;19:12:00;184;com vítima;860,2;BR-116/BA;Sul;Colisão Lateral;1;1;;1;;;2
14/04/2012;19:06:00;171;com vítima;8;BR-116/BA - Cont VC;;Colisão Transversal;1;2;2;;;;1
14/04/2012;09:57:00;74;sem vítima;459,3;BR-116/BA;Sul;Engavetamento;1;3;;;;;1
14/04/2012;14:18:00;115;sem vítima;616,3;BR-324/BA;Leste;Colisão Lateral;1;2;;;;;1
14/04/2012;11:25:00;87;sem vítima;613;BR-116/BA;Sul;Colisão Traseira;2;2;;;;;1
15/04/2012;10:53:00;70;sem vítima;440,5;BR-116/BA;Norte;Colisão Traseira;2;2;;;;;1
15/04/2012;18:50:00;162;com vítima;529;BR-324/BA;Oeste;Engavetamento;2;5;1;;;;1
16/04/2012;19:06:00;174;sem vítima;543;BR-324/BA;Oeste;Colisão Transversal;2;5;;;;;1
16/04/2012;05:45:00;24;sem vítima;580;BR-324/BA;Leste;Colisão Traseira;1;2;;;;;1
16/04/2012;11:56:00;106;sem vítima;584;BR-116/BA;Norte;Saida de Pista;1;1;;;;;1
16/04/2012;18:01:00;162;sem vítima;722;BR-116/BA;Norte;Colisão Traseira;1;2;;;;;1
17/04/2012;13:12:00;114;com vítima;426,3;BR-116/BA;Norte;Colisão Transversal;1;1;2;;;;1
18/04/2012;07:46:00;55;sem vítima;569;BR-324/BA;Oeste;Colisão Lateral;1;4;;;;;1
18/04/2012;18:40:00;178;sem vítima;566;BR-116/BA;Norte;Engavetamento;1;3;;;;;1
18/04/2012;17:44:00;170;com vítima;760;BR-116/BA;Norte;Colisão Traseira;1;49;1;;;;1
18/04/2012;16:04:00;149;sem vítima;875,8;BR-116/BA;Sul;Colisão Lateral;1;2;;;;;1
18/04/2012;10:03:00;75;com vítima;903,3;BR-116/BA;Norte;Colisão Traseira;1;1;1;;;;1
19/04/2012;09:27:00;51;sem vítima;455,75;BR-116/BA;Sul;Colisão Lateral;2;3;;;;;1
19/04/2012;13:19:00;101;com vítima;547;BR-324/BA;Oeste;Tombamento;1;1;1;;;;1
19/04/2012;16:12:00;138;sem vítima;551;BR-324/BA;Leste;Colisão Traseira;1;2;;;;;1
19/04/2012;10:56:00;75;sem vítima;569;BR-324/BA;Oeste;Engavetamento;3;4;;;;;1
19/04/2012;10:30:00;69;sem vítima;570,2;BR-324/BA;Oeste;Colisão Traseira;1;3;;;;;1
19/04/2012;12:58:00;96;com vítima;817,5;BR-116/BA;Sul;Colisão Transversal;1;0;3;;;;1
20/04/2012;21:51:00;220;com vítima;10;BR-116/BA - Cont VC;;Atropelamento de Animal;1;1;1;;;;1
20/04/2012;20:33:00;211;sem vítima;518;BR-324/BA;Oeste;Engavetamento;1;3;;;;;1
20/04/2012;18:27:00;191;com vítima;449,85;BR-116/BA;Sul;Atropelamento de Pedestre;1;1;1;;;;1
20/04/2012;20:15:00;209;sem vítima;599;BR-324/BA;Oeste;Colisão Lateral;1;4;;;;;1
20/04/2012;10:01:00;78;com vítima;583;BR-116/BA;Sul;Choque - Defensa, barreira ou "submarino";1;0;;1;;;2
20/04/2012;10:16:00;83;com vítima;633;BR-116/BA;Sul;Colisão Transversal;1;1;3;;;;1
20/04/2012;10:21:00;86;sem vítima;777;BR-116/BA;Sul;Colisão Lateral;1;3;;;;;1
20/04/2012;13:59:00;132;sem vítima;811,2;BR-116/BA;Sul;Tombamento;1;1;;;;;1
21/04/2012;11:57:00;104;sem vítima;427;BR-116/BA;Norte;Tombamento;1;1;;;;;1
21/04/2012;11:19:00;93;sem vítima;593,5;BR-324/BA;Oeste;Colisão Traseira;1;2;;;;;1
21/04/2012;21:54:00;216;sem vítima;930;BR-116/BA;Sul;Colisão Traseira;1;2;;;;;1
22/04/2012;12:14:00;80;sem vítima;469,5;BR-116/BA;Norte;Colisão Traseira;2;2;;;;;1
22/04/2012;10:29:00;63;sem vítima;643,3;BR-116/BA;Norte;Tombamento;1;1;;;;;1
22/04/2012;19:55:00;163;com vítima;644;BR-116/BA;Sul;Tombamento;1;0;;;;1;3
22/04/2012;10:55:00;69;com vítima;728,2;BR-116/BA;Sul;Engavetamento;3;3;1;;;;1
23/04/2012;17:25:00;157;sem vítima;2,1;BA-526;Norte;Tombamento;1;1;;;;;1
23/04/2012;21:04:00;189;com vítima;4,2;BR-116/BA - ContSuFS;;Colisão Lateral;1;1;;;;1;3
23/04/2012;00:28:00;23;sem vítima;596,4;BR-324/BA;Leste;Colisão Traseira;1;2;;;;;1
23/04/2012;07:48:00;61;com vítima;643;BR-116/BA;Sul;Colisão Traseira;2;1;1;;;;1
23/04/2012;08:40:00;73;com vítima;695,3;BR-116/BA;Norte;Colisão Lateral;1;1;;;;1;3
23/04/2012;07:36:00;56;com vítima;809;BR-116/BA;Norte;Colisão Frontal;2;2;;;1;2;3
23/04/2012;12:25:00;115;sem vítima;910;BR-116/BA;Norte;Tombamento;1;1;;;;;1
24/04/2012;15:52:00;141;com vítima;757;BR-116/BA;Sul;Colisão Lateral;1;1;1;;;;1
25/04/2012;02:51:00;13;sem vítima;574;BR-324/BA;Leste;Saida de Pista;1;2;;;;;1
25/04/2012;04:05:00;18;sem vítima;516,2;BR-116/BA;Norte;Atropelamento de Animal;1;15;;;;;1
25/04/2012;17:54:00;144;sem vítima;562;BR-116/BA;Sul;Colisão Traseira;2;2;;;;;1
25/04/2012;07:35:00;46;com vítima;648;BR-116/BA;Sul;Tombamento;1;0;1;;;;1
26/04/2012;20:38:00;217;com vítima;618;BR-324/BA;Leste;Sequência;1;2;2;;;;1
26/04/2012;13:29:00;139;sem vítima;750,5;BR-116/BA;Norte;Tombamento;1;1;;;;;1
26/04/2012;10:22:00;102;sem vítima;759,3;BR-116/BA;Sul;Colisão Lateral;1;4;;;;;1
27/04/2012;16:15:00;150;sem vítima;445;BR-116/BA;Norte;Engavetamento;3;5;;;;;1
27/04/2012;14:18:00;120;sem vítima;452;BR-116/BA;Sul;Engavetamento;3;8;;;;;1
27/04/2012;21:24:00;220;sem vítima;467;BR-116/BA;Norte;Colisão Traseira;2;2;;;;;1
27/04/2012;13:33:00;116;sem vítima;670;BR-116/BA;Sul;Colisão Traseira;2;2;;;;;1
28/04/2012;15:37:00;165;sem vítima;458;BR-116/BA;Sul;Colisão Traseira;1;2;;;;;1
28/04/2012;10:04:00;90;sem vítima;910;BR-116/BA;Norte;Colisão Traseira;2;2;;;;;1
29/04/2012;11:38:00;89;sem vítima;640;BR-116/BA;Norte;Tombamento;1;1;;;;;1
29/04/2012;05:01:00;26;com vítima;656;BR-116/BA;Norte;Colisão Transversal;1;1;2;;;2;3
29/04/2012;15:56:00;126;sem vítima;840;BR-116/BA;Norte;Engavetamento;4;5;;;;;1
30/04/2012;10:19:00;68;com vítima;501;BR-116/BA;Norte;Atropelamento - Usuário;2;1;1;;1;;2
30/04/2012;09:09:00;58;sem vítima;843,7;BR-116/BA;Norte;Colisão Traseira;2;2;;;;;1
01/05/2012;12:53:00;83;sem vítima;531;BR-324/BA;Leste;Colisão Traseira;1;2;;;;;1
01/05/2012;16:02:00;110;sem vítima;528;BR-116/BA;Norte;Colisão Traseira;1;2;;;;;1
01/05/2012;03:28:00;14;com vítima;716;BR-116/BA;Norte;Tombamento;1;0;;;1;;2
02/05/2012;07:00:00;34;com vítima;435;BR-116/BA;Norte;Tombamento;1;0;1;;;;1
02/05/2012;09:54:00;66;sem vítima;619;BR-324/BA;Leste;Colisão Traseira;1;3;;;;;1
02/05/2012;23:30:00;183;com vítima;634;BR-116/BA;Sul;Atropelamento de Animal;1;0;1;;;;1
03/05/2012;21:45:00;197;sem vítima;427,8;BR-116/BA;Norte;Engavetamento;3;3;;;;;1
03/05/2012;05:50:00;28;com vítima;589;BR-116/BA;Sul;Colisão Frontal;1;1;;1;1;3;3
03/05/2012;03:46:00;20;com vítima;701;BR-116/BA;Sul;Tombamento;1;0;;;;1;3
03/05/2012;21:39:00;193;com vítima;771;BR-116/BA;Sul;Saida de Pista;1;0;1;;;;1
03/05/2012;18:29:00;177;sem vítima;828;BR-116/BA;Norte;Colisão Transversal;1;2;;;;;1
04/05/2012;16:47:00;153;sem vítima;518;BR-324/BA;Oeste;Tombamento;1;1;;;;;1
04/05/2012;12:21:00;114;sem vítima;523;BR-324/BA;Oeste;Saida de Pista;1;3;;;;;1
04/05/2012;16:59:00;154;sem vítima;551;BR-324/BA;Oeste;Colisão Traseira;2;2;;;;;1
04/05/2012;17:22:00;172;sem vítima;551;BR-324/BA;Oeste;Colisão Traseira;2;2;;;;;1
04/05/2012;20:11:00;185;sem vítima;482;BR-116/BA;Sul;Colisão Lateral;1;5;;;;;1
04/05/2012;02:57:00;18;sem vítima;585;BR-116/BA;Norte;Saida de Pista;1;1;;;;;1
04/05/2012;19:48:00;180;sem vítima;613,4;BR-116/BA;Sul;Colisão Lateral;1;2;;;;;1
04/05/2012;11:39:00;109;com vítima;891;BR-116/BA;Norte;Engavetamento;1;4;3;;;;1
05/05/2012;08:44:00;65;sem vítima;4;BR-116/BA - ContSuFS;;Colisão Lateral;2;2;;;;;1
05/05/2012;10:27:00;93;com vítima;607;BR-324/BA;Oeste;Colisão Traseira;1;3;1;;;;1
05/05/2012;14:13:00;126;sem vítima;573;BR-116/BA;Norte;Saida de Pista;1;3;;;;;1
05/05/2012;09:56:00;83;sem vítima;783;BR-116/BA;Sul;Colisão Lateral;1;4;;;;;1
06/05/2012;14:26:00;124;com vítima;448;BR-116/BA;Sul;Colisão Traseira;2;1;1;1;;;2
06/05/2012;22:07:00;202;sem vítima;628;BR-116/BA;Norte;Saida de Pista;1;1;;;;;1
07/05/2012;10:13:00;95;sem vítima;8;BR-116/BA - Cont VC;;Colisão Transversal;1;2;;;;;1
07/05/2012;19:13:00;215;sem vítima;434;BR-116/BA;Norte;Sequência;3;5;;;;;1
07/05/2012;06:36:00;42;sem vítima;521;BR-324/BA;Leste;Colisão Lateral;1;3;;;;;1
07/05/2012;19:21:00;217;sem vítima;478;BR-116/BA;Norte;Saida de Pista;1;1;;;;;1
07/05/2012;13:57:00;139;sem vítima;596,5;BR-324/BA;Leste;Colisão Traseira;1;2;;;;;1
07/05/2012;14:51:00;152;sem vítima;599;BR-324/BA;Oeste;Colisão Traseira;1;2;;;;;1
07/05/2012;22:39:00;237;com vítima;772;BR-116/BA;Norte;Colisão Lateral;2;1;1;;;1;3
08/05/2012;13:42:00;93;sem vítima;542;BR-324/BA;Oeste;Colisão Frontal;1;2;;;;;1
08/05/2012;08:32:00;45;sem vítima;491;BR-116/BA;Sul;Saida de Pista;1;1;;;;;1
08/05/2012;22:22:00;180;sem vítima;598;BR-324/BA;Leste;Tombamento;1;1;;;;;1
08/05/2012;14:21:00;100;com vítima;871,6;BR-116/BA;Sul;Saida de Pista;1;0;1;;;;1
09/05/2012;21:53:00;194;sem vítima;449,5;BR-116/BA;Norte;Colisão Lateral;2;2;;;;;1
09/05/2012;23:07:00;197;sem vítima;478,2;BR-116/BA;Norte;Tombamento;1;1;;;;;1
10/05/2012;11:45:00;108;sem vítima;1,8;BR-116/BA - Cont VC;;Colisão Lateral;1;2;;;;;1
10/05/2012;16:42:00;169;sem vítima;519;BR-324/BA;Leste;Colisão Traseira;1;2;;;;;1
10/05/2012;16:36:00;168;sem vítima;486;BR-116/BA;Sul;Colisão Lateral;1;2;;;;;1
10/05/2012;09:01:00;73;com vítima;603;BR-324/BA;Oeste;Tombamento;1;0;1;;;;1
10/05/2012;23:14:00;241;sem vítima;569,5;BR-116/BA;Sul;Tombamento;1;1;;;;;1
10/05/2012;05:21:00;26;com vítima;859;BR-116/BA;Norte;Colisão Transversal;1;2;1;1;;;2
11/05/2012;09:33:00;76;sem vítima;1,2;BR-116/BA - ContSuFS;;Saida de Pista;1;3;;;;;1
11/05/2012;17:52:00;179;sem vítima;8;BR-116/BA - Cont VC;;Colisão Transversal;1;2;;;;;1
11/05/2012;10:57:00;93;sem vítima;29;BR-116/BA - Cont VC;;Tombamento;1;1;;;;;1
11/05/2012;13:30:00;122;sem vítima;519,5;BR-324/BA;Leste;Colisão Lateral;1;3;;;;;1
11/05/2012;12:06:00;107;sem vítima;607;BR-324/BA;Leste;Saida de Pista;1;1;;;;;1
11/05/2012;17:39:00;176;sem vítima;645,3;BR-116/BA;Norte;Colisão Traseira;2;2;;;;;1
11/05/2012;09:13:00;73;sem vítima;694,7;BR-116/BA;Norte;Colisão Traseira;1;5;;;;;1
11/05/2012;07:50:00;58;sem vítima;810;BR-116/BA;Norte;Tombamento;1;1;;;;;1
11/05/2012;15:56:00;153;sem vítima;819,5;BR-116/BA;Sul;Colisão Transversal;1;2;;;;;1
11/05/2012;14:32:00;138;sem vítima;873;BR-116/BA;Sul;Colisão Traseira;1;2;;;;;1
12/05/2012;10:04:00;92;com vítima;15;BR-116/BA - Cont VC;;Tombamento;1;0;2;;;;1
12/05/2012;16:40:00;168;sem vítima;601;BR-116/BA;Norte;Colisão Traseira;1;5;;;;;1
12/05/2012;15:49:00;154;sem vítima;651;BR-116/BA;Sul;Engavetamento;3;6;;;;;1
12/05/2012;00:05:00;1;sem vítima;662;BR-116/BA;Sul;Colisão Traseira;2;2;;;;;1
12/05/2012;15:12:00;143;com vítima;813,8;BR-116/BA;Norte;Atropelamento de Pedestre;1;3;1;;;;1
12/05/2012;08:47:00;75;sem vítima;866;BR-116/BA;Norte;Saida de Pista;1;2;;;;;1
13/05/2012;17:39:00;163;sem vítima;622,3;BR-324/BA;Leste;Colisão Lateral;1;2;;;;;1
13/05/2012;19:30:00;187;com vítima;553;BR-116/BA;Sul;Colisão Lateral;1;1;;;1;1;3
13/05/2012;16:48:00;156;sem vítima;655;BR-116/BA;Norte;Colisão Traseira;2;2;;;;;1
13/05/2012;09:58:00;73;sem vítima;703;BR-116/BA;Sul;Colisão Traseira;2;2;;;;;1
13/05/2012;18:04:00;169;sem vítima;708,5;BR-116/BA;Norte;Colisão Traseira;2;2;;;;;1
14/05/2012;20:30:00;243;sem vítima;599;BR-324/BA;Leste;Engavetamento;2;3;;;;;1
15/05/2012;15:39:00;136;com vítima;484;BR-116/BA;Sul;Colisão Lateral;1;1;;1;;;2
15/05/2012;11:29:00;88;com vítima;489;BR-116/BA;Sul;Engavetamento;4;6;1;;;;1
15/05/2012;07:46:00;42;sem vítima;491;BR-116/BA;Norte;Colisão Traseira;2;2;;;;;1
15/05/2012;08:01:00;48;sem vítima;591;BR-116/BA;Norte;Engavetamento;2;2;;;;;1
15/05/2012;02:24:00;11;com vítima;617;BR-116/BA;Sul;Colisão Traseira;1;1;;;;1;3
15/05/2012;01:00:00;7;sem vítima;638,3;BR-116/BA;Norte;Saida de Pista;1;1;;;;;1
15/05/2012;17:06:00;154;sem vítima;670;BR-116/BA;Sul;Colisão Lateral;1;6;;;;;1
15/05/2012;10:22:00;72;sem vítima;806,5;BR-116/BA;Norte;Colisão Traseira;1;2;;;;;1
16/05/2012;15:14:00;127;sem vítima;604;BR-324/BA;Oeste;Colisão Traseira;1;3;;;;;1
17/05/2012;07:26:00;35;sem vítima;1;BR-116/BA - ContSuFS;;Colisão Traseira;1;2;;;;;1
17/05/2012;17:54:00;137;sem vítima;519;BR-324/BA;Oeste;Engavetamento;1;6;;;;;1
17/05/2012;22:18:00;187;com vítima;568;BR-324/BA;Leste;Tombamento;1;0;1;1;;1;3
18/05/2012;01:05:00;16;sem vítima;3;BA-528;Norte;Colisão Traseira;1;3;;;;;1
18/05/2012;23:21:00;241;com vítima;22;BR-116/BA - Cont VC;;Colisão Frontal;1;1;1;1;;;2
18/05/2012;07:36:00;57;sem vítima;526,9;BR-324/BA;Leste;Colisão Transversal;1;2;;;;;1
18/05/2012;03:52:00;22;sem vítima;548;BR-324/BA;Leste;Tombamento;1;2;;;;;1
18/05/2012;12:19:00;117;sem vítima;593;BR-324/BA;Leste;Colisão Traseira;1;4;;;;;1
18/05/2012;19:11:00;210;sem vítima;599;BR-324/BA;Oeste;Colisão Traseira;1;2;;;;;1
18/05/2012;21:09:00;226;sem vítima;644,6;BR-116/BA;Norte;Tombamento;1;1;;;;;1
19/05/2012;09:34:00;60;com vítima;518;BR-324/BA;Leste;Colisão Traseira;1;1;1;;;;1
19/05/2012;15:39:00;133;sem vítima;444,5;BR-116/BA;Norte;Colisão Traseira;2;2;;;;;1
19/05/2012;20:11:00;185;com vítima;450;BR-116/BA;Sul;Colisão Frontal;2;2;1;;;;1
19/05/2012;16:39:00;146;sem vítima;541,8;BR-324/BA;Leste;Saida de Pista;1;1;;;;;1
19/05/2012;12:29:00;98;sem vítima;545;BR-324/BA;Leste;Colisão Transversal;1;7;;;;;1
19/05/2012;20:39:00;189;sem vítima;491;BR-116/BA;Sul;Capotamento;1;2;;;;;1
19/05/2012;04:39:00;16;sem vítima;587;BR-116/BA;Norte;Saida de Pista;1;1;;;;;1
20/05/2012;18:51:00;166;sem vítima;28;BR-116/BA - Cont VC;;Colisão Transversal;1;2;;;;;1
20/05/2012;00:59:00;4;sem vítima;445,3;BR-116/BA;Sul;Colisão Traseira;1;2;;;;;1
20/05/2012;05:11:00;11;com vítima;460;BR-116/BA;Norte;Colisão Traseira;1;1;;;1;;2
20/05/2012;12:29:00;88;sem vítima;576;BR-116/BA;Norte;Saida de Pista;1;1;;;;;1
21/05/2012;07:29:00;53;com vítima;443;BR-116/BA;Norte;Colisão Traseira;1;14;2;;;;1
21/05/2012;05:03:00;22;sem vítima;526;BR-324/BA;Oeste;Saida de Pista;1;1;;;;;1
21/05/2012;12:31:00;143;com vítima;526;BR-324/BA;Leste;Colisão Transversal;1;1;2;;;;1
21/05/2012;09:23:00;91;sem vítima;527;BR-324/BA;Oeste;Colisão Traseira;1;2;;;;;1
21/05/2012;22:05:00;234;sem vítima;708;BR-116/BA;Sul;Atropelamento de Animal;1;1;;;;;1
21/05/2012;23:02:00;238;sem vítima;817;BR-116/BA;Norte;Atropelamento de Animal;1;1;;;;;1
22/05/2012;11:01:00;88;com vítima;536;BR-324/BA;Oeste;Engavetamento;3;13;2;;;;1
22/05/2012;14:26:00;121;sem vítima;547,3;BR-324/BA;Leste;Colisão Lateral;1;2;;;;;1
22/05/2012;01:20:00;10;sem vítima;577;BR-324/BA;Oeste;Saida de Pista;1;1;;;;;1
22/05/2012;18:36:00;161;sem vítima;584,1;BR-324/BA;Oeste;Saida de Pista;1;1;;;;;1
22/05/2012;19:33:00;168;sem vítima;529;BR-116/BA;Norte;Saida de Pista;1;1;;;;;1
23/05/2012;13:47:00;114;com vítima;17;BR-116/BA - Cont VC;;Colisão Transversal;1;2;1;;;;1
23/05/2012;12:38:00;98;sem vítima;442,9;BR-116/BA;Norte;Colisão Traseira;1;3;;;;;1
23/05/2012;07:18:00;26;sem vítima;447;BR-116/BA;Sul;Colisão Lateral;2;2;;;;;1
23/05/2012;08:22:00;31;sem vítima;599;BR-324/BA;Oeste;Colisão Lateral;1;2;;;;;1
23/05/2012;20:57:00;197;com vítima;504;BR-116/BA;Sul;Saida de Pista;1;0;;1;;;2
23/05/2012;20:25:00;187;sem vítima;620;BR-324/BA;Oeste;Colisão Traseira;1;2;;;;;1
23/05/2012;11:45:00;84;sem vítima;885;BR-116/BA;Sul;Tombamento;1;1;;;;;1
23/05/2012;13:10:00;103;com vítima;904,8;BR-116/BA;Sul;Tombamento;1;0;1;;;;1
24/05/2012;19:01:00;215;com vítima;431;BR-116/BA;Norte;Colisão Lateral;1;1;1;;;;1
24/05/2012;04:12:00;16;com vítima;534;BR-324/BA;Leste;Saida de Pista;1;0;1;;;;1
24/05/2012;18:05:00;200;sem vítima;572;BR-324/BA;Leste;Tombamento;1;1;;;;;1
24/05/2012;16:15:00;169;com vítima;505,8;BR-116/BA;Norte;Colisão Traseira;1;1;1;;;;1
24/05/2012;21:00:00;234;com vítima;856;BR-116/BA;Norte;Atropelamento de Pedestre;1;1;;;;1;3
25/05/2012;11:25:00;99;sem vítima;17;BR-116/BA - Cont VC;;Colisão Transversal;1;2;;;;;1
25/05/2012;00:02:00;1;com vítima;17,3;BR-116/BA - Cont VC;;Colisão Lateral;1;1;1;;;;1
25/05/2012;19:32:00;215;com vítima;26;BR-116/BA - Cont VC;;Atropelamento - Outros;1;1;;;;1;3
25/05/2012;17:57:00;192;sem vítima;520;BR-324/BA;Oeste;Colisão Traseira;1;4;;;;;1