data;horario;n_da_ocorrencia;tipo_de_ocorrencia;km;trecho;sentido;tipo_de_acidente;caminhao;ilesos;levemente_feridos;moderadamente_feridos;gravemente_feridos;mortos;3
25/05/2012;20:06:00;222;com vítima;574;BR-324/BA;Oeste;Colisão Transversal;1;2;2;;;;1
25/05/2012;22:20:00;253;sem vítima;579;BR-324/BA;Leste;Saida de Pista;1;1;;;;;1
25/05/2012;13:43:00;128;sem vítima;607;BR-324/BA;Oeste;Colisão Transversal;1;3;;;;;1
25/05/2012;21:06:00;235;sem vítima;648;BR-116/BA;Norte;Colisão Lateral;1;1;;;;;1
25/05/2012;08:28:00;63;sem vítima;828;BR-116/BA;Sul;Colisão Lateral;1;2;;;;;1
26/05/2012;18:37:00;201;sem vítima;523;BR-324/BA;Oeste;Colisão Lateral;1;3;;;;;1
26/05/2012;18:18:00;199;sem vítima;764;BR-116/BA;Norte;Saida de Pista;1;1;;;;;1
26/05/2012;15:30:00;153;sem vítima;805;BR-116/BA;Norte;Colisão Traseira;2;2;;;;;1
27/05/2012;16:05:00;156;com vítima;479,015;BR-116/BA;Sul;Tombamento;1;0;;1;;;2
27/05/2012;05:50:00;50;com vítima;770;BR-116/BA;Norte;Colisão Lateral;1;5;1;;;;1
28/05/2012;17:04:00;169;sem vítima;599;BR-324/BA;Oeste;Colisão Traseira;2;2;;;;;1
28/05/2012;10:10:00;92;sem vítima;620,7;BR-324/BA;Leste;Colisão Traseira;1;2;;;;;1
28/05/2012;15:22:00;151;com vítima;601;BR-116/BA;Norte;Tombamento;1;0;;;;1;3
29/05/2012;11:25:00;106;com vítima;488;BR-116/BA;Norte;Tombamento;1;0;1;;;;1
29/05/2012;11:10:00;105;sem vítima;620,3;BR-324/BA;Oeste;Colisão Traseira;1;2;;;;;1
29/05/2012;20:10:00;168;sem vítima;648;BR-116/BA;Sul;Tombamento;1;1;;;;;1
30/05/2012;07:50:00;41;sem vítima;621;BR-324/BA;Leste;Colisão Lateral;1;5;;;;;1
30/05/2012;17:13:00;142;com vítima;709;BR-116/BA;Norte;Colisão Traseira;1;1;1;;;;1
30/05/2012;13:28:00;100;sem vítima;913;BR-116/BA;Sul;Engavetamento;3;4;;;;;1
31/05/2012;06:19:00;33;sem vítima;427;BR-116/BA;Norte;Colisão Lateral;2;2;;;;;1
31/05/2012;13:03:00;123;sem vítima;458,4;BR-116/BA;Sul;Colisão Traseira;2;2;;;;;1
31/05/2012;05:51:00;29;com vítima;470,8;BR-116/BA;Norte;Colisão Frontal;1;0;4;;1;;2
01/06/2012;13:09:00;111;sem vítima;9;BR-116/BA - Cont VC;;Tombamento;1;1;;;;;1
01/06/2012;07:23:00;40;sem vítima;432;BR-116/BA;Norte;Colisão Traseira;2;2;;;;;1
01/06/2012;10:32:00;75;sem vítima;556,6;BR-324/BA;Leste;Colisão Traseira;1;3;;;;;1
01/06/2012;10:08:00;70;sem vítima;599;BR-324/BA;Oeste;Colisão Traseira;1;2;;;;;1
02/06/2012;11:08:00;87;sem vítima;466;BR-116/BA;Sul;Colisão Lateral;2;2;;;;;1
02/06/2012;22:42:00;240;com vítima;617;BR-324/BA;Oeste;Colisão Frontal;1;1;2;;;;1
02/06/2012;00:56:00;6;sem vítima;571,4;BR-116/BA;Sul;Tombamento;1;1;;;;;1
02/06/2012;08:26:00;59;com vítima;643,3;BR-116/BA;Sul;Saida de Pista;1;0;;;1;;2
02/06/2012;17:00:00;172;sem vítima;807;BR-116/BA;Norte;Colisão Traseira;2;3;;;;;1
03/06/2012;06:36:00;40;com vítima;482;BR-116/BA;Sul;Colisão Lateral;1;1;;;1;;2
03/06/2012;14:51:00;113;com vítima;626;BR-324/BA;Leste;Colisão Traseira;1;2;1;;;;1
03/06/2012;15:56:00;121;sem vítima;670;BR-116/BA;Norte;Colisão Lateral;1;2;;;;;1
03/06/2012;11:32:00;85;com vítima;777;BR-116/BA;Norte;Saida de Pista;1;0;1;;;;1
04/06/2012;09:53:00;71;sem vítima;809;BR-116/BA;Sul;Engavetamento;4;6;;;;;1
05/06/2012;19:25:00;193;com vítima;443,3;BR-116/BA;Sul;Colisão Lateral;1;1;;;1;;2
05/06/2012;07:15:00;41;sem vítima;523;BR-324/BA;Leste;Colisão Lateral;1;3;;;;;1
05/06/2012;03:43:00;13;sem vítima;578;BR-116/BA;Norte;Tombamento;1;1;;;;;1
06/06/2012;11:00:00;89;com vítima;447,67;BR-116/BA;Norte;Colisão Lateral;4;4;;;;1;3
06/06/2012;07:46:00;44;sem vítima;594;BR-324/BA;Oeste;Colisão Traseira;1;2;;;;;1
06/06/2012;10:15:00;79;sem vítima;605,1;BR-324/BA;Leste;Saida de Pista;1;1;;;;;1
06/06/2012;08:59:00;61;sem vítima;607;BR-324/BA;Oeste;Colisão Traseira;1;2;;;;;1
06/06/2012;20:31:00;200;sem vítima;616;BR-324/BA;Oeste;Colisão Lateral;1;3;;;;;1
07/06/2012;08:42:00;63;sem vítima;468,2;BR-116/BA;Norte;Engavetamento;2;3;;;;;1
07/06/2012;18:23:00;164;sem vítima;593;BR-324/BA;Oeste;Tombamento;1;1;;;;;1
09/06/2012;11:23:00;98;com vítima;428;BR-116/BA;Norte;Colisão Lateral;1;1;1;;;;1
09/06/2012;14:55:00;136;com vítima;445,9;BR-116/BA;Sul;Colisão Traseira;2;1;;1;1;;2
09/06/2012;09:38:00;70;com vítima;446;BR-116/BA;Norte;Colisão Traseira;2;1;1;;;;1
09/06/2012;15:44:00;145;sem vítima;640;BR-116/BA;Sul;Sequência;2;2;;;;;1
09/06/2012;18:41:00;175;sem vítima;908,5;BR-116/BA;Norte;Colisão Traseira;1;2;;;;;1
10/06/2012;23:00:00;184;com vítima;458;BR-116/BA;Norte;Colisão Transversal;2;1;1;1;1;;2
10/06/2012;10:47:00;66;sem vítima;761;BR-116/BA;Sul;Colisão Lateral;1;6;;;;;1
10/06/2012;18:05:00;132;com vítima;776;BR-116/BA;Sul;Colisão Transversal;1;1;;1;;1;3
10/06/2012;14:03:00;97;com vítima;819;BR-116/BA;Sul;Colisão Traseira;1;1;3;;;;1
11/06/2012;12:42:00;139;sem vítima;560;BR-324/BA;Oeste;Saida de Pista;1;1;;;;;1
12/06/2012;18:20:00;166;sem vítima;518,5;BR-324/BA;Leste;Colisão Traseira;2;2;;;;;1
12/06/2012;18:22:00;169;sem vítima;522;BR-324/BA;Leste;Colisão Traseira;1;3;;;;;1
12/06/2012;22:32:00;200;sem vítima;539;BR-324/BA;Oeste;Atropelamento de Animal;1;1;;;;;1
12/06/2012;08:25:00;54;com vítima;543;BR-324/BA;Oeste;Atropelamento de Pedestre;1;1;;;1;;2
12/06/2012;16:32:00;144;sem vítima;599;BR-324/BA;Leste;Colisão Traseira;1;2;;;;;1
12/06/2012;10:12:00;72;com vítima;570;BR-116/BA;Norte;Colisão Frontal;1;2;;;1;2;3
12/06/2012;14:01:00;113;com vítima;582,8;BR-116/BA;Sul;Saida de Pista;1;0;1;;;;1
12/06/2012;10:51:00;80;sem vítima;643,5;BR-116/BA;Norte;Colisão Lateral;1;2;;;;;1
13/06/2012;12:54:00;107;sem vítima;557,8;BR-324/BA;Oeste;Saida de Pista;1;1;;;;;1
13/06/2012;07:15:00;30;sem vítima;612;BR-324/BA;Oeste;Colisão Traseira;1;3;;;;;1
13/06/2012;08:51:00;51;sem vítima;804;BR-116/BA;Sul;Colisão Traseira;1;5;;;;;1
14/06/2012;11:59:00;125;com vítima;443;BR-116/BA;Norte;Colisão Traseira;2;1;1;;;;1
14/06/2012;08:03:00;62;sem vítima;445;BR-116/BA;Sul;Colisão Traseira;2;2;;;;;1
14/06/2012;19:36:00;206;sem vítima;538;BR-324/BA;Leste;Atropelamento de Animal;1;1;;;;;1
14/06/2012;09:11:00;84;sem vítima;664;BR-116/BA;Sul;Colisão Traseira;1;4;;;;;1
14/06/2012;22:46:00;223;sem vítima;773;BR-116/BA;Norte;Colisão Transversal;1;5;;;;;1
14/06/2012;13:46:00;139;com vítima;814,5;BR-116/BA;Norte;Colisão Frontal;1;2;1;;;;1
15/06/2012;14:25:00;135;com vítima;531;BR-324/BA;Oeste;Colisão Traseira;1;1;;1;;;2
15/06/2012;07:29:00;48;sem vítima;604;BR-324/BA;Leste;Colisão Transversal;1;2;;;;;1
15/06/2012;15:02:00;147;com vítima;604,1;BR-116/BA;Sul;Saida de Pista;1;0;;;;1;3
15/06/2012;11:35:00;108;sem vítima;648;BR-116/BA;Sul;Colisão Traseira;2;4;;;;;1
15/06/2012;14:15:00;134;sem vítima;648;BR-116/BA;Sul;Saida de Pista;1;1;;;;;1
16/06/2012;08:03:00;61;sem vítima;518;BR-324/BA;Oeste;Tombamento;1;1;;;;;1
16/06/2012;09:11:00;79;com vítima;523;BR-324/BA;Oeste;Colisão Traseira;1;1;1;;;;1
16/06/2012;07:35:00;55;sem vítima;524;BR-324/BA;Leste;Saida de Pista;1;2;;;;;1
16/06/2012;05:27:00;27;sem vítima;449,5;BR-116/BA;Norte;Tombamento;1;1;;;;;1
16/06/2012;16:33:00;156;com vítima;626;BR-324/BA;Oeste;Sequência;1;2;;;2;;2
16/06/2012;08:53:00;73;com vítima;696,6;BR-116/BA;Sul;Saida de Pista;1;0;;1;;;2
16/06/2012;07:50:00;60;sem vítima;756,3;BR-116/BA;Sul;Engavetamento;3;3;;;;;1
16/06/2012;14:55:00;134;sem vítima;910;BR-116/BA;Norte;Engavetamento;2;4;;;;;1
17/06/2012;11:28:00;88;sem vítima;569;BR-116/BA;Sul;Saida de Pista;1;1;;;;;1
17/06/2012;04:15:00;19;sem vítima;586;BR-116/BA;Sul;Tombamento;1;1;;;;;1
17/06/2012;08:58:00;54;com vítima;654;BR-116/BA;Sul;Capotamento;1;0;1;;;;1
17/06/2012;09:24:00;59;com vítima;839;BR-116/BA;Norte;Saida de Pista;1;1;1;;;;1
17/06/2012;07:44:00;40;com vítima;920,3;BR-116/BA;Sul;Tombamento;1;0;;1;;;2
17/06/2012;12:20:00;98;sem vítima;924,6;BR-116/BA;Sul;Tombamento;1;1;;;;;1
18/06/2012;09:45:00;70;sem vítima;21;BR-116/BA - Cont VC;;Tombamento;1;1;;;;;1
18/06/2012;19:27:00;180;com vítima;561;BR-324/BA;Oeste;Colisão Traseira;2;1;1;;;;1
18/06/2012;04:49:00;28;sem vítima;575;BR-116/BA;Norte;Colisão Lateral;1;2;;;;;1
18/06/2012;15:26:00;124;sem vítima;580,5;BR-116/BA;Norte;Saida de Pista;1;1;;;;;1
18/06/2012;16:48:00;142;sem vítima;670;BR-116/BA;Norte;Colisão Lateral;1;6;;;;;1
18/06/2012;16:58:00;161;sem vítima;670;BR-116/BA;Norte;Colisão Lateral;1;6;;;;;1
19/06/2012;09:54:00;100;sem vítima;426,2;BR-116/BA;Sul;Colisão Traseira;1;2;;;;;1
19/06/2012;05:31:00;34;sem vítima;595;BR-324/BA;Oeste;Colisão Lateral;1;7;;;;;1
19/06/2012;04:17:00;26;sem vítima;607;BR-324/BA;Leste;Colisão Lateral;1;2;;;;;1
19/06/2012;20:40:00;231;sem vítima;556;BR-116/BA;Norte;Colisão Lateral;2;2;;;;;1
19/06/2012;01:35:00;14;sem vítima;617;BR-116/BA;Sul;Colisão Traseira;1;4;;;;;1
19/06/2012;10:35:00;113;sem vítima;785;BR-116/BA;Norte;Tombamento;1;1;;;;;1
19/06/2012;10:12:00;104;sem vítima;909,5;BR-116/BA;Norte;Colisão Traseira;2;2;;;;;1
20/06/2012;21:52:00;259;com vítima;9;BR-116/BA - Cont VC;;Colisão Transversal;1;3;1;;;;1
20/06/2012;05:08:00;36;com vítima;543;BR-324/BA;Oeste;Saida de Pista;1;1;1;;;;1
20/06/2012;17:47:00;226;sem vítima;482;BR-116/BA;Sul;Colisão Traseira;2;2;;;;;1
20/06/2012;18:39:00;235;sem vítima;482;BR-116/BA;Sul;Colisão Traseira;1;2;;;;;1
20/06/2012;17:32:00;219;sem vítima;566;BR-116/BA;Norte;Colisão Traseira;1;2;;;;;1
20/06/2012;07:13:00;49;sem vítima;589;BR-116/BA;Sul;Engavetamento;3;4;;;;;1
20/06/2012;21:30:00;257;com vítima;829;BR-116/BA;Sul;Colisão Traseira;1;1;;1;;;2
21/06/2012;21:16:00;245;sem vítima;557;BR-324/BA;Oeste;Colisão Lateral;1;46;;;;;1
21/06/2012;14:35:00;154;sem vítima;561;BR-324/BA;Oeste;Tombamento;1;1;;;;;1
21/06/2012;14:04:00;149;sem vítima;582;BR-324/BA;Leste;Colisão Traseira;2;3;;;;;1
21/06/2012;20:41:00;239;sem vítima;690;BR-116/BA;Sul;Colisão Lateral;2;2;;;;;1
21/06/2012;09:49:00;94;sem vítima;852;BR-116/BA;Sul;Colisão Traseira;2;2;;;;;1
22/06/2012;15:54:00;184;sem vítima;0;BR-116/BA - ContSuFS;;Colisão Lateral;1;4;;;;;1
22/06/2012;19:29:00;252;sem vítima;4;BR-116/BA - ContSuFS;;Colisão Traseira;1;4;;;;;1
22/06/2012;06:39:00;52;sem vítima;574;BR-324/BA;Leste;Colisão Lateral;1;2;;;;;1
22/06/2012;12:36:00;135;sem vítima;581;BR-324/BA;Oeste;Colisão Traseira;1;3;;;;;1
22/06/2012;19:25:00;250;sem vítima;606;BR-324/BA;Leste;Colisão Traseira;1;26;;;;;1
22/06/2012;09:36:00;93;sem vítima;570,8;BR-116/BA;Norte;Colisão Lateral;2;5;;;;;1
22/06/2012;17:58:00;220;com vítima;819;BR-116/BA;Sul;Colisão Traseira;1;1;1;;;;1
23/06/2012;06:30:00;42;com vítima;523;BR-324/BA;Leste;Engavetamento;1;2;2;;;;1
23/06/2012;16:13:00;177;com vítima;539;BR-324/BA;Oeste;Colisão Traseira;1;2;;1;;;2
23/06/2012;05:41:00;31;sem vítima;551;BR-324/BA;Oeste;Colisão Traseira;1;2;;;;;1
23/06/2012;01:45:00;12;com vítima;461;BR-116/BA;Norte;Colisão Traseira;2;1;1;;;;1
23/06/2012;03:14:00;17;sem vítima;573;BR-324/BA;Oeste;Saida de Pista;1;1;;;;;1
23/06/2012;21:04:00;236;sem vítima;612;BR-324/BA;Leste;Saida de Pista;1;1;;;;;1
23/06/2012;20:55:00;233;sem vítima;663;BR-116/BA;Norte;Atropelamento de Animal;1;1;;;;;1
24/06/2012;06:17:00;49;sem vítima;445;BR-116/BA;Norte;Sequência;1;3;;;;;1
24/06/2012;19:38:00;224;sem vítima;530;BR-324/BA;Leste;Colisão Traseira;1;2;;;;;1
24/06/2012;14:18:00;131;sem vítima;592;BR-324/BA;Leste;Colisão Lateral;1;3;;;;;1
24/06/2012;06:24:00;50;sem vítima;872;BR-116/BA;Sul;Colisão Traseira;1;2;;;;;1
25/06/2012;06:51:00;58;sem vítima;548,3;BR-324/BA;Leste;Colisão Traseira;2;2;;;;;1
25/06/2012;17:51:00;308;sem vítima;551,05;BR-324/BA;Leste;Colisão Traseira;1;2;;;;;1
25/06/2012;12:51:00;216;sem vítima;573;BR-324/BA;Leste;;1;2;;;;;1
25/06/2012;07:25:00;77;sem vítima;582;BR-324/BA;Leste;Engavetamento;1;7;;;;;1
25/06/2012;21:27:00;383;sem vítima;599;BR-324/BA;Leste;Colisão Lateral;1;4;;;;;1
25/06/2012;21:22:00;378;com vítima;595;BR-116/BA;Norte;Tombamento;1;0;1;;;;1
25/06/2012;12:13:00;202;com vítima;633,5;BR-116/BA;Sul;Colisão Lateral;1;1;;1;;;2
25/06/2012;14:01:00;237;com vítima;675;BR-116/BA;Norte;Colisão Transversal;1;1;;;;1;3
25/06/2012;08:47:00;130;sem vítima;817;BR-116/BA;Norte;Colisão Lateral;2;2;;;;;1
26/06/2012;10:22:00;94;sem vítima;429;BR-116/BA;Norte;Engavetamento;1;4;;;;;1
26/06/2012;06:51:00;44;com vítima;442,3;BR-116/BA;Norte;Colisão Lateral;1;2;2;;;1;3
26/06/2012;05:16:00;34;sem vítima;538;BR-324/BA;Oeste;Engavetamento;3;3;;;;;1
26/06/2012;18:35:00;217;sem vítima;577;BR-324/BA;Oeste;Saida de Pista;1;2;;;;;1
26/06/2012;04:29:00;30;sem vítima;542;BR-116/BA;Norte;Colisão Transversal;1;2;;;;;1
26/06/2012;18:09:00;202;com vítima;566;BR-116/BA;Norte;Colisão Lateral;1;1;1;;;;1
26/06/2012;16:28:00;178;sem vítima;648;BR-116/BA;Sul;Colisão Lateral;2;2;;;;;1
26/06/2012;09:23:00;82;com vítima;652;BR-116/BA;Sul;Colisão Lateral;1;2;2;;;;1
26/06/2012;18:02:00;199;com vítima;653;BR-116/BA;Norte;Colisão Transversal;1;3;2;;;;1
26/06/2012;18:13:00;203;sem vítima;665;BR-116/BA;Norte;Saida de Pista;1;1;;;;;1
27/06/2012;22:15:00;204;sem vítima;2;BR-116/BA - ContSuFS;;Colisão Lateral;1;7;;;;;1
27/06/2012;16:30:00;143;sem vítima;3;BR-116/BA - ContSuFS;;Colisão Traseira;1;7;;;;;1
27/06/2012;11:19:00;89;sem vítima;441,8;BR-116/BA;Norte;Saida de Pista;1;1;;;;;1
27/06/2012;12:24:00;103;sem vítima;573;BR-324/BA;Oeste;Colisão Traseira;1;2;;;;;1
28/06/2012;18:50:00;190;com vítima;426,6;BR-116/BA;Norte;Colisão Traseira;1;4;1;;;;1
28/06/2012;09:35:00;84;sem vítima;529;BR-324/BA;Oeste;Colisão Lateral;2;3;;;;;1
28/06/2012;07:25:00;44;sem vítima;453;BR-116/BA;Sul;Colisão Traseira;2;2;;;;;1
28/06/2012;21:50:00;224;sem vítima;577;BR-324/BA;Leste;Colisão Traseira;3;4;;;;;1
28/06/2012;18:11:00;184;sem vítima;549;BR-116/BA;Sul;Engavetamento;3;3;;;;;1
28/06/2012;12:11:00;103;com vítima;678;BR-116/BA;Norte;Colisão Traseira;2;2;;1;;;2
28/06/2012;13:29:00;123;sem vítima;748;BR-116/BA;Sul;Colisão Traseira;1;2;;;;;1
28/06/2012;17:57:00;181;com vítima;784;BR-116/BA;Norte;Colisão Transversal;1;2;;1;;1;3
29/06/2012;07:27:00;43;com vítima;518;BR-324/BA;Oeste;Colisão Lateral;1;2;1;;;;1
29/06/2012;12:48:00;154;sem vítima;456,1;BR-116/BA;Sul;Colisão Traseira;1;4;;;;;1
29/06/2012;07:26:00;42;sem vítima;477,5;BR-116/BA;Sul;Colisão Lateral;1;2;;;;;1
29/06/2012;10:23:00;111;com vítima;578;BR-324/BA;Oeste;Colisão Traseira;1;3;1;;;;1
29/06/2012;03:03:00;15;sem vítima;559;BR-116/BA;Norte;Colisão Traseira;1;38;;;;;1
30/06/2012;18:58:00;189;com vítima;519,9;BR-324/BA;Leste;Sequência;1;5;2;;;;1
30/06/2012;04:23:00;19;sem vítima;527;BR-324/BA;Leste;Saida de Pista;1;1;;;;;1
30/06/2012;18:01:00;171;sem vítima;599;BR-324/BA;Oeste;Colisão Traseira;1;2;;;;;1
30/06/2012;08:51:00;63;sem vítima;602;BR-324/BA;Leste;Colisão Transversal;1;2;;;;;1
30/06/2012;08:13:00;56;sem vítima;602,9;BR-324/BA;Leste;Tombamento;1;1;;;;;1
30/06/2012;21:45:00;221;com vítima;554;BR-116/BA;Norte;Colisão Frontal;1;2;;1;;;2
30/06/2012;14:25:00;137;sem vítima;574;BR-116/BA;Norte;Saida de Pista;1;1;;;;;1
30/06/2012;15:35:00;146;com vítima;758;BR-116/BA;Norte;Colisão Transversal;1;1;;1;;;2
30/06/2012;19:13:00;191;sem vítima;759;BR-116/BA;Sul;Colisão Lateral;1;2;;;;;1
01/07/2012;08:10:00;57;com vítima;526;BR-324/BA;Oeste;Colisão Traseira;1;8;5;2;;;2
01/07/2012;05:04:00;26;com vítima;616;BR-324/BA;Oeste;Saida de Pista;1;0;1;;;;1
01/07/2012;08:39:00;65;sem vítima;603,3;BR-116/BA;Sul;Colisão Lateral;1;4;;;;;1
01/07/2012;15:40:00;137;com vítima;654;BR-116/BA;Sul;Colisão Lateral;1;1;3;;1;;2
01/07/2012;16:04:00;140;sem vítima;686;BR-116/BA;Norte;Tombamento;1;1;;;;;1
01/07/2012;22:07:00;204;sem vítima;694,05;BR-116/BA;Norte;Tombamento;1;1;;;;;1
02/07/2012;04:03:00;20;sem vítima;440;BR-116/BA;Norte;Colisão Lateral;1;2;;;;;1
02/07/2012;04:25:00;22;sem vítima;642;BR-116/BA;Norte;Tombamento;1;1;;;;;1
02/07/2012;20:08:00;192;sem vítima;642,8;BR-116/BA;Sul;Saida de Pista;1;1;;;;;1
02/07/2012;17:33:00;160;sem vítima;678;BR-116/BA;Norte;Saida de Pista;1;1;;;;;1
02/07/2012;10:16:00;64;sem vítima;692;BR-116/BA;Sul;Tombamento;1;1;;;;;1
03/07/2012;08:49:00;60;sem vítima;537;BR-324/BA;Leste;Colisão Lateral;1;21;;;;;1
03/07/2012;12:53:00;105;com vítima;543;BR-324/BA;Oeste;Colisão Traseira;1;4;1;;;;1
03/07/2012;16:04:00;134;sem vítima;551;BR-324/BA;Oeste;Colisão Lateral;1;4;;;;;1
03/07/2012;19:06:00;163;sem vítima;551;BR-324/BA;Oeste;Colisão Traseira;2;2;;;;;1
03/07/2012;16:25:00;139;sem vítima;482,8;BR-116/BA;Norte;Colisão Traseira;1;2;;;;;1
03/07/2012;09:00:00;63;sem vítima;588,8;BR-324/BA;Leste;Engavetamento;1;3;;;;;1
03/07/2012;05:09:00;21;com vítima;591;BR-324/BA;Leste;Colisão Traseira;1;1;2;;8;9;3
03/07/2012;14:45:00;120;sem vítima;507;BR-116/BA;Sul;Saida de Pista;1;1;;;;;1
03/07/2012;21:07:00;183;com vítima;778;BR-116/BA;Norte;Atropelamento de Pedestre;1;4;;;;1;3
03/07/2012;22:50:00;195;sem vítima;859,1;BR-116/BA;Norte;Colisão Traseira;2;2;;;;;1
04/07/2012;18:52:00;169;sem vítima;6;BR-116/BA - ContSuFS;;Colisão Traseira;1;2;;;;;1
04/07/2012;23:22:00;205;sem vítima;623;BR-116/BA;Sul;Atropelamento de Animal;1;1;;;;;1
05/07/2012;13:43:00;125;com vítima;481;BR-116/BA;Norte;Colisão Transversal;2;1;2;;;;1
05/07/2012;11:59:00;95;com vítima;482;BR-116/BA;Sul;Colisão Traseira;1;1;4;1;;;2
05/07/2012;15:08:00;133;com vítima;484;BR-116/BA;Norte;Colisão Frontal;1;1;;1;1;;2
05/07/2012;12:31:00;105;sem vítima;493;BR-116/BA;Norte;Tombamento;1;1;;;;;1
05/07/2012;12:35:00;107;com vítima;530;BR-116/BA;Norte;Saida de Pista;1;0;1;;;1;3
05/07/2012;08:03:00;45;com vítima;575;BR-116/BA;Norte;Colisão Traseira;1;1;1;;;;1
05/07/2012;13:19:00;119;sem vítima;791;BR-116/BA;Sul;Colisão Traseira;2;2;;;;;1
06/07/2012;19:04:00;185;sem vítima;521;BR-324/BA;Oeste;Colisão Traseira;1;7;;;;;1
06/07/2012;22:00:00;222;com vítima;532,5;BR-324/BA;Oeste;Colisão Lateral;1;1;;1;;;2
06/07/2012;02:35:00;10;sem vítima;467;BR-116/BA;Norte;Tombamento;1;1;;;;;1
06/07/2012;04:18:00;18;sem vítima;467;BR-116/BA;Norte;Choque - Talude;1;1;;;;;1
06/07/2012;06:05:00;25;sem vítima;483;BR-116/BA;Norte;Colisão Traseira;2;2;;;;;1
06/07/2012;13:16:00;110;com vítima;487;BR-116/BA;Norte;Colisão Transversal;1;1;;1;;;2
06/07/2012;17:10:00;161;sem vítima;599;BR-324/BA;Leste;Colisão Traseira;1;3;;;;;1
06/07/2012;23:30:00;244;com vítima;563;BR-116/BA;Norte;Saida de Pista;1;0;1;;;;1
07/07/2012;01:10:00;9;com vítima;481;BR-116/BA;Norte;Choque - Outros;1;0;;1;;;2
07/07/2012;07:16:00;40;sem vítima;481;BR-116/BA;Sul;Colisão Lateral;2;2;;;;;1
07/07/2012;23:45:00;248;sem vítima;638,7;BR-116/BA;Sul;Colisão Lateral;1;2;;;;;1
07/07/2012;09:30:00;68;sem vítima;667;BR-116/BA;Norte;Colisão Traseira;2;2;;;;;1
07/07/2012;10:26:00;80;com vítima;687;BR-116/BA;Sul;Tombamento;1;0;1;;;;1
07/07/2012;08:54:00;61;sem vítima;715;BR-116/BA;Norte;Colisão Traseira;1;27;;;;;1
07/07/2012;10:32:00;87;sem vítima;729;BR-116/BA;Norte;Engavetamento;3;3;;;;;1
07/07/2012;15:44:00;153;sem vítima;845,5;BR-116/BA;Norte;Colisão Traseira;1;2;;;;;1
08/07/2012;11:54:00;81;sem vítima;508;BR-116/BA;Norte;Tombamento;1;1;;;;;1
08/07/2012;10:52:00;74;sem vítima;567,95;BR-116/BA;Sul;Colisão Lateral;2;2;;;;;1
08/07/2012;14:00:00;97;sem vítima;635;BR-116/BA;Norte;Colisão Traseira;1;3;;;;;1
08/07/2012;07:48:00;47;com vítima;811;BR-116/BA;Norte;Colisão Transversal;1;1;2;;;;1
08/07/2012;10:30:00;72;sem vítima;903;BR-116/BA;Sul;Tombamento;1;2;;;;;1
09/07/2012;06:45:00;50;com vítima;448;BR-116/BA;Sul;Colisão Lateral;1;3;1;;;;1
09/07/2012;10:07:00;95;sem vítima;608;BR-324/BA;Leste;Colisão Traseira;1;5;;;;;1
09/07/2012;16:09:00;167;com vítima;744,1;BR-116/BA;Norte;Colisão Frontal;2;2;1;;;1;3
09/07/2012;23:52:00;239;com vítima;828;BR-116/BA;Norte;Atropelamento de Pedestre;1;1;;;;1;3
10/07/2012;07:48:00;31;com vítima;458;BR-116/BA;Norte;Colisão Frontal;1;1;;1;;;2
10/07/2012;04:36:00;12;sem vítima;459;BR-116/BA;Norte;Colisão Lateral;1;5;;;;;1
10/07/2012;03:57:00;10;sem vítima;521;BR-116/BA;Norte;Colisão Transversal;1;2;;;;;1
10/07/2012;22:25:00;159;sem vítima;626;BR-324/BA;Oeste;Colisão Lateral;1;5;;;;;1
10/07/2012;07:50:00;33;com vítima;728;BR-116/BA;Sul;Sequência;6;7;;4;1;;2
11/07/2012;12:27:00;114;com vítima;526;BR-324/BA;Oeste;Colisão Lateral;2;2;1;;;;1
11/07/2012;06:24:00;30;sem vítima;575;BR-324/BA;Leste;Colisão Lateral;1;2;;;;;1
11/07/2012;02:53:00;15;sem vítima;588;BR-324/BA;Leste;Colisão Traseira;1;2;;;;;1
11/07/2012;13:26:00;125;sem vítima;493;BR-116/BA;Sul;Colisão Frontal;1;2;;;;;1
11/07/2012;19:57:00;204;com vítima;637;BR-116/BA;Sul;Colisão Lateral;1;1;1;1;;;2
11/07/2012;07:34:00;46;com vítima;728;BR-116/BA;Sul;Colisão Lateral;1;1;;1;;;2
11/07/2012;00:05:00;1;sem vítima;733;BR-116/BA;Norte;Colisão Traseira;2;2;;;;;1
11/07/2012;19:15:00;197;sem vítima;817;BR-116/BA;Sul;Engavetamento;1;5;;;;;1
12/07/2012;17:12:00;194;sem vítima;444;BR-116/BA;Norte;Engavetamento;1;7;;;;;1
12/07/2012;16:12:00;183;com vítima;527;BR-324/BA;Leste;Sequência;2;4;1;1;;;2
12/07/2012;18:46:00;216;sem vítima;528;BR-324/BA;Oeste;Colisão Traseira;1;2;;;;;1
12/07/2012;15:35:00;176;sem vítima;530;BR-324/BA;Oeste;Saida de Pista;1;1;;;;;1
12/07/2012;17:29:00;202;com vítima;468;BR-116/BA;Norte;Colisão Lateral;1;1;2;1;;;2
12/07/2012;14:32:00;169;sem vítima;613;BR-324/BA;Oeste;Colisão Traseira;1;2;;;;;1
12/07/2012;17:50:00;206;com vítima;620;BR-324/BA;Oeste;Colisão Transversal;1;1;1;;;;1
12/07/2012;23:00:00;247;sem vítima;755;BR-116/BA;Sul;Atropelamento de Animal;1;1;;;;;1
12/07/2012;21:16:00;242;com vítima;844;BR-116/BA;Sul;Colisão Frontal;2;2;;2;;;2
12/07/2012;20:50:00;241;com vítima;865;BR-116/BA;Sul;Colisão Lateral;2;3;;1;;;2