data;horario;n_da_ocorrencia;tipo_de_ocorrencia;km;trecho;sentido;tipo_de_acidente;caminhao;ilesos;levemente_feridos;moderadamente_feridos;gravemente_feridos;mortos;3
07/09/2012;18:01:00;232;com vítima;29,6;BR-116/BA - Cont VC;;Tombamento;1;1;1;;;;1
07/09/2012;01:29:00;15;sem vítima;523;BR-324/BA;Oeste;Colisão Lateral;1;3;;;;;1
07/09/2012;19:19:00;248;sem vítima;478;BR-116/BA;Norte;Colisão Lateral;1;5;;;;;1
07/09/2012;00:00:00;1;com vítima;579;BR-324/BA;Leste;Colisão Traseira;1;1;1;;;;1
07/09/2012;03:20:00;33;sem vítima;580;BR-324/BA;Leste;Colisão Traseira;2;3;;;;;1
07/09/2012;13:34:00;162;com vítima;612;BR-324/BA;Leste;Colisão Traseira;1;1;;1;;;2
08/09/2012;20:38:00;248;com vítima;538;BR-324/BA;Oeste;Colisão Traseira;2;1;;;1;;2
08/09/2012;07:01:00;61;com vítima;518;BR-116/BA;Norte;Colisão Traseira;1;2;1;;;;1
09/09/2012;05:27:00;31;sem vítima;593;BR-116/BA;Sul;Saida de Pista;1;2;;;;;1
09/09/2012;17:02:00;201;sem vítima;723;BR-116/BA;Sul;Colisão Lateral;2;2;;;;;1
10/09/2012;12:41:00;174;sem vítima;523;BR-324/BA;Leste;Colisão Traseira;1;4;;;;;1
10/09/2012;09:04:00;98;sem vítima;626;BR-324/BA;Leste;Colisão Traseira;1;32;;;;;1
10/09/2012;20:32:00;279;com vítima;564;BR-116/BA;Sul;Colisão Lateral;1;3;4;;;;1
11/09/2012;14:09:00;147;sem vítima;616;BR-324/BA;Oeste;Colisão Traseira;2;3;;;;;1
11/09/2012;09:04:00;66;sem vítima;641;BR-116/BA;Norte;Saida de Pista;1;1;;;;;1
11/09/2012;08:24:00;56;com vítima;819,4;BR-116/BA;Norte;Tombamento;1;0;1;;;;1
12/09/2012;11:27:00;117;sem vítima;565;BR-324/BA;Oeste;Colisão Traseira;2;2;;;;;1
12/09/2012;06:11:00;27;com vítima;670;BR-116/BA;Sul;Tombamento;1;0;1;;;;1
12/09/2012;14:51:00;165;sem vítima;751;BR-116/BA;Norte;Engavetamento;4;4;;;;;1
13/09/2012;18:00:00;205;sem vítima;551;BR-324/BA;Oeste;Colisão Traseira;2;2;;;;;1
13/09/2012;10:53:00;99;sem vítima;505;BR-116/BA;Norte;Colisão Lateral;1;4;;;;;1
13/09/2012;22:51:00;247;sem vítima;606,8;BR-324/BA;Leste;Colisão Lateral;1;2;;;;;1
14/09/2012;17:24:00;186;com vítima;581;BR-116/BA;Sul;Tombamento;1;1;1;;;;1
15/09/2012;09:31:00;70;com vítima;16,5;BR-116/BA - Cont VC;;Colisão Frontal;1;2;1;;;;1
15/09/2012;09:42:00;97;sem vítima;16,7;BR-116/BA - Cont VC;;Colisão Transversal;1;3;;;;;1
15/09/2012;12:13:00;103;sem vítima;446;BR-116/BA;Sul;Engavetamento;4;4;;;;;1
15/09/2012;19:15:00;175;sem vítima;518;BR-116/BA;Norte;Colisão Transversal;1;3;;;;;1
15/09/2012;04:10:00;20;sem vítima;615;BR-324/BA;Oeste;Saida de Pista;1;1;;;;;1
15/09/2012;18:40:00;171;com vítima;608,9;BR-116/BA;Norte;Colisão Frontal;2;0;;;1;2;3
15/09/2012;07:55:00;49;com vítima;773,8;BR-116/BA;Sul;Colisão Traseira;1;2;1;;;;1
16/09/2012;11:19:00;75;com vítima;613;BR-324/BA;Oeste;Choque - Defensa, barreira ou "submarino";1;1;1;;;;1
16/09/2012;14:49:00;109;sem vítima;584;BR-116/BA;Norte;Tombamento;1;1;;;;;1
16/09/2012;04:31:00;19;com vítima;595;BR-116/BA;Sul;Colisão Frontal;1;0;1;2;1;9;3
16/09/2012;11:19:00;74;com vítima;903;BR-116/BA;Norte;Colisão Traseira;1;43;4;;;;1
16/09/2012;19:27:00;166;sem vítima;908,9;BR-116/BA;Norte;Colisão Traseira;1;4;;;;;1
17/09/2012;10:13:00;91;sem vítima;428,8;BR-116/BA;Sul;Colisão Traseira;1;5;;;;;1
17/09/2012;19:51:00;213;sem vítima;523,1;BR-324/BA;Leste;Colisão Lateral;1;5;;;;;1
17/09/2012;07:40:00;55;sem vítima;617;BR-324/BA;Oeste;Colisão Transversal;1;3;;;;;1
17/09/2012;21:20:00;229;com vítima;628;BR-116/BA;Sul;Colisão Traseira;2;1;1;;;;1
17/09/2012;23:11:00;246;com vítima;750;BR-116/BA;Norte;Tombamento;1;0;1;;;;1
18/09/2012;02:00:00;10;com vítima;522;BR-324/BA;Leste;Choque Contra Objeto Fixo;1;0;1;;;;1
18/09/2012;18:15:00;172;sem vítima;604;BR-324/BA;Leste;Colisão Traseira;1;2;;;;;1
18/09/2012;18:23:00;173;sem vítima;604;BR-324/BA;Oeste;Colisão Traseira;1;5;;;;;1
18/09/2012;10:19:00;90;sem vítima;606;BR-324/BA;Oeste;Colisão Lateral;1;2;;;;;1
18/09/2012;13:05:00;124;sem vítima;607;BR-324/BA;Leste;Tombamento;1;1;;;;;1
18/09/2012;15:53:00;147;com vítima;674;BR-116/BA;Norte;Colisão Transversal;1;0;1;;;1;3
19/09/2012;22:13:00;218;sem vítima;6;BR-116/BA - ContSuFS;;Colisão Frontal;1;2;;;;;1
19/09/2012;16:36:00;162;com vítima;25,2;BR-116/BA - Cont VC;;Colisão Lateral;1;2;1;;;;1
19/09/2012;13:30:00;128;sem vítima;551;BR-324/BA;Leste;Colisão Traseira;1;2;;;;;1
19/09/2012;14:17:00;136;com vítima;538;BR-116/BA;Sul;Colisão Frontal;1;2;;;2;;2
19/09/2012;08:11:00;50;com vítima;757,25;BR-116/BA;Norte;Colisão Transversal;2;0;3;;;;1
20/09/2012;13:03:00;110;com vítima;585;BR-116/BA;Sul;Colisão Lateral;5;3;1;1;;;2
20/09/2012;10:09:00;66;com vítima;909;BR-116/BA;Sul;Colisão Lateral;2;1;1;;;;1
20/09/2012;07:58:00;34;sem vítima;910,1;BR-116/BA;Sul;Colisão Lateral;1;2;;;;;1
21/09/2012;05:48:00;30;sem vítima;520;BR-324/BA;Leste;Colisão Lateral;1;2;;;;;1
21/09/2012;06:58:00;38;sem vítima;520;BR-324/BA;Leste;Colisão Traseira;1;2;;;;;1
21/09/2012;19:19:00;227;sem vítima;521;BR-324/BA;Oeste;Colisão Traseira;2;2;;;;;1
21/09/2012;22:45:00;254;com vítima;555;BR-116/BA;Sul;Tombamento;1;0;1;;;;1
21/09/2012;14:58:00;159;sem vítima;566;BR-116/BA;Norte;Colisão Lateral;1;2;;;;;1
22/09/2012;12:40:00;148;sem vítima;551;BR-324/BA;Leste;Colisão Lateral;1;2;;;;;1
22/09/2012;09:41:00;116;sem vítima;462,7;BR-116/BA;Norte;Colisão Traseira;1;3;;;;;1
22/09/2012;19:59:00;258;sem vítima;579;BR-324/BA;Oeste;Colisão Lateral;1;5;;;;;1
22/09/2012;16:54:00;228;sem vítima;756;BR-116/BA;Norte;Tombamento;1;1;;;;;1
22/09/2012;09:20:00;109;sem vítima;931;BR-116/BA;Sul;Colisão Traseira;2;2;;;;;1
24/09/2012;16:24:00;204;sem vítima;430,4;BR-116/BA;Sul;Colisão Transversal;1;2;;;;;1
24/09/2012;14:43:00;182;sem vítima;450;BR-116/BA;Sul;Colisão Traseira;1;2;;;;;1
24/09/2012;02:00:00;12;sem vítima;454,5;BR-116/BA;Norte;Tombamento;1;1;;;;;1
24/09/2012;06:42:00;45;sem vítima;585;BR-324/BA;Leste;Colisão Transversal;1;6;;;;;1
24/09/2012;01:02:00;10;sem vítima;569;BR-116/BA;Sul;Saida de Pista;1;1;;;;;1
25/09/2012;07:28:00;65;com vítima;526,8;BR-324/BA;Oeste;Tombamento;1;0;1;;;;1
25/09/2012;11:54:00;124;sem vítima;551,8;BR-324/BA;Oeste;Tombamento;1;1;;;;;1
25/09/2012;08:11:00;71;com vítima;467;BR-116/BA;Norte;Colisão Traseira;2;1;1;;;;1
25/09/2012;05:37:00;24;com vítima;595,1;BR-324/BA;Leste;Colisão Traseira;1;1;2;;;;1
25/09/2012;06:53:00;48;sem vítima;504;BR-116/BA;Norte;Colisão Lateral;1;3;;;;;1
25/09/2012;06:54:00;50;sem vítima;702;BR-116/BA;Sul;Choque - Talude;1;1;;;;;1
25/09/2012;12:05:00;127;com vítima;713;BR-116/BA;Sul;Colisão Traseira;1;1;1;;;;1
26/09/2012;22:50:00;261;sem vítima;428;BR-116/BA;Sul;Colisão Lateral;1;6;;;;;1
26/09/2012;12:57:00;138;sem vítima;465;BR-116/BA;Norte;Colisão Transversal;2;2;;;;;1
26/09/2012;08:13:00;61;com vítima;604;BR-324/BA;Leste;Colisão Traseira;1;1;1;;;;1
26/09/2012;15:29:00;170;com vítima;624;BR-324/BA;Oeste;Choque - Objeto sobre a pista;1;1;2;;;;1
26/09/2012;06:45:00;37;sem vítima;597;BR-116/BA;Norte;Tombamento;1;1;;;;;1
27/09/2012;14:11:00;136;com vítima;543,1;BR-324/BA;Oeste;Tombamento;1;0;1;;;;1
27/09/2012;16:05:00;159;sem vítima;472,4;BR-116/BA;Sul;Colisão Traseira;1;7;;;;;1
27/09/2012;13:10:00;125;com vítima;574;BR-324/BA;Leste;Saida de Pista;1;0;1;2;;;2
28/09/2012;23:12:00;256;sem vítima;24,2;BR-116/BA - Cont VC;;Atropelamento de Animal;1;1;;;;;1
28/09/2012;14:54:00;159;sem vítima;518;BR-324/BA;Oeste;Colisão Lateral;3;3;;;;;1
28/09/2012;09:46:00;84;sem vítima;530;BR-324/BA;Oeste;Colisão Lateral;1;2;;;;;1
28/09/2012;18:05:00;212;com vítima;531;BR-324/BA;Oeste;Colisão Traseira;1;2;1;;;;1
28/09/2012;15:15:00;166;sem vítima;462;BR-116/BA;Sul;Engavetamento;1;3;;;;;1
28/09/2012;11:36:00;113;sem vítima;588;BR-324/BA;Leste;Saida de Pista;1;1;;;;;1
28/09/2012;03:14:00;14;com vítima;601;BR-324/BA;Leste;Tombamento;1;0;2;;;;1
28/09/2012;02:35:00;12;com vítima;838,2;BR-116/BA;Norte;Saida de Pista;1;0;;1;;;2
29/09/2012;05:20:00;25;sem vítima;428,2;BR-116/BA;Sul;Saida de Pista;1;1;;;;;1
29/09/2012;21:00:00;208;sem vítima;448;BR-116/BA;Sul;Engavetamento;4;4;;;;;1
29/09/2012;16:45:00;155;sem vítima;451;BR-116/BA;Sul;Colisão Traseira;2;2;;;;;1
29/09/2012;07:42:00;51;sem vítima;458;BR-116/BA;Sul;;1;1;;;;;1
29/09/2012;04:32:00;23;sem vítima;552;BR-324/BA;Leste;Colisão Lateral;1;2;;;;;1
29/09/2012;11:59:00;112;sem vítima;618;BR-324/BA;Leste;Colisão Lateral;1;2;;;;;1
29/09/2012;06:32:00;39;sem vítima;528;BR-116/BA;Norte;Colisão Lateral;2;2;;;;;1
29/09/2012;08:30:00;58;sem vítima;617;BR-116/BA;Norte;Engavetamento;3;3;;;;;1
30/09/2012;14:24:00;160;sem vítima;551;BR-324/BA;Leste;Colisão Traseira;1;5;;;;;1
30/09/2012;06:18:00;52;com vítima;579;BR-116/BA;Sul;Colisão Frontal;1;3;;;1;1;3
30/09/2012;10:48:00;114;sem vítima;842;BR-116/BA;Norte;Colisão Traseira;2;2;;;;;1
01/10/2012;16:16:00;187;com vítima;441;BR-116/BA;Sul;Colisão Traseira;2;1;;;;1;3
01/10/2012;14:01:00;150;com vítima;570,2;BR-324/BA;Leste;Tombamento;1;0;1;;;;1
01/10/2012;11:59:00;122;sem vítima;585,2;BR-324/BA;Oeste;Tombamento;1;3;;;;;1
02/10/2012;07:17:00;39;sem vítima;1,3;BR-116/BA - ContSuFS;;Colisão Frontal;1;2;;;;;1
02/10/2012;08:37:00;51;sem vítima;445;BR-116/BA;Norte;Tombamento;1;1;;;;;1
02/10/2012;06:53:00;36;sem vítima;551;BR-324/BA;Leste;Colisão Traseira;1;3;;;;;1
02/10/2012;16:17:00;139;com vítima;585;BR-324/BA;Oeste;Saida de Pista;1;2;1;;;;1
02/10/2012;22:43:00;222;com vítima;547;BR-116/BA;Norte;Atropelamento de Pedestre;1;1;;;;1;3
02/10/2012;11:44:00;79;sem vítima;689;BR-116/BA;Norte;Colisão Traseira;2;2;;;;;1
02/10/2012;02:58:00;14;com vítima;788;BR-116/BA;Norte;Sequência;1;2;3;;;;1
03/10/2012;10:34:00;121;sem vítima;591,3;BR-324/BA;Leste;Saida de Pista;1;1;;;;;1
03/10/2012;14:40:00;176;com vítima;644;BR-116/BA;Sul;Colisão Traseira;3;2;1;;;;1
04/10/2012;17:21:00;230;sem vítima;2;BR-116/BA - ContSuFS;;Colisão Traseira;1;2;;;;;1
04/10/2012;08:47:00;76;com vítima;430;BR-116/BA;Norte;Colisão Transversal;1;1;;1;;;2
04/10/2012;09:49:00;97;sem vítima;530;BR-324/BA;Oeste;Colisão Lateral;1;3;;;;;1
04/10/2012;08:35:00;70;sem vítima;543;BR-324/BA;Oeste;Colisão Traseira;1;2;;;;;1
04/10/2012;16:22:00;214;sem vítima;461;BR-116/BA;Sul;Colisão Traseira;2;2;;;;;1
04/10/2012;06:48:00;42;sem vítima;581;BR-116/BA;Norte;Tombamento;1;2;;;;;1
04/10/2012;06:23:00;34;com vítima;796,5;BR-116/BA;Sul;Colisão Frontal;2;0;;1;;1;3
05/10/2012;18:43:00;229;sem vítima;519;BR-324/BA;Leste;Colisão Traseira;1;2;;;;;1
05/10/2012;17:49:00;218;sem vítima;519,5;BR-324/BA;Oeste;Engavetamento;1;7;;;;;1
05/10/2012;11:51:00;126;sem vítima;527;BR-324/BA;Oeste;Colisão Lateral;2;2;;;;;1
05/10/2012;10:04:00;84;sem vítima;454;BR-116/BA;Sul;Colisão Traseira;2;2;;;;;1
05/10/2012;05:51:00;23;sem vítima;591;BR-324/BA;Leste;Colisão Traseira;1;14;;;;;1
06/10/2012;21:03:00;303;com vítima;542;BR-324/BA;Oeste;Colisão Traseira;1;1;1;1;;;2
06/10/2012;06:02:00;46;sem vítima;461;BR-116/BA;Sul;Colisão Traseira;1;2;;;;;1
06/10/2012;11:08:00;118;sem vítima;569,1;BR-324/BA;Leste;Colisão Transversal;1;3;;;;;1
06/10/2012;04:37:00;32;sem vítima;615,8;BR-324/BA;Leste;Tombamento;1;1;;;;;1
06/10/2012;00:43:00;4;sem vítima;623,6;BR-116/BA;Norte;Atropelamento de Animal;1;1;;;;;1
06/10/2012;10:28:00;101;sem vítima;832,5;BR-116/BA;Sul;Colisão Traseira;2;2;;;;;1
06/10/2012;10:34:00;104;sem vítima;832,8;BR-116/BA;Sul;Saida de Pista;1;1;;;;;1
07/10/2012;14:17:00;144;com vítima;456,3;BR-116/BA;Sul;Colisão Lateral;1;3;1;;1;;2
07/10/2012;22:22:00;245;sem vítima;565;BR-324/BA;Oeste;Atropelamento de Animal;1;1;;;;;1
07/10/2012;18:28:00;203;com vítima;577;BR-116/BA;Norte;Saida de Pista;1;2;1;;;;1
07/10/2012;14:53:00;158;sem vítima;667;BR-116/BA;Norte;Colisão Traseira;2;2;;;;;1
07/10/2012;15:21:00;162;sem vítima;716;BR-116/BA;Norte;Colisão Traseira;2;2;;;;;1
07/10/2012;00:40:00;7;com vítima;758;BR-116/BA;Norte;Colisão Lateral;1;1;1;;;;1
08/10/2012;05:41:00;34;com vítima;445;BR-116/BA;Norte;Colisão Transversal;2;1;1;;;;1
08/10/2012;17:59:00;227;sem vítima;452;BR-116/BA;Sul;Colisão Traseira;1;4;;;;;1
09/10/2012;00:15:00;1;sem vítima;526,5;BR-324/BA;Oeste;Colisão Traseira;2;2;;;;;1
09/10/2012;15:34:00;166;sem vítima;551;BR-116/BA;Sul;Engavetamento;3;3;;;;;1
09/10/2012;10:57:00;103;sem vítima;764;BR-116/BA;Sul;Colisão Traseira;1;33;;;;;1
09/10/2012;11:25:00;111;com vítima;904;BR-116/BA;Sul;Tombamento;1;1;;;;1;3
10/10/2012;09:10:00;89;sem vítima;528;BR-324/BA;Leste;Colisão Traseira;2;2;;;;;1
10/10/2012;05:20:00;21;sem vítima;469,5;BR-116/BA;Norte;Tombamento;1;1;;;;;1
10/10/2012;18:47:00;235;sem vítima;677,9;BR-116/BA;Norte;Saida de Pista;1;1;;;;;1
11/10/2012;06:01:00;34;com vítima;14,3;BR-116/BA - Cont VC;;Tombamento;1;0;1;;;;1
11/10/2012;10:51:00;125;sem vítima;428;BR-116/BA;Norte;Colisão Traseira;1;2;;;;;1
11/10/2012;11:41:00;142;sem vítima;453;BR-116/BA;Sul;Engavetamento;2;20;;;;;1
11/10/2012;20:02:00;287;com vítima;462,5;BR-116/BA;Sul;Colisão Traseira;1;1;;1;;;2
11/10/2012;07:23:00;51;com vítima;728;BR-116/BA;Sul;Colisão Transversal;1;1;;;;1;3
12/10/2012;14:05:00;147;sem vítima;426,6;BR-116/BA;Norte;Colisão Traseira;1;2;;;;;1
12/10/2012;09:52:00;88;sem vítima;446;BR-116/BA;Sul;Colisão Traseira;1;2;;;;;1
12/10/2012;15:16:00;159;com vítima;591;BR-116/BA;Norte;Colisão Transversal;1;1;1;;;;1
12/10/2012;16:00:00;164;com vítima;783;BR-116/BA;Norte;Colisão Transversal;1;0;4;;;;1
12/10/2012;14:03:00;146;com vítima;802,3;BR-116/BA;Sul;Colisão Transversal;1;0;3;;;;1
13/10/2012;17:58:00;208;sem vítima;4;BR-116/BA - ContSuFS;;Saida de Pista;1;1;;;;;1
13/10/2012;18:34:00;217;sem vítima;4,1;BR-116/BA - Cont VC;;Engavetamento;1;4;;;;;1
13/10/2012;08:31:00;70;sem vítima;441,7;BR-116/BA;Norte;Tombamento;1;1;;;;;1
13/10/2012;20:00:00;233;com vítima;843,6;BR-116/BA;Norte;Colisão Traseira;1;1;1;;;;1
14/10/2012;04:03:00;24;com vítima;21;BR-116/BA - Cont VC;;Tombamento;1;3;1;2;;;2
14/10/2012;12:45:00;139;com vítima;885;BR-116/BA;Sul;Tombamento;1;3;1;;;;1
15/10/2012;10:36:00;104;sem vítima;427;BR-116/BA;Sul;Colisão Lateral;1;4;;;;;1
15/10/2012;09:49:00;92;sem vítima;616;BR-324/BA;Leste;Colisão Traseira;1;18;;;;;1
15/10/2012;09:50:00;93;com vítima;556,1;BR-116/BA;Norte;Tombamento;1;0;;;1;;2
15/10/2012;18:22:00;192;sem vítima;732;BR-116/BA;Norte;Colisão Traseira;1;2;;;;;1
15/10/2012;00:04:00;1;com vítima;758;BR-116/BA;Sul;Colisão Lateral;2;2;1;;;;1
16/10/2012;06:27:00;28;sem vítima;544,6;BR-324/BA;Leste;Colisão Traseira;1;2;;;;;1
16/10/2012;21:33:00;230;com vítima;499;BR-116/BA;Sul;Saida de Pista;1;0;1;;;;1
16/10/2012;05:37:00;22;com vítima;600;BR-116/BA;Sul;Atropelamento de Pedestre;1;1;;1;;;2
16/10/2012;19:33:00;213;com vítima;695;BR-116/BA;Norte;Colisão Lateral;2;1;1;;;1;3
16/10/2012;14:21:00;149;com vítima;702;BR-116/BA;Norte;Saida de Pista;1;0;1;;;;1
17/10/2012;04:06:00;23;sem vítima;584;BR-324/BA;Leste;Saida de Pista;1;1;;;;;1
17/10/2012;05:35:00;33;com vítima;518,4;BR-116/BA;Sul;Colisão Traseira;1;1;1;;;;1
17/10/2012;17:34:00;206;com vítima;578,5;BR-116/BA;Sul;Tombamento;1;0;1;;;;1
17/10/2012;18:34:00;219;com vítima;876;BR-116/BA;Sul;Colisão Traseira;2;0;2;;;;1
18/10/2012;21:16:00;229;sem vítima;526,9;BR-324/BA;Leste;Colisão Transversal;1;2;;;;;1
18/10/2012;20:54:00;228;sem vítima;456,8;BR-116/BA;Sul;Colisão Traseira;2;2;;;;;1
18/10/2012;02:03:00;11;sem vítima;582;BR-324/BA;Leste;Saida de Pista;1;1;;;;;1
18/10/2012;09:56:00;93;sem vítima;618;BR-324/BA;Leste;Colisão Traseira;1;4;;;;;1
18/10/2012;14:07:00;149;sem vítima;655;BR-116/BA;Norte;Colisão Lateral;1;2;;;;;1
19/10/2012;06:12:00;41;sem vítima;523;BR-324/BA;Leste;Saida de Pista;2;34;;;;;1
19/10/2012;23:51:00;300;sem vítima;494;BR-116/BA;Sul;Colisão Traseira;2;2;;;;;1
19/10/2012;10:03:00;99;sem vítima;597;BR-324/BA;Oeste;Colisão Traseira;1;3;;;;;1
19/10/2012;19:39:00;254;com vítima;602;BR-324/BA;Leste;Atropelamento de Animal;1;2;2;;;;1
19/10/2012;07:34:00;59;com vítima;626;BR-116/BA;Norte;Colisão Lateral;1;1;4;;;;1
21/10/2012;20:07:00;255;com vítima;429;BR-116/BA;Norte;Colisão Lateral;1;1;;;;1;3
21/10/2012;23:30:00;289;sem vítima;485;BR-116/BA;Norte;Colisão Lateral;1;3;;;;;1
21/10/2012;23:22:00;288;sem vítima;847;BR-116/BA;Sul;Colisão Traseira;2;2;;;;;1
22/10/2012;21:42:00;237;com vítima;634;BR-116/BA;Norte;Atropelamento de Animal;1;0;1;;;;1
23/10/2012;09:21:00;80;sem vítima;616;BR-324/BA;Leste;Colisão Traseira;1;3;;;;;1
23/10/2012;09:53:00;86;com vítima;643;BR-116/BA;Norte;Colisão Lateral;3;2;;;;1;3
23/10/2012;10:41:00;96;sem vítima;671;BR-116/BA;Sul;Saida de Pista;1;1;;;;;1
24/10/2012;20:54:00;240;com vítima;1,8;BR-116/BA - ContSuFS;;Engavetamento;2;4;1;;;;1
24/10/2012;17:57:00;204;com vítima;617,5;BR-116/BA;Norte;Tombamento;1;0;;;1;2;3
24/10/2012;22:35:00;262;com vítima;632,8;BR-116/BA;Norte;Atropelamento de Pedestre;1;1;;;1;;2
24/10/2012;09:08:00;67;com vítima;818,7;BR-116/BA;Sul;Colisão Traseira;1;2;;;;1;3
24/10/2012;18:50:00;214;com vítima;859,4;BR-116/BA;Norte;Atropelamento de Animal;1;1;1;;;;1
25/10/2012;15:44:00;189;sem vítima;437,6;BR-116/BA;Norte;Saida de Pista;1;1;;;;;1
25/10/2012;05:39:00;42;com vítima;656,5;BR-116/BA;Norte;Colisão Lateral;2;3;;2;;;2
25/10/2012;20:43:00;232;sem vítima;768;BR-116/BA;Norte;Colisão Frontal;1;2;;;;;1
26/10/2012;15:18:00;152;com vítima;4,2;BR-116/BA - ContSuFS;;Colisão Traseira;1;2;1;;;;1
26/10/2012;02:10:00;11;com vítima;17,1;BR-116/BA - Cont VC;;Colisão Frontal;3;2;;;;1;3
26/10/2012;19:06:00;225;com vítima;616,9;BR-324/BA;Leste;Colisão Traseira;1;1;1;;;;1
26/10/2012;07:11:00;33;com vítima;850,8;BR-116/BA;Norte;Colisão Lateral;2;1;1;;;;1
27/10/2012;14:32:00;145;sem vítima;620;BR-324/BA;Leste;Colisão Lateral;1;3;;;;;1
27/10/2012;22:39:00;262;com vítima;548;BR-116/BA;Sul;Tombamento;1;0;1;;;;1
27/10/2012;07:12:00;46;sem vítima;566,4;BR-116/BA;Norte;Engavetamento;2;31;;;;;1
27/10/2012;13:42:00;134;sem vítima;750,4;BR-116/BA;Sul;Colisão Traseira;1;2;;;;;1
28/10/2012;08:25:00;79;com vítima;632;BR-116/BA;Sul;Atropelamento de Pedestre;1;1;;;1;;2
28/10/2012;18:49:00;230;sem vítima;862,5;BR-116/BA;Norte;Colisão Traseira;2;3;;;;;1
29/10/2012;18:40:00;232;com vítima;8,2;BR-116/BA - ContSuFS;;Sequência;1;1;;1;;;2
29/10/2012;17:41:00;220;sem vítima;453,2;BR-116/BA;Sul;Engavetamento;3;3;;;;;1
29/10/2012;14:45:00;174;sem vítima;548,5;BR-324/BA;Leste;Colisão Traseira;1;6;;;;;1
29/10/2012;14:12:00;167;sem vítima;565,05;BR-324/BA;Leste;Colisão Lateral;1;12;;;;;1
29/10/2012;12:24:00;144;sem vítima;616;BR-324/BA;Oeste;Colisão Traseira;1;2;;;;;1
29/10/2012;08:37:00;90;sem vítima;617,5;BR-324/BA;Leste;Engavetamento;1;14;;;;;1
29/10/2012;12:12:00;142;com vítima;581,8;BR-116/BA;Norte;Tombamento;1;0;1;;;;1
29/10/2012;15:10:00;183;com vítima;837,2;BR-116/BA;Norte;Engavetamento;2;1;1;;2;;2
29/10/2012;16:53:00;205;com vítima;839;BR-116/BA;Norte;Colisão Traseira;2;1;1;;;;1
30/10/2012;15:38:00;192;sem vítima;467,6;BR-116/BA;Norte;Colisão Traseira;2;2;;;;;1
30/10/2012;15:25:00;189;sem vítima;599;BR-324/BA;Oeste;Colisão Traseira;1;2;;;;;1
30/10/2012;14:00:00;173;com vítima;607,9;BR-324/BA;Leste;Colisão Lateral;1;1;1;;;;1
30/10/2012;07:42:00;63;sem vítima;617;BR-324/BA;Leste;Colisão Transversal;1;2;;;;;1
30/10/2012;09:56:00;95;sem vítima;801,05;BR-116/BA;Sul;Colisão Lateral;2;2;;;;;1
31/10/2012;19:41:00;215;sem vítima;620;BR-324/BA;Leste;Colisão Traseira;1;2;;;;;1
01/11/2012;08:53:00;70;sem vítima;642,8;BR-116/BA;Norte;Saida de Pista;1;1;;;;;1
01/11/2012;23:37:00;270;com vítima;758,1;BR-116/BA;Norte;Colisão Traseira;1;3;1;;;;1
02/11/2012;09:18:00;99;sem vítima;15,5;BR-116/BA - Cont VC;;Tombamento;1;1;;;;;1
02/11/2012;23:28:00;298;com vítima;519;BR-324/BA;Leste;Colisão Traseira;1;2;;;;1;3
02/11/2012;20:19:00;269;sem vítima;508,5;BR-116/BA;Sul;Tombamento;1;1;;;;;1
03/11/2012;16:49:00;157;sem vítima;677,5;BR-116/BA;Norte;Colisão Traseira;2;2;;;;;1
04/11/2012;17:15:00;167;sem vítima;609,7;BR-324/BA;Leste;Colisão Lateral;1;2;;;;;1
04/11/2012;10:43:00;84;sem vítima;838,5;BR-116/BA;Norte;Colisão Traseira;2;3;;;;;1
06/11/2012;18:10:00;244;com vítima;456,4;BR-116/BA;Sul;Colisão Frontal;1;1;1;;;;1
07/11/2012;09:48:00;77;sem vítima;528;BR-324/BA;Oeste;Colisão Traseira;1;2;;;;;1
08/11/2012;08:19:00;55;com vítima;7,4;BA-526;Norte;Choque - Veiculo parado no acostamento;1;3;1;;;;1
08/11/2012;11:02:00;105;sem vítima;427,3;BR-116/BA;Norte;Colisão Traseira;2;2;;;;;1
08/11/2012;09:28:00;79;sem vítima;622,3;BR-324/BA;Leste;Colisão Lateral;1;6;;;;;1
08/11/2012;20:26:00;233;sem vítima;728;BR-116/BA;Sul;Choque Contra Objeto Fixo;1;1;;;;;1
08/11/2012;12:13:00;121;com vítima;900,7;BR-116/BA;Sul;Saida de Pista;1;1;2;;;;1
09/11/2012;18:26:00;199;com vítima;445,3;BR-116/BA;Sul;Colisão Traseira;2;1;1;;;;1
09/11/2012;18:21:00;197;com vítima;537,3;BR-324/BA;Leste;Colisão Traseira;1;2;1;;;;1
09/11/2012;11:35:00;104;sem vítima;451,6;BR-116/BA;Norte;Engavetamento;2;5;;;;;1
09/11/2012;05:43:00;34;com vítima;508,6;BR-116/BA;Norte;Tombamento;1;0;;1;;1;3
09/11/2012;12:02:00;111;sem vítima;607,2;BR-324/BA;Oeste;Colisão Lateral;1;2;;;;;1
09/11/2012;17:08:00;184;sem vítima;817,9;BR-116/BA;Sul;Colisão Transversal;1;5;;;;;1
09/11/2012;17:06:00;183;sem vítima;906;BR-116/BA;Sul;Saida de Pista;1;1;;;;;1
10/11/2012;11:01:00;122;sem vítima;755,8;BR-116/BA;Sul;Colisão Traseira;2;2;;;;;1
11/11/2012;09:50:00;75;com vítima;623,1;BR-324/BA;Oeste;Sequência;1;4;;1;;;2
11/11/2012;22:04:00;204;sem vítima;652,3;BR-116/BA;Norte;Saida de Pista;1;1;;;;;1