data;horario;n_da_ocorrencia;tipo_de_ocorrencia;km;trecho;sentido;tipo_de_acidente;caminhao;ilesos;levemente_feridos;moderadamente_feridos;gravemente_feridos;mortos;3
18/01/2013;16:16:00;156;sem vítima;543;BR-324/BA;Oeste;Saida de Pista;1;1;;;;;1
18/01/2013;00:45:00;3;com vítima;611;BR-116/BA;Norte;Colisão Transversal;1;0;3;;;;1
19/01/2013;15:35:00;172;sem vítima;581,5;BR-116/BA;Norte;Saida de Pista;1;1;;;;;1
20/01/2013;15:29:00;163;sem vítima;643;BR-116/BA;Sul;Saida de Pista;1;1;;;;;1
21/01/2013;07:07:00;54;com vítima;617;BR-324/BA;Oeste;Colisão Traseira;1;7;2;;;;1
21/01/2013;17:44:00;211;sem vítima;569,8;BR-116/BA;Sul;Colisão Lateral;1;11;;;;;1
21/01/2013;07:27:00;64;sem vítima;658;BR-116/BA;Norte;Tombamento;1;1;;;;;1
21/01/2013;03:33:00;18;com vítima;801,4;BR-116/BA;Norte;Tombamento;1;0;1;;;;1
22/01/2013;21:20:00;251;sem vítima;518;BR-324/BA;Leste;Saida de Pista;1;1;;;;;1
22/01/2013;10:50:00;126;sem vítima;551;BR-324/BA;Oeste;Colisão Traseira;1;4;;;;;1
22/01/2013;21:56:00;256;sem vítima;588,1;BR-324/BA;Leste;Colisão Lateral;2;3;;;;;1
22/01/2013;14:32:00;168;sem vítima;533,2;BR-116/BA;Sul;Colisão Traseira;2;2;;;;;1
23/01/2013;07:50:00;46;sem vítima;551;BR-324/BA;Leste;Colisão Traseira;1;2;;;;;1
23/01/2013;11:07:00;95;com vítima;478;BR-116/BA;Sul;Engavetamento;3;4;1;;;;1
23/01/2013;07:38:00;38;sem vítima;582;BR-324/BA;Oeste;Saida de Pista;1;1;;;;;1
23/01/2013;14:53:00;139;sem vítima;486,8;BR-116/BA;Norte;Engavetamento;1;3;;;;;1
23/01/2013;15:55:00;161;sem vítima;588;BR-324/BA;Leste;Saida de Pista;1;3;;;;;1
23/01/2013;14:32:00;137;com vítima;600;BR-324/BA;Leste;Engavetamento;2;3;;1;;;2
23/01/2013;22:55:00;243;com vítima;588;BR-116/BA;Norte;Saida de Pista;1;0;1;;;;1
24/01/2013;11:27:00;121;sem vítima;611;BR-324/BA;Leste;Colisão Lateral;1;2;;;;;1
24/01/2013;01:33:00;13;sem vítima;590;BR-116/BA;Norte;Saida de Pista;1;1;;;;;1
24/01/2013;05:17:00;25;com vítima;762;BR-116/BA;Sul;Sequência;1;2;4;1;1;;2
25/01/2013;16:42:00;222;sem vítima;8,5;BR-116/BA - Cont VC;;Colisão Lateral;1;6;;;;;1
25/01/2013;05:00:00;24;sem vítima;584,2;BR-324/BA;Leste;Atropelamento de Animal;1;2;;;;;1
25/01/2013;08:01:00;61;com vítima;801,8;BR-116/BA;Sul;Colisão Transversal;1;1;1;;;;1
26/01/2013;10:36:00;103;sem vítima;521;BR-324/BA;Oeste;Colisão Transversal;1;2;;;;;1
26/01/2013;11:35:00;114;com vítima;546;BR-324/BA;Leste;Colisão Transversal;1;2;1;;;;1
26/01/2013;14:48:00;163;sem vítima;624,1;BR-324/BA;Leste;Colisão Transversal;1;3;;;;;1
26/01/2013;07:47:00;59;sem vítima;695,2;BR-116/BA;Sul;Engavetamento;5;6;;;;;1
27/01/2013;22:06:00;278;com vítima;815;BR-116/BA;Sul;Colisão Transversal;1;1;1;;;;1
27/01/2013;19:12:00;240;com vítima;912;BR-116/BA;Norte;Atropelamento de Pedestre;1;1;;;1;;2
28/01/2013;09:39:00;83;com vítima;17;BR-116/BA - Cont VC;;Engavetamento;1;2;3;;;;1
28/01/2013;05:32:00;32;sem vítima;565;BR-324/BA;Leste;Colisão Lateral;1;2;;;;;1
28/01/2013;02:14:00;15;sem vítima;462,5;BR-116/BA;Sul;Atropelamento de Animal;1;1;;;;;1
28/01/2013;15:31:00;169;sem vítima;482;BR-116/BA;Norte;Colisão Traseira;2;2;;;;;1
28/01/2013;12:27:00;128;sem vítima;613,7;BR-324/BA;Leste;Colisão Lateral;1;2;;;;;1
28/01/2013;17:44:00;205;sem vítima;615,3;BR-324/BA;Oeste;Saida de Pista;1;3;;;;;1
28/01/2013;09:04:00;76;sem vítima;622,5;BR-324/BA;Leste;Sequência;1;3;;;;;1
29/01/2013;17:04:00;205;sem vítima;446,4;BR-116/BA;Sul;Colisão Traseira;2;2;;;;;1
29/01/2013;06:38:00;28;sem vítima;702;BR-116/BA;Norte;Tombamento;1;1;;;;;1
29/01/2013;17:14:00;206;com vítima;794;BR-116/BA;Sul;Sequência;3;5;1;;1;;2
30/01/2013;18:15:00;201;sem vítima;5;BR-116/BA - ContSuFS;;Colisão Traseira;1;2;;;;;1
30/01/2013;04:31:00;34;sem vítima;443;BR-116/BA;Norte;Colisão Lateral;1;6;;;;;1
30/01/2013;02:13:00;23;sem vítima;587;BR-324/BA;Leste;Saida de Pista;1;1;;;;;1
30/01/2013;09:16:00;76;sem vítima;713,8;BR-116/BA;Sul;Colisão Traseira;2;2;;;;;1
31/01/2013;08:54:00;70;com vítima;7,5;BR-116/BA - Cont VC;;Colisão Transversal;1;1;2;1;1;;2
31/01/2013;17:05:00;184;com vítima;431,2;BR-116/BA;Sul;Engavetamento;2;3;1;;;;1
31/01/2013;15:18:00;160;sem vítima;562;BR-324/BA;Oeste;Colisão Lateral;1;5;;;;;1
31/01/2013;09:49:00;85;sem vítima;556;BR-116/BA;Norte;Colisão Lateral;1;3;;;;;1
31/01/2013;18:24:00;199;sem vítima;602,5;BR-116/BA;Norte;Saida de Pista;1;1;;;;;1
01/02/2013;21:09:00;230;sem vítima;620,5;BR-324/BA;Oeste;Colisão Traseira;1;2;;;;;1
01/02/2013;10:50:00;88;sem vítima;624,1;BR-116/BA;Norte;Tombamento;1;2;;;;;1
01/02/2013;16:01:00;151;com vítima;651;BR-116/BA;Norte;Tombamento;1;0;;;;1;3
01/02/2013;16:56:00;168;sem vítima;764,7;BR-116/BA;Norte;Tombamento;1;2;;;;;1
01/02/2013;13:25:00;122;sem vítima;873,5;BR-116/BA;Sul;Colisão Transversal;1;2;;;;;1
02/02/2013;02:51:00;20;sem vítima;463,2;BR-116/BA;Sul;Atropelamento de Animal;1;2;;;;;1
02/02/2013;07:21:00;52;sem vítima;710;BR-116/BA;Sul;Colisão Traseira;2;2;;;;;1
02/02/2013;13:39:00;151;sem vítima;759,5;BR-116/BA;Norte;Colisão Traseira;2;3;;;;;1
02/02/2013;10:22:00;109;sem vítima;909;BR-116/BA;Sul;Colisão Traseira;1;2;;;;;1
03/02/2013;20:43:00;231;com vítima;456,3;BR-116/BA;Sul;Engavetamento;1;28;;1;;;2
04/02/2013;14:48:00;157;sem vítima;2;BR-116/BA - ContSuFS;;Colisão Transversal;1;3;;;;;1
04/02/2013;21:31:00;236;com vítima;448,2;BR-116/BA;Sul;Colisão Traseira;1;3;3;;;;1
04/02/2013;07:32:00;54;sem vítima;573,6;BR-324/BA;Leste;Colisão Traseira;2;2;;;;;1
04/02/2013;12:31:00;134;sem vítima;580;BR-324/BA;Oeste;Colisão Lateral;1;2;;;;;1
04/02/2013;13:23:00;144;sem vítima;610,8;BR-324/BA;Leste;Engavetamento;2;3;;;;;1
04/02/2013;17:13:00;189;sem vítima;714;BR-116/BA;Norte;Engavetamento;3;4;;;;;1
04/02/2013;06:59:00;36;com vítima;833,1;BR-116/BA;Norte;Colisão Traseira;1;4;1;;;;1
05/02/2013;08:54:00;71;com vítima;591,2;BR-324/BA;Leste;Tombamento;1;1;1;;;;1
05/02/2013;09:27:00;78;com vítima;684;BR-116/BA;Norte;Tombamento;1;0;1;;;;1
06/02/2013;07:34:00;42;com vítima;26,3;BR-116/BA - Cont VC;;Tombamento;1;1;1;;;;1
06/02/2013;00:59:00;6;sem vítima;435;BR-116/BA;Sul;Saida de Pista;1;1;;;;;1
06/02/2013;21:10:00;221;sem vítima;609,3;BR-116/BA;Sul;Colisão Lateral;3;3;;;;;1
08/02/2013;11:14:00;98;sem vítima;536,8;BR-324/BA;Oeste;Saida de Pista;1;3;;;;;1
08/02/2013;00:23:00;6;com vítima;586,7;BR-324/BA;Oeste;Colisão Traseira;1;0;1;2;;;2
08/02/2013;08:47:00;72;sem vítima;704;BR-116/BA;Sul;Colisão Traseira;1;4;;;;;1
08/02/2013;03:55:00;28;sem vítima;862,5;BR-116/BA;Sul;Colisão Lateral;1;3;;;;;1
09/02/2013;00:04:00;2;com vítima;556;BR-324/BA;Oeste;Choque - Veiculo parado no acostamento;1;3;2;1;;;2
10/02/2013;17:35:00;201;com vítima;441,8;BR-116/BA;Sul;Saida de Pista;1;0;;1;;;2
10/02/2013;18:14:00;206;sem vítima;903;BR-116/BA;Norte;Engavetamento;3;3;;;;;1
12/02/2013;17:29:00;196;com vítima;23,2;BR-116/BA - Cont VC;;Colisão Frontal;1;0;1;;;1;3
12/02/2013;16:12:00;175;sem vítima;565,5;BR-324/BA;Oeste;Colisão Traseira;1;7;;;;;1
13/02/2013;10:55:00;104;sem vítima;561;BR-324/BA;Leste;Engavetamento;1;11;;;;;1
13/02/2013;08:48:00;61;com vítima;792;BR-116/BA;Norte;Tombamento;1;0;2;;;;1
13/02/2013;08:40:00;56;com vítima;817,8;BR-116/BA;Sul;Colisão Transversal;1;4;1;;;;1
14/02/2013;08:17:00;46;com vítima;527,7;BR-324/BA;Leste;Sequência;2;4;;1;;;2
14/02/2013;15:12:00;147;com vítima;452,3;BR-116/BA;Norte;Colisão Frontal;1;5;1;1;;1;3
14/02/2013;07:15:00;36;com vítima;560;BR-324/BA;Oeste;Colisão Transversal;1;1;;1;;;2
14/02/2013;22:40:00;240;com vítima;702,3;BR-116/BA;Sul;Saida de Pista;1;0;;;;1;3
15/02/2013;11:19:00;80;com vítima;525;BR-324/BA;Oeste;Tombamento;1;0;1;;;;1
15/02/2013;12:54:00;100;sem vítima;528;BR-324/BA;Oeste;Colisão Traseira;1;3;;;;;1
16/02/2013;18:45:00;206;sem vítima;533;BR-324/BA;Oeste;Colisão Lateral;2;3;;;;;1
16/02/2013;01:57:00;11;sem vítima;453,2;BR-116/BA;Sul;Atropelamento de Animal;1;1;;;;;1
16/02/2013;14:49:00;157;com vítima;482;BR-116/BA;Norte;Colisão Traseira;2;35;2;;;;1
16/02/2013;06:28:00;42;com vítima;619,5;BR-324/BA;Leste;Sequência;1;3;;1;;;2
16/02/2013;16:45:00;187;com vítima;769;BR-116/BA;Sul;Colisão Lateral;1;1;1;;;;1
16/02/2013;02:44:00;17;com vítima;839,2;BR-116/BA;Sul;Tombamento;1;0;1;;;;1
16/02/2013;10:41:00;106;com vítima;898;BR-116/BA;Norte;Colisão Frontal;1;0;1;;;2;3
17/02/2013;07:57:00;47;sem vítima;569;BR-116/BA;Sul;Saida de Pista;1;1;;;;;1
17/02/2013;08:42:00;60;sem vítima;711,1;BR-116/BA;Sul;Colisão Traseira;2;4;;;;;1
17/02/2013;08:24:00;52;com vítima;898;BR-116/BA;Sul;Tombamento;1;1;2;;;;1
19/02/2013;10:53:00;119;sem vítima;3,6;BR-116/BA - ContSuFS;;Engavetamento;2;3;;;;;1
19/02/2013;06:40:00;42;com vítima;819;BR-116/BA;Norte;Tombamento;1;1;;1;;;2
20/02/2013;02:38:00;14;sem vítima;542,4;BR-324/BA;Oeste;Atropelamento de Animal;1;2;;;;;1
20/02/2013;10:31:00;87;sem vítima;603,8;BR-324/BA;Oeste;Tombamento;1;2;;;;;1
20/02/2013;13:11:00;121;com vítima;677;BR-116/BA;Sul;Tombamento;1;0;1;;;;1
21/02/2013;07:05:00;29;sem vítima;446,7;BR-116/BA;Norte;Colisão Transversal;2;2;;;;;1
21/02/2013;09:27:00;63;com vítima;600;BR-324/BA;Leste;Tombamento;1;0;2;;;;1
21/02/2013;12:18:00;107;sem vítima;619;BR-324/BA;Leste;Colisão Lateral;1;3;;;;;1
22/02/2013;14:37:00;120;sem vítima;518;BR-324/BA;Leste;Colisão Traseira;1;12;;;;;1
22/02/2013;19:29:00;187;sem vítima;482;BR-116/BA;Norte;Colisão Traseira;1;4;;;;;1
22/02/2013;08:14:00;51;sem vítima;547;BR-116/BA;Sul;Saida de Pista;1;1;;;;;1
23/02/2013;01:07:00;13;sem vítima;461,3;BR-116/BA;Sul;Colisão Traseira;2;2;;;;;1
23/02/2013;06:00:00;33;com vítima;462;BR-116/BA;Norte;Atropelamento de Pedestre;1;1;1;;;;1
23/02/2013;07:24:00;43;sem vítima;603,2;BR-324/BA;Oeste;Saida de Pista;1;1;;;;;1
23/02/2013;19:23:00;206;com vítima;580,8;BR-116/BA;Sul;Saida de Pista;1;0;;;;1;3
23/02/2013;17:51:00;189;sem vítima;734,1;BR-116/BA;Norte;Colisão Traseira;2;2;;;;;1
23/02/2013;15:11:00;151;sem vítima;742,1;BR-116/BA;Sul;Colisão Traseira;2;2;;;;;1
24/02/2013;09:19:00;69;com vítima;476,3;BR-116/BA;Norte;Atropelamento de Pedestre;1;1;;;;1;3
24/02/2013;10:14:00;85;sem vítima;838;BR-116/BA;Sul;Engavetamento;3;3;;;;;1
25/02/2013;07:59:00;69;sem vítima;6,4;BA-526;Norte;Tombamento;1;1;;;;;1
25/02/2013;11:15:00;135;sem vítima;462;BR-116/BA;Norte;Colisão Traseira;2;2;;;;;1
25/02/2013;02:34:00;25;com vítima;597,728;BR-324/BA;Leste;Choque - Veiculo parado na pista;2;1;;1;;;2
26/02/2013;00:04:00;1;com vítima;626;BR-116/BA;Norte;Saida de Pista;1;0;;1;;;2
26/02/2013;09:18:00;77;sem vítima;679;BR-116/BA;Sul;Saida de Pista;1;2;;;;;1
27/02/2013;09:45:00;81;sem vítima;520,5;BR-324/BA;Oeste;Colisão Traseira;2;2;;;;;1
27/02/2013;01:57:00;16;sem vítima;523;BR-324/BA;Leste;Saida de Pista;1;2;;;;;1
27/02/2013;07:14:00;49;com vítima;547;BR-324/BA;Oeste;Saida de Pista;1;0;;;1;;2
27/02/2013;11:35:00;108;com vítima;805,3;BR-116/BA;Norte;Colisão Frontal;1;0;3;;;2;3
28/02/2013;23:08:00;221;com vítima;3,9;BA-528;Norte;Tombamento;1;1;2;;;;1
28/02/2013;14:15:00;126;sem vítima;663,9;BR-116/BA;Norte;Colisão Transversal;1;2;;;;;1
01/03/2013;16:01:00;159;com vítima;426,2;BR-116/BA;Sul;Colisão Transversal;2;1;1;;;;1
01/03/2013;12:06:00;114;sem vítima;462,5;BR-116/BA;Norte;Colisão Traseira;1;33;;;;;1
01/03/2013;07:59:00;53;sem vítima;482;BR-116/BA;Sul;Colisão Traseira;2;2;;;;;1
01/03/2013;05:41:00;25;sem vítima;574;BR-116/BA;Sul;Tombamento;1;1;;;;;1
02/03/2013;10:53:00;103;sem vítima;0,3;BR-116/BA - ContSuFS;;Colisão Lateral;1;2;;;;;1
02/03/2013;11:56:00;112;com vítima;448;BR-116/BA;Sul;Engavetamento;3;2;;1;;;2
02/03/2013;08:03:00;60;sem vítima;612;BR-324/BA;Oeste;Saida de Pista;1;1;;;;;1
02/03/2013;06:09:00;41;sem vítima;623;BR-116/BA;Norte;Tombamento;1;1;;;;;1
02/03/2013;18:46:00;203;com vítima;625;BR-116/BA;Sul;Engavetamento;4;1;3;;;1;3
03/03/2013;08:11:00;53;com vítima;426,6;BR-116/BA;Sul;Colisão Lateral;1;1;1;;1;;2
03/03/2013;21:38:00;201;com vítima;877,9;BR-116/BA;Norte;Colisão Traseira;2;3;2;;;;1
03/03/2013;18:45:00;178;sem vítima;930,5;BR-116/BA;Norte;Colisão Lateral;2;4;;;;;1
04/03/2013;17:42:00;181;com vítima;534;BR-324/BA;Oeste;Colisão Transversal;1;2;;1;;;2
04/03/2013;02:10:00;11;com vítima;583;BR-324/BA;Leste;Saida de Pista;1;0;2;;;;1
04/03/2013;20:01:00;204;sem vítima;623,3;BR-324/BA;Oeste;Colisão Lateral;1;2;;;;;1
04/03/2013;04:59:00;22;com vítima;772,1;BR-116/BA;Sul;Colisão Lateral;1;22;1;;;;1
04/03/2013;15:44:00;159;sem vítima;787;BR-116/BA;Norte;Colisão Lateral;1;3;;;;;1
05/03/2013;18:02:00;181;com vítima;646;BR-116/BA;Norte;Colisão Lateral;1;2;2;;;;1
06/03/2013;09:39:00;72;sem vítima;547,1;BR-324/BA;Oeste;Colisão Traseira;2;2;;;;;1
06/03/2013;13:53:00;128;com vítima;786;BR-116/BA;Sul;Tombamento;1;0;1;;;;1
06/03/2013;17:50:00;184;com vítima;817,9;BR-116/BA;Norte;Colisão Lateral;1;1;1;;;;1
07/03/2013;18:35:00;202;sem vítima;519,8;BR-324/BA;Oeste;Colisão Traseira;1;2;;;;;1
07/03/2013;06:20:00;38;sem vítima;614;BR-324/BA;Leste;Colisão Traseira;1;3;;;;;1
08/03/2013;17:43:00;200;sem vítima;1;BR-116/BA - ContSuFS;;Colisão Traseira;1;2;;;;;1
08/03/2013;09:08:00;83;sem vítima;433,5;BR-116/BA;Norte;Colisão Frontal;2;2;;;;;1
08/03/2013;07:15:00;55;sem vítima;531,9;BR-324/BA;Oeste;Colisão Traseira;1;2;;;;;1
08/03/2013;23:22:00;268;sem vítima;547;BR-324/BA;Leste;Atropelamento de Animal;1;2;;;;;1
08/03/2013;03:10:00;27;sem vítima;551,01;BR-324/BA;Leste;Colisão Traseira;1;4;;;;;1
08/03/2013;19:58:00;232;com vítima;469;BR-116/BA;Norte;Engavetamento;3;0;1;;1;1;3
08/03/2013;05:39:00;40;com vítima;507,5;BR-116/BA;Norte;Saida de Pista;1;0;;1;;;2
08/03/2013;17:33:00;272;com vítima;812,5;BR-116/BA;Norte;Colisão Traseira;1;2;;;1;;2
09/03/2013;17:39:00;203;sem vítima;4,5;BR-116/BA - ContSuFS;;Colisão Traseira;1;2;;;;;1
09/03/2013;06:58:00;40;com vítima;736;BR-116/BA;Norte;Tombamento;1;0;1;;;;1
10/03/2013;17:12:00;166;com vítima;540;BR-324/BA;Leste;Saida de Pista;1;0;1;;;;1
10/03/2013;11:47:00;108;sem vítima;725,4;BR-116/BA;Norte;Colisão Traseira;2;3;;;;;1
10/03/2013;09:47:00;79;sem vítima;728,8;BR-116/BA;Sul;Colisão Traseira;2;2;;;;;1
11/03/2013;09:34:00;121;com vítima;549,7;BR-324/BA;Leste;Capotamento;1;1;;3;;;2
11/03/2013;15:03:00;198;sem vítima;617,8;BR-324/BA;Leste;Engavetamento;1;4;;;;;1
12/03/2013;15:36:00;150;sem vítima;523;BR-324/BA;Oeste;Tombamento;1;1;;;;;1
12/03/2013;07:57:00;41;sem vítima;544;BR-324/BA;Leste;;1;1;;;;;1
12/03/2013;14:31:00;137;sem vítima;620,3;BR-324/BA;Oeste;Sequência;1;4;;;;;1
12/03/2013;02:23:00;11;sem vítima;639;BR-116/BA;Norte;Tombamento;1;2;;;;;1
12/03/2013;08:28:00;52;sem vítima;789,9;BR-116/BA;Sul;Colisão Traseira;1;5;;;;;1
13/03/2013;15:23:00;164;sem vítima;25;BR-116/BA - Cont VC;;Colisão Transversal;1;4;;;;;1
13/03/2013;09:56:00;91;sem vítima;532;BR-324/BA;Oeste;Colisão Lateral;1;2;;;;;1
13/03/2013;06:29:00;31;com vítima;490;BR-116/BA;Sul;Colisão Lateral;1;1;;;1;;2
13/03/2013;14:48:00;153;com vítima;736;BR-116/BA;Norte;Tombamento;1;0;;1;;;2
13/03/2013;09:44:00;83;sem vítima;797,5;BR-116/BA;Sul;Colisão Traseira;1;2;;;;;1
14/03/2013;22:30:00;242;com vítima;614;BR-116/BA;Norte;Colisão Traseira;2;1;;1;1;;2
14/03/2013;10:41:00;94;sem vítima;890;BR-116/BA;Sul;Tombamento;1;1;;;;;1
14/03/2013;18:02:00;181;sem vítima;896;BR-116/BA;Norte;Saida de Pista;1;2;;;;;1
15/03/2013;18:26:00;212;sem vítima;8,2;BR-116/BA - ContSuFS;;Colisão Transversal;1;3;;;;;1
15/03/2013;14:27:00;154;sem vítima;432;BR-116/BA;Norte;Colisão Traseira;1;2;;;;;1
15/03/2013;10:08:00;95;com vítima;432,5;BR-116/BA;Sul;Engavetamento;2;3;1;;;;1
15/03/2013;10:23:00;99;sem vítima;529;BR-324/BA;Oeste;Colisão Traseira;1;2;;;;;1
15/03/2013;07:07:00;37;sem vítima;540,5;BR-116/BA;Norte;Saida de Pista;1;2;;;;;1
15/03/2013;13:27:00;140;com vítima;566;BR-116/BA;Sul;Colisão Lateral;1;1;1;;;;1
16/03/2013;09:48:00;65;sem vítima;432;BR-116/BA;Sul;Colisão Traseira;2;3;;;;;1
16/03/2013;06:23:00;23;sem vítima;555;BR-116/BA;Sul;Saida de Pista;1;2;;;;;1
16/03/2013;10:59:00;94;sem vítima;572,1;BR-116/BA;Norte;Tombamento;1;1;;;;;1
16/03/2013;13:51:00;129;com vítima;816;BR-116/BA;Norte;Colisão Transversal;2;2;;;1;;2
17/03/2013;09:20:00;65;sem vítima;483,1;BR-116/BA;Sul;Colisão Traseira;1;2;;;;;1
17/03/2013;12:08:00;94;com vítima;640,2;BR-116/BA;Sul;Colisão Traseira;3;25;1;;;1;3
17/03/2013;10:38:00;82;com vítima;643,4;BR-116/BA;Sul;Engavetamento;2;1;1;1;;;2
17/03/2013;20:57:00;196;com vítima;847;BR-116/BA;Norte;Tombamento;1;0;;;;1;3
18/03/2013;04:36:00;29;sem vítima;537,3;BR-324/BA;Leste;Colisão Transversal;1;2;;;;;1
18/03/2013;07:00:00;45;com vítima;594,7;BR-324/BA;Leste;Engavetamento;1;14;1;;;;1
18/03/2013;04:19:00;27;sem vítima;608,1;BR-324/BA;Leste;Colisão Lateral;1;2;;;;;1
19/03/2013;14:41:00;130;com vítima;4;BR-116/BA - ContSuFS;;Saida de Pista;1;2;1;;;;1
19/03/2013;07:25:00;47;sem vítima;443,3;BR-116/BA;Sul;Tombamento;1;1;;;;;1
19/03/2013;14:50:00;135;sem vítima;522;BR-324/BA;Oeste;Engavetamento;1;3;;;;;1
19/03/2013;20:24:00;198;com vítima;541,2;BR-116/BA;Norte;Colisão Lateral;1;12;;;1;;2
19/03/2013;09:57:00;79;com vítima;637,1;BR-116/BA;Norte;Colisão Lateral;3;2;;1;;;2
19/03/2013;15:03:00;141;sem vítima;907,1;BR-116/BA;Norte;Colisão Traseira;1;2;;;;;1
20/03/2013;18:02:00;166;sem vítima;24,5;BR-116/BA - Cont VC;;Colisão Traseira;2;4;;;;;1
20/03/2013;22:50:00;213;sem vítima;633,2;BR-116/BA;Norte;Choque - Veiculo parado na pista;2;4;;;;;1
21/03/2013;16:46:00;158;com vítima;519,7;BR-324/BA;Oeste;Engavetamento;2;3;1;;;;1
21/03/2013;05:57:00;24;com vítima;459;BR-116/BA;Norte;Tombamento;1;0;1;;;;1
21/03/2013;17:25:00;164;sem vítima;612;BR-116/BA;Sul;Saida de Pista;1;1;;;;;1
21/03/2013;07:06:00;41;com vítima;776;BR-116/BA;Sul;Atropelamento de Pedestre;1;1;;;;1;3
22/03/2013;15:12:00;174;sem vítima;555,2;BR-324/BA;Oeste;Saida de Pista;1;1;;;;;1
22/03/2013;21:43:00;257;sem vítima;609;BR-324/BA;Leste;Colisão Traseira;1;7;;;;;1
22/03/2013;14:51:00;169;com vítima;704,5;BR-116/BA;Sul;Colisão Lateral;1;4;1;;;;1
22/03/2013;15:05:00;173;sem vítima;845;BR-116/BA;Sul;Colisão Traseira;1;3;;;;;1
23/03/2013;18:43:00;200;com vítima;16,6;BR-116/BA - Cont VC;;Colisão Transversal;1;2;1;;;;1
23/03/2013;10:12:00;89;sem vítima;519,3;BR-324/BA;Oeste;Colisão Traseira;1;5;;;;;1
23/03/2013;15:06:00;159;sem vítima;450;BR-116/BA;Sul;Colisão Traseira;1;2;;;;;1
23/03/2013;19:26:00;208;sem vítima;607,5;BR-324/BA;Leste;Tombamento;1;2;;;;;1
23/03/2013;08:23:00;53;sem vítima;548;BR-116/BA;Sul;Tombamento;1;1;;;;;1
23/03/2013;14:13:00;142;com vítima;860;BR-116/BA;Norte;Saida de Pista;1;0;1;;;;1
24/03/2013;08:50:00;55;sem vítima;837,1;BR-116/BA;Norte;Engavetamento;2;3;;;;;1
25/03/2013;16:32:00;176;sem vítima;8;BR-116/BA - Cont VC;;Colisão Transversal;1;3;;;;;1
25/03/2013;08:01:00;65;com vítima;523;BR-324/BA;Leste;Saida de Pista;1;0;;1;;;2
25/03/2013;06:41:00;47;com vítima;574,2;BR-324/BA;Leste;Colisão Traseira;1;2;2;;;;1
25/03/2013;11:47:00;112;com vítima;910;BR-116/BA;Sul;Colisão Lateral;1;1;1;;;;1
26/03/2013;14:45:00;109;sem vítima;532,8;BR-324/BA;Oeste;Colisão Traseira;1;2;;;;;1
26/03/2013;13:55:00;105;sem vítima;551;BR-324/BA;Oeste;Colisão Lateral;1;2;;;;;1
26/03/2013;16:46:00;133;sem vítima;611;BR-324/BA;Oeste;Colisão Traseira;1;2;;;;;1
26/03/2013;14:42:00;108;sem vítima;623;BR-324/BA;Oeste;Colisão Lateral;1;4;;;;;1
26/03/2013;23:25:00;193;sem vítima;568,4;BR-116/BA;Norte;Sequência;3;4;;;;;1
27/03/2013;04:54:00;18;sem vítima;462,5;BR-116/BA;Sul;Atropelamento de Animal;1;1;;;;;1
28/03/2013;18:19:00;246;com vítima;5,3;BR-116/BA - Cont VC;;Colisão Lateral;1;2;1;1;;;2
29/03/2013;07:05:00;74;sem vítima;580;BR-324/BA;Oeste;Tombamento;1;1;;;;;1
29/03/2013;18:21:00;203;sem vítima;926;BR-116/BA;Sul;Saida de Pista;1;1;;;;;1
30/03/2013;15:06:00;151;sem vítima;537;BR-324/BA;Oeste;Colisão Traseira;1;4;;;;;1
30/03/2013;05:08:00;34;sem vítima;453,8;BR-116/BA;Norte;Atropelamento de Animal;1;1;;;;;1
30/03/2013;05:21:00;36;com vítima;459,2;BR-116/BA;Norte;Colisão Traseira;1;1;1;;;;1
30/03/2013;04:32:00;32;sem vítima;553,03;BR-324/BA;Leste;Atropelamento de Animal;1;1;;;;;1
31/03/2013;20:42:00;246;sem vítima;599,5;BR-324/BA;Leste;Colisão Lateral;1;2;;;;;1
31/03/2013;13:45:00;127;sem vítima;592,5;BR-116/BA;Sul;Colisão Lateral;2;2;;;;;1
01/04/2013;10:49:00;99;sem vítima;5;BR-116/BA - ContSuFS;;Colisão Lateral;1;4;;;;;1
01/04/2013;15:45:00;177;com vítima;759,2;BR-116/BA;Sul;Colisão Lateral;1;1;1;;;;1
02/04/2013;05:35:00;16;com vítima;566;BR-116/BA;Norte;Saida de Pista;1;0;1;;;;1
03/04/2013;18:48:00;147;sem vítima;518,2;BR-324/BA;Oeste;Colisão Traseira;2;2;;;;;1
03/04/2013;14:20:00;93;com vítima;454;BR-116/BA;Norte;Colisão Frontal;2;1;;1;;1;3
03/04/2013;22:46:00;184;sem vítima;456;BR-116/BA;Norte;Colisão Traseira;2;2;;;;;1
03/04/2013;22:46:00;194;sem vítima;456,5;BR-116/BA;Sul;Colisão Traseira;2;2;;;;;1
04/04/2013;13:20:00;122;sem vítima;7;BR-116/BA - ContSuFS;;Colisão Lateral;1;4;;;;;1
04/04/2013;17:26:00;168;com vítima;526,05;BR-324/BA;Leste;Engavetamento;1;37;1;;;;1
04/04/2013;16:51:00;160;sem vítima;545;BR-324/BA;Oeste;Colisão Traseira;1;2;;;;;1
04/04/2013;17:21:00;166;sem vítima;456,5;BR-116/BA;Norte;Colisão Traseira;1;2;;;;;1
04/04/2013;12:09:00;109;sem vítima;574;BR-324/BA;Leste;Tombamento;1;1;;;;;1
04/04/2013;01:19:00;10;com vítima;921,4;BR-116/BA;Norte;Saida de Pista;1;0;;;1;;2
04/04/2013;07:16:00;42;sem vítima;921,5;BR-116/BA;Norte;Colisão Traseira;1;2;;;;;1
05/04/2013;11:50:00;106;com vítima;451;BR-116/BA;Sul;Engavetamento;2;3;4;;;;1