data;horario;n_da_ocorrencia;tipo_de_ocorrencia;km;trecho;sentido;tipo_de_acidente;caminhao;ilesos;levemente_feridos;moderadamente_feridos;gravemente_feridos;mortos;3
05/04/2013;02:52:00;10;sem vítima;471,4;BR-116/BA;Norte;Tombamento;1;1;;;;;1
05/04/2013;06:34:00;28;sem vítima;482;BR-116/BA;Sul;Colisão Traseira;1;4;;;;;1
06/04/2013;11:09:00;111;sem vítima;543,3;BR-324/BA;Oeste;Colisão Lateral;2;2;;;;;1
06/04/2013;20:28:00;246;sem vítima;578,3;BR-324/BA;Oeste;Atropelamento de Animal;1;1;;;;;1
06/04/2013;09:03:00;72;sem vítima;698;BR-116/BA;Sul;Engavetamento;4;5;;;;;1
07/04/2013;19:39:00;206;com vítima;567,5;BR-116/BA;Sul;Colisão Lateral;1;1;;;;1;3
07/04/2013;06:23:00;48;com vítima;698;BR-116/BA;Norte;Colisão Lateral;1;3;2;;;;1
08/04/2013;21:22:00;225;sem vítima;566,05;BR-116/BA;Sul;Colisão Traseira;2;2;;;;;1
08/04/2013;12:52:00;119;sem vítima;827,3;BR-116/BA;Norte;Colisão Transversal;1;2;;;;;1
09/04/2013;04:31:00;29;com vítima;692;BR-116/BA;Sul;Tombamento;1;0;1;;;;1
09/04/2013;08:06:00;57;com vítima;814,6;BR-116/BA;Norte;Colisão Traseira;1;1;1;;;;1
09/04/2013;16:15:00;159;sem vítima;926,5;BR-116/BA;Sul;Colisão Lateral;2;2;;;;;1
10/04/2013;13:22:00;136;sem vítima;5,6;BR-116/BA - ContSuFS;;Colisão Lateral;1;2;;;;;1
10/04/2013;18:04:00;205;com vítima;453,9;BR-116/BA;Norte;Colisão Frontal;2;1;1;;1;;2
10/04/2013;23:40:00;259;sem vítima;470;BR-116/BA;Sul;Tombamento;1;1;;;;;1
10/04/2013;16:11:00;184;sem vítima;478;BR-116/BA;Norte;Colisão Traseira;1;7;;;;;1
10/04/2013;20:47:00;231;sem vítima;484;BR-116/BA;Sul;Colisão Lateral;1;2;;;;;1
10/04/2013;06:25:00;38;sem vítima;620;BR-324/BA;Oeste;Tombamento;1;1;;;;;1
11/04/2013;17:33:00;191;sem vítima;576;BR-324/BA;Oeste;Colisão Traseira;1;2;;;;;1
11/04/2013;19:59:00;225;com vítima;594;BR-324/BA;Oeste;Colisão Traseira;1;7;1;;;;1
11/04/2013;03:48:00;14;sem vítima;508,6;BR-116/BA;Norte;Atropelamento de Animal;1;2;;;;;1
11/04/2013;09:05:00;75;com vítima;622,4;BR-116/BA;Norte;Colisão Lateral;2;1;1;;;;1
12/04/2013;20:25:00;257;sem vítima;541,9;BR-324/BA;Leste;Colisão Lateral;1;3;;;;;1
12/04/2013;17:05:00;203;sem vítima;814,03;BR-116/BA;Sul;Saida de Pista;1;1;;;;;1
13/04/2013;07:54:00;43;sem vítima;565;BR-324/BA;Oeste;Engavetamento;1;7;;;;;1
13/04/2013;13:41:00;118;com vítima;537;BR-116/BA;Norte;Colisão Lateral;2;2;;2;;;2
13/04/2013;12:24:00;103;com vítima;567,2;BR-116/BA;Sul;Sequência;1;2;4;;;;1
13/04/2013;16:15:00;162;sem vítima;666;BR-116/BA;Norte;Colisão Traseira;2;2;;;;;1
14/04/2013;18:00:00;199;com vítima;592;BR-116/BA;Sul;Colisão Traseira;1;1;;1;;;2
14/04/2013;07:43:00;51;sem vítima;794;BR-116/BA;Norte;Colisão Lateral;1;7;;;;;1
15/04/2013;18:17:00;253;sem vítima;541,5;BR-324/BA;Oeste;Atropelamento de Animal;1;2;;;;;1
15/04/2013;16:21:00;221;sem vítima;606;BR-324/BA;Oeste;Engavetamento;1;10;;;;;1
15/04/2013;17:02:00;234;sem vítima;623;BR-324/BA;Oeste;Colisão Traseira;1;2;;;;;1
15/04/2013;07:21:00;54;sem vítima;566;BR-116/BA;Norte;Colisão Traseira;2;2;;;;;1
16/04/2013;20:39:00;224;com vítima;630,2;BR-116/BA;Norte;Colisão Lateral;1;1;1;;;;1
16/04/2013;13:21:00;145;sem vítima;757,5;BR-116/BA;Sul;Colisão Transversal;1;2;;;;;1
16/04/2013;21:31:00;232;sem vítima;770,3;BR-116/BA;Sul;Colisão Traseira;1;2;;;;;1
16/04/2013;18:06:00;202;sem vítima;910,02;BR-116/BA;Norte;Colisão Traseira;2;3;;;;;1
17/04/2013;16:39:00;170;sem vítima;7;BR-116/BA - ContSuFS;;Colisão Lateral;1;2;;;;;1
17/04/2013;15:15:00;150;sem vítima;518;BR-324/BA;Leste;Colisão Lateral;1;2;;;;;1
17/04/2013;06:22:00;32;sem vítima;847;BR-116/BA;Sul;Colisão Lateral;1;2;;;;;1
18/04/2013;11:18:00;115;sem vítima;5;BR-116/BA - ContSuFS;;Colisão Traseira;2;2;;;;;1
18/04/2013;18:01:00;208;sem vítima;519,5;BR-324/BA;Oeste;Engavetamento;2;4;;;;;1
18/04/2013;19:53:00;225;sem vítima;467,2;BR-116/BA;Sul;Tombamento;1;2;;;;;1
19/04/2013;10:06:00;110;sem vítima;4,1;BR-116/BA - ContSuFS;;Colisão Traseira;1;2;;;;;1
19/04/2013;22:53:00;303;sem vítima;534;BR-324/BA;Oeste;Tombamento;1;1;;;;;1
19/04/2013;05:08:00;28;com vítima;464;BR-116/BA;Norte;Colisão Traseira;2;1;;1;;;2
19/04/2013;07:30:00;59;sem vítima;579,8;BR-324/BA;Leste;Saida de Pista;1;1;;;;;1
19/04/2013;06:34:00;40;sem vítima;580;BR-324/BA;Leste;Tombamento;1;1;;;;;1
19/04/2013;13:52:00;170;com vítima;591;BR-324/BA;Leste;Choque - Veiculo parado no acostamento;1;1;;1;1;;2
20/04/2013;10:56:00;113;sem vítima;541,6;BR-324/BA;Leste;Tombamento;1;1;;;;;1
20/04/2013;17:21:00;200;sem vítima;694,9;BR-116/BA;Sul;Colisão Traseira;2;2;;;;;1
20/04/2013;14:06:00;146;com vítima;783;BR-116/BA;Norte;Colisão Transversal;1;1;;;1;1;3
20/04/2013;19:47:00;236;sem vítima;837,4;BR-116/BA;Norte;Colisão Lateral;1;4;;;;;1
20/04/2013;14:27:00;153;sem vítima;843;BR-116/BA;Norte;Colisão Lateral;1;4;;;;;1
21/04/2013;19:27:00;173;com vítima;426,5;BR-116/BA;Norte;Engavetamento;1;2;1;;;;1
21/04/2013;07:32:00;35;sem vítima;456,2;BR-116/BA;Sul;Engavetamento;2;3;;;;;1
21/04/2013;15:22:00;112;com vítima;594,9;BR-116/BA;Norte;Colisão Lateral;2;1;;1;;;2
21/04/2013;10:18:00;65;sem vítima;643,5;BR-116/BA;Norte;Saida de Pista;1;2;;;;;1
21/04/2013;11:21:00;81;com vítima;786;BR-116/BA;Sul;Saida de Pista;1;0;;;1;;2
21/04/2013;19:38:00;175;sem vítima;840;BR-116/BA;Norte;Colisão Traseira;1;3;;;;;1
21/04/2013;11:06:00;78;sem vítima;840,8;BR-116/BA;Sul;Engavetamento;2;3;;;;;1
22/04/2013;07:18:00;37;com vítima;441,9;BR-116/BA;Norte;Tombamento;1;0;1;;;;1
22/04/2013;16:26:00;186;com vítima;591,7;BR-324/BA;Leste;Colisão Traseira;1;1;1;;;;1
22/04/2013;18:29:00;213;com vítima;593,4;BR-116/BA;Sul;Tombamento;1;0;1;;;;1
23/04/2013;08:07:00;58;com vítima;3;BR-116/BA - Cont VC;;Colisão Transversal;1;3;1;;;;1
23/04/2013;05:07:00;23;sem vítima;438;BR-116/BA;Norte;Tombamento;1;1;;;;;1
23/04/2013;08:28:00;67;sem vítima;516;BR-116/BA;Sul;Colisão Transversal;1;2;;;;;1
23/04/2013;08:01:00;57;sem vítima;591;BR-116/BA;Norte;Colisão Lateral;1;2;;;;;1
23/04/2013;20:30:00;237;sem vítima;637;BR-116/BA;Sul;Atropelamento de Animal;1;1;;;;;1
24/04/2013;09:31:00;87;sem vítima;443;BR-116/BA;Sul;Colisão Transversal;1;2;;;;;1
24/04/2013;11:40:00;112;sem vítima;543;BR-324/BA;Oeste;Colisão Traseira;1;2;;;;;1
24/04/2013;02:46:00;18;sem vítima;577,3;BR-324/BA;Oeste;Saida de Pista;1;1;;;;;1
25/04/2013;23:42:00;290;sem vítima;5;BR-116/BA - ContSuFS;;Colisão Lateral;1;2;;;;;1
25/04/2013;09:50:00;92;sem vítima;526;BR-324/BA;Oeste;Colisão Transversal;1;2;;;;;1
25/04/2013;19:13:00;242;com vítima;463,6;BR-116/BA;Norte;Colisão Traseira;1;1;1;;;;1
25/04/2013;07:21:00;42;sem vítima;614;BR-116/BA;Sul;Colisão Traseira;2;2;;;;;1
25/04/2013;05:24:00;20;com vítima;771;BR-116/BA;Sul;Colisão Traseira;2;1;2;;;;1
25/04/2013;15:30:00;183;com vítima;818,8;BR-116/BA;Sul;Tombamento;1;0;1;;;;1
26/04/2013;11:46:00;143;sem vítima;441;BR-116/BA;Norte;Colisão Lateral;2;2;;;;;1
26/04/2013;18:24:00;252;sem vítima;522,3;BR-324/BA;Oeste;Colisão Traseira;2;4;;;;;1
26/04/2013;11:34:00;140;sem vítima;528;BR-324/BA;Leste;Colisão Traseira;1;2;;;;;1
26/04/2013;08:57:00;85;sem vítima;621;BR-324/BA;Oeste;Colisão Lateral;1;4;;;;;1
27/04/2013;08:57:00;69;sem vítima;615;BR-324/BA;Oeste;Colisão Lateral;1;3;;;;;1
27/04/2013;08:09:00;56;com vítima;777;BR-116/BA;Sul;Colisão Transversal;1;3;1;;;;1
27/04/2013;07:47:00;48;com vítima;909,9;BR-116/BA;Sul;Colisão Lateral;3;2;1;;;;1
28/04/2013;07:48:00;48;com vítima;445;BR-116/BA;Norte;Capotamento;2;2;1;;;;1
28/04/2013;14:05:00;115;com vítima;459;BR-116/BA;Norte;Atropelamento - Ciclista;1;1;;1;;;2
29/04/2013;15:18:00;171;sem vítima;8;BA-526;Sul;Tombamento;1;1;;;;;1
29/04/2013;16:17:00;182;com vítima;29;BR-116/BA - Cont VC;;Tombamento;1;0;1;;;;1
29/04/2013;13:40:00;151;sem vítima;521;BR-324/BA;Oeste;Colisão Lateral;1;3;;;;;1
29/04/2013;18:16:00;208;sem vítima;551;BR-324/BA;Oeste;Colisão Traseira;1;4;;;;;1
29/04/2013;04:28:00;24;com vítima;574;BR-324/BA;Leste;Saida de Pista;1;0;;;;1;3
29/04/2013;06:29:00;38;sem vítima;574;BR-324/BA;Leste;Colisão Traseira;1;2;;;;;1
29/04/2013;08:07:00;69;com vítima;602;BR-324/BA;Oeste;Tombamento;1;1;1;;;;1
29/04/2013;00:52:00;8;sem vítima;517,5;BR-116/BA;Norte;Saida de Pista;1;1;;;;;1
29/04/2013;01:08:00;10;sem vítima;641,8;BR-116/BA;Norte;Tombamento;1;1;;;;;1
29/04/2013;14:45:00;164;sem vítima;762,3;BR-116/BA;Norte;Colisão Traseira;2;2;;;;;1
29/04/2013;23:29:00;259;sem vítima;771;BR-116/BA;Norte;Colisão Traseira;1;3;;;;;1
29/04/2013;08:54:00;83;com vítima;773;BR-116/BA;Norte;Colisão Traseira;2;3;1;;;;1
30/04/2013;04:45:00;17;sem vítima;540,4;BR-324/BA;Oeste;Sequência;1;2;;;;;1
30/04/2013;18:51:00;199;com vítima;596,2;BR-324/BA;Oeste;Colisão Traseira;1;41;3;2;4;;2
30/04/2013;12:02:00;102;com vítima;903;BR-116/BA;Sul;Saida de Pista;1;0;1;;;;1
02/05/2013;16:34:00;181;com vítima;541;BR-324/BA;Leste;Colisão Lateral;1;1;1;;;;1
02/05/2013;16:14:00;174;sem vítima;610;BR-324/BA;Leste;Colisão Lateral;1;2;;;;;1
02/05/2013;13:01:00;133;com vítima;633;BR-116/BA;Sul;Colisão Transversal;1;1;;;;1;3
02/05/2013;19:32:00;225;sem vítima;683,3;BR-116/BA;Norte;Tombamento;1;1;;;;;1
03/05/2013;08:40:00;64;sem vítima;432,2;BR-116/BA;Norte;Colisão Lateral;1;5;;;;;1
03/05/2013;20:19:00;216;sem vítima;526;BR-324/BA;Leste;Colisão Traseira;1;3;;;;;1
03/05/2013;05:49:00;29;sem vítima;617,8;BR-324/BA;Leste;Colisão Lateral;1;5;;;;;1
03/05/2013;19:02:00;196;sem vítima;623;BR-324/BA;Leste;Colisão Lateral;1;2;;;;;1
04/05/2013;08:09:00;54;com vítima;539;BR-324/BA;Oeste;Queda de Moto;1;1;1;;;;1
04/05/2013;06:04:00;35;com vítima;573;BR-324/BA;Leste;Colisão Traseira;2;1;1;;;;1
04/05/2013;19:49:00;229;com vítima;677;BR-116/BA;Sul;Tombamento;1;0;1;;;;1
04/05/2013;09:46:00;80;sem vítima;739;BR-116/BA;Norte;Tombamento;1;1;;;;;1
04/05/2013;09:46:00;138;sem vítima;739;BR-116/BA;Sul;Sequência;2;2;;;;;1
04/05/2013;16:11:00;173;sem vítima;847,1;BR-116/BA;Norte;Colisão Traseira;2;2;;;;;1
04/05/2013;09:57:00;86;sem vítima;854;BR-116/BA;Sul;Colisão Traseira;2;2;;;;;1
05/05/2013;23:45:00;260;sem vítima;483;BR-116/BA;Norte;Colisão Traseira;2;2;;;;;1
05/05/2013;18:31:00;202;sem vítima;892;BR-116/BA;Norte;Colisão Lateral;2;2;;;;;1
06/05/2013;14:06:00;133;com vítima;523;BR-324/BA;Leste;Colisão Traseira;1;1;1;;;;1
06/05/2013;12:45:00;112;sem vítima;450;BR-116/BA;Sul;Colisão Lateral;2;2;;;;;1
06/05/2013;13:51:00;128;sem vítima;459,5;BR-116/BA;Norte;;1;2;;;;;1
06/05/2013;11:01:00;94;sem vítima;528;BR-116/BA;Sul;Colisão Traseira;1;2;;;;;1
07/05/2013;16:59:00;180;com vítima;8;BR-116/BA - Cont VC;;Colisão Transversal;1;1;1;;;;1
07/05/2013;17:19:00;184;sem vítima;614;BR-324/BA;Oeste;Colisão Lateral;1;2;;;;;1
07/05/2013;14:19:00;142;com vítima;905;BR-116/BA;Sul;Tombamento;1;0;;1;;;2
08/05/2013;14:21:00;137;sem vítima;449,2;BR-116/BA;Norte;Colisão Traseira;2;2;;;;;1
08/05/2013;07:03:00;42;sem vítima;674;BR-116/BA;Sul;Colisão Traseira;1;2;;;;;1
08/05/2013;18:08:00;191;sem vítima;901;BR-116/BA;Sul;;3;3;;;;;1
09/05/2013;12:51:00;141;sem vítima;438,2;BR-116/BA;Sul;Colisão Lateral;1;5;;;;;1
09/05/2013;11:50:00;130;com vítima;438,3;BR-116/BA;Norte;Engavetamento;3;7;1;;;;1
09/05/2013;17:54:00;219;sem vítima;613,1;BR-324/BA;Leste;Colisão Lateral;1;4;;;;;1
09/05/2013;16:38:00;203;sem vítima;549;BR-116/BA;Sul;Tombamento;1;1;;;;;1
09/05/2013;01:19:00;10;com vítima;569;BR-116/BA;Sul;Tombamento;1;0;2;;;;1
09/05/2013;18:08:00;2;sem vítima;901;BR-116/BA;Sul;Colisão Traseira;4;4;;;;;1
10/05/2013;16:09:00;186;sem vítima;534;BR-324/BA;Oeste;Engavetamento;1;3;;;;;1
10/05/2013;16:16:00;190;sem vítima;534,3;BR-324/BA;Oeste;Colisão Traseira;1;2;;;;;1
10/05/2013;14:09:00;155;sem vítima;599;BR-324/BA;Oeste;Colisão Traseira;1;2;;;;;1
10/05/2013;18:24:00;225;sem vítima;613,5;BR-324/BA;Leste;Colisão Lateral;1;3;;;;;1
10/05/2013;07:39:00;46;com vítima;649,2;BR-116/BA;Sul;Colisão Traseira;2;1;1;;;;1
10/05/2013;11:57:00;128;sem vítima;905,5;BR-116/BA;Sul;Colisão Traseira;1;2;;;;;1
11/05/2013;09:49:00;92;sem vítima;13;BR-116/BA - Cont VC;;Saida de Pista;1;1;;;;;1
11/05/2013;18:18:00;224;com vítima;457;BR-116/BA;Sul;Engavetamento;2;1;1;1;;;2
11/05/2013;17:23:00;203;sem vítima;557;BR-324/BA;Oeste;Colisão Traseira;1;26;;;;;1
11/05/2013;20:27:00;264;sem vítima;819,8;BR-116/BA;Sul;Colisão Lateral;1;3;;;;;1
12/05/2013;07:37:00;49;sem vítima;542;BR-324/BA;Oeste;;1;2;;;;;1
12/05/2013;02:57:00;18;sem vítima;482;BR-116/BA;Sul;Colisão Traseira;1;2;;;;;1
12/05/2013;07:01:00;42;com vítima;576,3;BR-116/BA;Norte;Colisão Lateral;1;1;;1;;1;3
12/05/2013;18:06:00;195;com vítima;875,3;BR-116/BA;Sul;Saida de Pista;1;1;1;;;;1
13/05/2013;06:48:00;58;sem vítima;431,2;BR-116/BA;Norte;Engavetamento;2;7;;;;;1
13/05/2013;11:37:00;133;com vítima;456,9;BR-116/BA;Sul;Saida de Pista;1;1;2;;;;1
13/05/2013;13:43:00;159;sem vítima;495;BR-116/BA;Norte;Saida de Pista;1;1;;;;;1
13/05/2013;19:02:00;219;sem vítima;642,8;BR-116/BA;Norte;Saida de Pista;1;2;;;;;1
13/05/2013;01:18:00;11;com vítima;670;BR-116/BA;Norte;Tombamento;1;0;1;;;;1
13/05/2013;14:46:00;169;com vítima;887;BR-116/BA;Sul;Colisão Lateral;1;2;2;;;;1
14/05/2013;02:12:00;13;com vítima;523;BR-324/BA;Leste;Tombamento;1;0;;1;;;2
14/05/2013;03:03:00;18;sem vítima;570;BR-324/BA;Leste;Saida de Pista;1;1;;;;;1
14/05/2013;17:44:00;186;sem vítima;614;BR-324/BA;Leste;Saida de Pista;1;1;;;;;1
15/05/2013;22:01:00;246;sem vítima;23,5;BR-116/BA - Cont VC;;Colisão Lateral;2;2;;;;;1
15/05/2013;22:28:00;248;com vítima;443;BR-116/BA;Sul;Colisão Traseira;1;32;1;;;;1
15/05/2013;22:28:00;258;sem vítima;443;BR-116/BA;Sul;Engavetamento;5;6;;;;;1
15/05/2013;12:36:00;121;sem vítima;518;BR-324/BA;Oeste;Colisão Transversal;1;3;;;;;1
15/05/2013;15:47:00;165;sem vítima;523;BR-324/BA;Oeste;Colisão Lateral;1;2;;;;;1
15/05/2013;19:43:00;218;sem vítima;525,9;BR-324/BA;Oeste;Colisão Lateral;3;3;;;;;1
15/05/2013;14:54:00;155;sem vítima;613;BR-324/BA;Leste;Colisão Traseira;1;4;;;;;1
15/05/2013;13:47:00;139;sem vítima;616;BR-324/BA;Leste;Tombamento;1;1;;;;;1
15/05/2013;18:53:00;210;com vítima;789;BR-116/BA;Sul;Colisão Frontal;1;1;;;;1;3
16/05/2013;06:50:00;43;com vítima;5;BR-116/BA - ContSuFS;;Colisão Lateral;1;1;1;;;;1
16/05/2013;00:23:00;5;sem vítima;443;BR-116/BA;Sul;Colisão Traseira;1;13;;;;;1
16/05/2013;04:49:00;30;com vítima;547;BR-324/BA;Leste;Choque Contra Objeto Fixo;1;0;1;;;;1
16/05/2013;22:01:00;263;com vítima;663;BR-116/BA;Sul;Colisão Lateral;1;1;8;3;;3;3
16/05/2013;11:11:00;121;com vítima;676;BR-116/BA;Norte;Saida de Pista;1;0;1;;;;1
16/05/2013;16:46:00;192;com vítima;758;BR-116/BA;Norte;Colisão Traseira;1;1;1;;;;1
16/05/2013;07:40:00;55;com vítima;860;BR-116/BA;Norte;Tombamento;1;0;1;;;;1
17/05/2013;23:33:00;258;com vítima;788;BR-116/BA;Sul;Saida de Pista;1;0;1;;;;1
17/05/2013;06:55:00;54;sem vítima;833;BR-116/BA;Norte;Colisão Traseira;1;2;;;;;1
18/05/2013;23:17:00;252;sem vítima;574;BR-324/BA;Leste;Colisão Traseira;1;11;;;;;1
18/05/2013;07:09:00;42;com vítima;599;BR-324/BA;Leste;Colisão Traseira;1;1;1;;;;1
18/05/2013;16:35:00;190;sem vítima;602,5;BR-116/BA;Sul;Colisão Traseira;2;2;;;;;1
18/05/2013;09:51:00;90;sem vítima;788;BR-116/BA;Sul;;1;1;;;;;1
18/05/2013;20:30:00;232;sem vítima;910;BR-116/BA;Sul;Colisão Traseira;2;2;;;;;1
19/05/2013;05:51:00;49;sem vítima;1,3;BA-526;Sul;Saida de Pista;1;1;;;;;1
19/05/2013;18:00:00;213;sem vítima;864,5;BR-116/BA;Sul;Colisão Traseira;2;3;;;;;1
19/05/2013;11:40:00;112;sem vítima;873;BR-116/BA;Norte;Colisão Traseira;2;2;;;;;1
20/05/2013;04:24:00;29;com vítima;429,5;BR-116/BA;Norte;Saida de Pista;1;1;1;;;;1
20/05/2013;04:54:00;31;sem vítima;443;BR-116/BA;Norte;Saida de Pista;1;1;;;;;1
20/05/2013;09:08:00;95;sem vítima;584,5;BR-324/BA;Leste;Colisão Lateral;1;2;;;;;1
20/05/2013;06:20:00;38;sem vítima;588,2;BR-324/BA;Oeste;Colisão Lateral;1;2;;;;;1
20/05/2013;02:47:00;23;com vítima;658;BR-116/BA;Sul;Saida de Pista;1;0;;2;;;2
21/05/2013;14:41:00;137;sem vítima;439;BR-116/BA;Norte;Engavetamento;2;4;;;;;1
21/05/2013;08:29:00;56;com vítima;531,2;BR-324/BA;Oeste;Colisão Traseira;1;1;1;;;;1
21/05/2013;23:16:00;215;com vítima;640,1;BR-116/BA;Sul;Saida de Pista;1;0;1;;;;1
21/05/2013;08:22:00;52;sem vítima;773;BR-116/BA;Norte;Colisão Traseira;2;2;;;;;1
22/05/2013;16:13:00;193;com vítima;445,5;BR-116/BA;Sul;Colisão Lateral;1;1;;1;;;2
22/05/2013;16:37:00;203;sem vítima;604,2;BR-116/BA;Sul;Saida de Pista;1;1;;;;;1
22/05/2013;06:52:00;37;sem vítima;628;BR-116/BA;Sul;Colisão Traseira;2;5;;;;;1
22/05/2013;15:54:00;189;sem vítima;653,3;BR-116/BA;Norte;Colisão Traseira;2;2;;;;;1
22/05/2013;01:35:00;11;sem vítima;669,1;BR-116/BA;Norte;Atropelamento de Animal;1;1;;;;;1
23/05/2013;18:42:00;184;sem vítima;550;BR-324/BA;Oeste;Colisão Traseira;1;2;;;;;1
23/05/2013;12:22:00;116;sem vítima;482;BR-116/BA;Sul;Colisão Traseira;1;3;;;;;1
23/05/2013;08:48:00;57;sem vítima;577;BR-116/BA;Sul;Saida de Pista;1;2;;;;;1
23/05/2013;15:04:00;145;com vítima;892;BR-116/BA;Sul;Colisão Transversal;1;2;2;;;;1
24/05/2013;22:07:00;272;com vítima;537;BR-324/BA;Leste;Colisão Transversal;1;1;;;;1;3
24/05/2013;13:58:00;156;sem vítima;538;BR-324/BA;Leste;Colisão Traseira;1;3;;;;;1
24/05/2013;21:03:00;257;sem vítima;569,7;BR-324/BA;Oeste;Colisão Lateral;1;5;;;;;1
24/05/2013;08:51:00;79;com vítima;818,9;BR-116/BA;Norte;Engavetamento;2;2;1;;;;1
25/05/2013;01:17:00;11;sem vítima;565;BR-324/BA;Leste;Atropelamento de Animal;1;1;;;;;1
25/05/2013;09:14:00;71;sem vítima;565;BR-324/BA;Oeste;Colisão Traseira;1;2;;;;;1
25/05/2013;19:38:00;211;sem vítima;516;BR-116/BA;Norte;Colisão Lateral;2;2;;;;;1
25/05/2013;06:25:00;35;sem vítima;724,5;BR-116/BA;Sul;Colisão Lateral;1;2;;;;;1
25/05/2013;16:59:00;183;sem vítima;748;BR-116/BA;Sul;Colisão Traseira;2;2;;;;;1
25/05/2013;16:36:00;176;sem vítima;908,2;BR-116/BA;Sul;Colisão Traseira;2;2;;;;;1
26/05/2013;10:34:00;83;sem vítima;576,1;BR-324/BA;Leste;Saida de Pista;1;1;;;;;1
26/05/2013;21:44:00;244;com vítima;475,5;BR-116/BA;Norte;Colisão Lateral;1;0;1;;2;1;3
26/05/2013;23:18:00;252;sem vítima;585,9;BR-324/BA;Leste;Saida de Pista;1;1;;;;;1
26/05/2013;20:31:00;226;sem vítima;909,3;BR-116/BA;Norte;Tombamento;1;1;;;;;1
27/05/2013;11:16:00;109;sem vítima;522;BR-324/BA;Leste;Colisão Traseira;1;4;;;;;1
27/05/2013;12:57:00;136;sem vítima;560,1;BR-324/BA;Oeste;Saida de Pista;1;3;;;;;1
27/05/2013;07:55:00;59;com vítima;748,5;BR-116/BA;Sul;Tombamento;1;0;1;;;;1
28/05/2013;06:57:00;53;sem vítima;523;BR-324/BA;Leste;Colisão Lateral;1;2;;;;;1
28/05/2013;16:23:00;201;sem vítima;623;BR-324/BA;Leste;Colisão Traseira;1;4;;;;;1
28/05/2013;08:59:00;93;sem vítima;616;BR-116/BA;Sul;Colisão Traseira;1;2;;;;;1
28/05/2013;18:49:00;247;sem vítima;669,5;BR-116/BA;Sul;Atropelamento de Animal;1;1;;;;;1
28/05/2013;16:04:00;194;com vítima;672,2;BR-116/BA;Norte;Colisão Lateral;1;30;1;;;;1
29/05/2013;08:48:00;64;sem vítima;530,9;BR-324/BA;Leste;Colisão Lateral;2;2;;;;;1
29/05/2013;12:41:00;140;sem vítima;551;BR-324/BA;Oeste;Colisão Traseira;1;5;;;;;1
29/05/2013;11:17:00;117;sem vítima;583;BR-324/BA;Oeste;Colisão Traseira;1;2;;;;;1
29/05/2013;16:28:00;206;sem vítima;616;BR-324/BA;Oeste;Engavetamento;1;3;;;;;1
29/05/2013;20:43:00;260;sem vítima;663;BR-116/BA;Sul;Colisão Traseira;2;2;;;;;1
29/05/2013;15:01:00;175;sem vítima;923,3;BR-116/BA;Sul;Colisão Lateral;1;2;;;;;1
30/05/2013;12:51:00;166;com vítima;17;BR-116/BA - Cont VC;;Atropelamento - Ciclista;1;1;;;;1;3
30/05/2013;16:32:00;230;sem vítima;439,3;BR-116/BA;Sul;Colisão Traseira;2;2;;;;;1
30/05/2013;16:20:00;226;sem vítima;574,1;BR-324/BA;Oeste;Saida de Pista;1;1;;;;;1
30/05/2013;21:49:00;305;sem vítima;593,3;BR-324/BA;Leste;Atropelamento de Animal;1;2;;;;;1
30/05/2013;09:04:00;97;com vítima;736;BR-116/BA;Sul;Tombamento;1;0;3;;;;1
30/05/2013;14:38:00;195;com vítima;929,2;BR-116/BA;Sul;Capotamento;1;1;3;;;;1
31/05/2013;10:13:00;93;sem vítima;551;BR-324/BA;Oeste;Colisão Traseira;1;5;;;;;1
01/06/2013;17:32:00;200;sem vítima;426,6;BR-116/BA;Sul;Colisão Transversal;1;2;;;;;1
01/06/2013;16:11:00;180;com vítima;467;BR-116/BA;Norte;Engavetamento;4;2;2;;;;1
01/06/2013;02:56:00;15;com vítima;497;BR-116/BA;Norte;Colisão Traseira;1;7;1;;;;1
01/06/2013;15:02:00;162;sem vítima;595;BR-116/BA;Norte;Saida de Pista;1;2;;;;;1
01/06/2013;15:46:00;171;sem vítima;845;BR-116/BA;Norte;Engavetamento;3;4;;;;;1
02/06/2013;22:12:00;258;com vítima;29,3;BR-116/BA - Cont VC;;Atropelamento de Animal;1;0;1;;;;1
02/06/2013;11:15:00;102;com vítima;465;BR-116/BA;Sul;Colisão Transversal;1;1;1;;;;1
02/06/2013;12:18:00;121;sem vítima;594;BR-116/BA;Norte;Tombamento;1;1;;;;;1
02/06/2013;10:40:00;94;sem vítima;852;BR-116/BA;Norte;Colisão Lateral;2;2;;;;;1
03/06/2013;16:51:00;256;sem vítima;4;BR-116/BA - ContSuFS;;Colisão Traseira;2;3;;;;;1
03/06/2013;15:20:00;231;sem vítima;526,5;BR-324/BA;Oeste;Colisão Lateral;2;2;;;;;1
03/06/2013;16:58:00;258;sem vítima;547,5;BR-324/BA;Oeste;Colisão Traseira;1;1;;;;;1
03/06/2013;06:44:00;37;sem vítima;613;BR-324/BA;Leste;Engavetamento;1;3;;;;;1
03/06/2013;03:10:00;10;sem vítima;566;BR-116/BA;Norte;Colisão Traseira;2;2;;;;;1
04/06/2013;08:21:00;64;sem vítima;620;BR-324/BA;Leste;Colisão Lateral;3;4;;;;;1
04/06/2013;20:36:00;266;sem vítima;749;BR-116/BA;Sul;Colisão Traseira;2;2;;;;;1
05/06/2013;16:37:00;207;com vítima;426,9;BR-116/BA;Norte;Colisão Transversal;1;1;;;;1;3
05/06/2013;17:51:00;226;sem vítima;560;BR-324/BA;Leste;Saida de Pista;1;1;;;;;1