data;horario;n_da_ocorrencia;tipo_de_ocorrencia;km;trecho;sentido;tipo_de_acidente;caminhao;ilesos;levemente_feridos;moderadamente_feridos;gravemente_feridos;mortos;3
05/06/2013;09:54:00;106;sem vítima;613;BR-324/BA;Leste;Colisão Lateral;1;2;;;;;1
05/06/2013;20:08:00;265;sem vítima;618,7;BR-324/BA;Oeste;Colisão Traseira;1;3;;;;;1
05/06/2013;08:48:00;80;sem vítima;623;BR-324/BA;Leste;Tombamento;1;2;;;;;1
05/06/2013;13:58:00;168;com vítima;622,2;BR-116/BA;Norte;Colisão Lateral;1;1;1;;;;1
05/06/2013;04:04:00;16;sem vítima;641;BR-116/BA;Norte;Tombamento;1;1;;;;;1
05/06/2013;11:43:00;133;com vítima;709;BR-116/BA;Norte;Colisão Lateral;1;1;1;;;;1
05/06/2013;19:32:00;257;sem vítima;724,2;BR-116/BA;Norte;Engavetamento;3;6;;;;;1
06/06/2013;10:32:00;116;sem vítima;17;BR-116/BA - Cont VC;;Colisão Transversal;2;2;;;;;1
06/06/2013;10:48:00;122;sem vítima;457,5;BR-116/BA;Sul;Colisão Traseira;1;2;;;;;1
06/06/2013;11:11:00;131;sem vítima;458;BR-116/BA;Norte;Colisão Traseira;2;2;;;;;1
06/06/2013;03:56:00;15;com vítima;608,1;BR-116/BA;Sul;Tombamento;1;0;;1;;;2
07/06/2013;04:52:00;21;sem vítima;692,5;BR-116/BA;Norte;Tombamento;1;1;;;;;1
07/06/2013;06:36:00;39;sem vítima;890;BR-116/BA;Norte;Colisão Traseira;1;17;;;;;1
07/06/2013;01:00:00;5;com vítima;920;BR-116/BA;Sul;Tombamento;1;0;;;;1;3
08/06/2013;11:50:00;136;sem vítima;551;BR-324/BA;Oeste;Colisão Traseira;1;2;;;;;1
08/06/2013;09:18:00;90;sem vítima;482;BR-116/BA;Norte;Colisão Traseira;1;4;;;;;1
08/06/2013;17:12:00;242;sem vítima;617,5;BR-324/BA;Oeste;Colisão Traseira;1;2;;;;;1
08/06/2013;03:35:00;27;sem vítima;578,8;BR-116/BA;Norte;Tombamento;1;3;;;;;1
08/06/2013;09:28:00;95;com vítima;633,8;BR-116/BA;Norte;Colisão Traseira;1;1;1;;;;1
08/06/2013;08:01:00;67;sem vítima;642;BR-116/BA;Norte;Colisão Lateral;1;2;;;;;1
08/06/2013;09:19:00;91;com vítima;792,5;BR-116/BA;Sul;Colisão Frontal;2;0;1;;;1;3
09/06/2013;09:06:00;69;sem vítima;535,4;BR-324/BA;Oeste;Colisão Traseira;1;2;;;;;1
09/06/2013;11:39:00;100;sem vítima;561;BR-324/BA;Leste;Engavetamento;1;4;;;;;1
09/06/2013;10:25:00;82;sem vítima;618;BR-324/BA;Oeste;Colisão Lateral;1;2;;;;;1
09/06/2013;19:05:00;227;sem vítima;567,2;BR-116/BA;Sul;Colisão Lateral;1;6;;;;;1
10/06/2013;07:46:00;66;sem vítima;427,5;BR-116/BA;Sul;Colisão Transversal;1;3;;;;;1
10/06/2013;12:14:00;193;sem vítima;617,7;BR-324/BA;Oeste;Colisão Lateral;1;2;;;;;1
10/06/2013;18:48:00;303;sem vítima;618;BR-324/BA;Oeste;Colisão Lateral;1;2;;;;;1
10/06/2013;13:46:00;230;sem vítima;666;BR-116/BA;Sul;Colisão Traseira;2;2;;;;;1
10/06/2013;11:14:00;173;com vítima;725;BR-116/BA;Sul;Colisão Traseira;2;2;;;1;;2
10/06/2013;06:35:00;41;com vítima;815;BR-116/BA;Sul;Colisão Traseira;1;1;1;;;;1
10/06/2013;07:26:00;56;sem vítima;858;BR-116/BA;Norte;Colisão Traseira;1;2;;;;;1
11/06/2013;08:24:00;49;sem vítima;433;BR-116/BA;Norte;Engavetamento;2;7;;;;;1
11/06/2013;18:33:00;220;com vítima;453;BR-116/BA;Sul;Colisão Frontal;4;4;2;;2;;2
11/06/2013;06:49:00;30;sem vítima;550;BR-324/BA;Leste;Colisão Traseira;2;2;;;;;1
11/06/2013;17:05:00;194;sem vítima;565;BR-324/BA;Oeste;Saida de Pista;1;1;;;;;1
11/06/2013;11:31:00;106;sem vítima;608,2;BR-324/BA;Leste;Tombamento;1;1;;;;;1
11/06/2013;13:52:00;142;sem vítima;638;BR-116/BA;Norte;Colisão Lateral;1;2;;;;;1
11/06/2013;19:08:00;231;com vítima;654;BR-116/BA;Norte;Saida de Pista;1;0;1;;;;1
12/06/2013;19:22:00;264;sem vítima;619,1;BR-324/BA;Leste;Engavetamento;1;8;;;;;1
12/06/2013;15:56:00;206;sem vítima;566;BR-116/BA;Sul;Colisão Traseira;1;2;;;;;1
12/06/2013;03:59:00;22;sem vítima;848;BR-116/BA;Sul;Colisão Lateral;2;2;;;;;1
12/06/2013;07:31:00;56;sem vítima;911;BR-116/BA;Norte;Engavetamento;2;7;;;;;1
13/06/2013;10:38:00;106;com vítima;7;BR-116/BA - ContSuFS;;Colisão Traseira;1;2;1;;;;1
13/06/2013;12:32:00;138;sem vítima;618;BR-324/BA;Oeste;Colisão Lateral;1;2;;;;;1
13/06/2013;19:43:00;257;sem vítima;639,4;BR-116/BA;Norte;Tombamento;1;1;;;;;1
13/06/2013;07:51:00;57;sem vítima;642,4;BR-116/BA;Norte;Colisão Transversal;1;2;;;;;1
13/06/2013;15:11:00;178;com vítima;757;BR-116/BA;Norte;Colisão Traseira;1;2;2;1;;;2
13/06/2013;17:56:00;235;sem vítima;895;BR-116/BA;Norte;Sequência;2;2;;;;;1
14/06/2013;10:44:00;121;sem vítima;532,4;BR-324/BA;Leste;Saida de Pista;1;3;;;;;1
14/06/2013;21:53:00;306;sem vítima;669;BR-116/BA;Norte;Atropelamento de Animal;1;1;;;;;1
14/06/2013;07:14:00;53;com vítima;672;BR-116/BA;Norte;Colisão Lateral;1;1;;1;;;2
14/06/2013;09:35:00;92;sem vítima;677;BR-116/BA;Sul;Colisão Traseira;2;2;;;;;1
14/06/2013;12:01:00;140;sem vítima;903;BR-116/BA;Sul;Colisão Traseira;1;2;;;;;1
14/06/2013;07:37:00;62;sem vítima;922;BR-116/BA;Sul;Engavetamento;3;3;;;;;1
16/06/2013;05:53:00;25;com vítima;441,8;BR-116/BA;Norte;Colisão Lateral;3;2;;;;1;3
16/06/2013;12:56:00;123;sem vítima;531,6;BR-324/BA;Oeste;Colisão Lateral;1;2;;;;;1
16/06/2013;22:18:00;259;com vítima;497;BR-116/BA;Sul;Colisão Traseira;1;1;3;;;;1
16/06/2013;09:45:00;77;sem vítima;603;BR-324/BA;Oeste;Colisão Lateral;2;2;;;;;1
16/06/2013;07:34:00;40;com vítima;736;BR-116/BA;Norte;Tombamento;1;0;2;;;;1
16/06/2013;14:52:00;148;com vítima;806,5;BR-116/BA;Norte;Tombamento;1;0;;1;;;2
17/06/2013;16:05:00;242;sem vítima;450,3;BR-116/BA;Norte;Saida de Pista;1;2;;;;;1
17/06/2013;14:16:00;200;sem vítima;551;BR-324/BA;Oeste;Colisão Lateral;2;2;;;;;1
17/06/2013;08:43:00;93;com vítima;602;BR-324/BA;Leste;Colisão Lateral;1;4;1;;;;1
17/06/2013;09:53:00;122;sem vítima;617;BR-324/BA;Leste;Engavetamento;1;8;;;;;1
17/06/2013;04:42:00;31;sem vítima;567,4;BR-116/BA;Norte;Colisão Transversal;1;2;;;;;1
17/06/2013;07:52:00;65;sem vítima;678;BR-116/BA;Norte;Colisão Traseira;2;2;;;;;1
17/06/2013;00:07:00;2;com vítima;685,5;BR-116/BA;Sul;Saida de Pista;1;0;;;;1;3
17/06/2013;14:13:00;196;sem vítima;931;BR-116/BA;Sul;Colisão Traseira;2;2;;;;;1
18/06/2013;09:18:00;102;com vítima;29;BR-116/BA - Cont VC;;Tombamento;1;0;1;;;;1
18/06/2013;14:36:00;212;sem vítima;439;BR-116/BA;Sul;Saida de Pista;1;1;;;;;1
18/06/2013;16:07:00;240;sem vítima;905,7;BR-116/BA;Sul;Colisão Lateral;1;3;;;;;1
19/06/2013;10:55:00;154;com vítima;14;BR-116/BA - Cont VC;;Colisão Lateral;1;1;2;;;;1
19/06/2013;22:10:00;351;sem vítima;568,9;BR-116/BA;Norte;Colisão Lateral;2;2;;;;;1
19/06/2013;19:09:00;310;com vítima;618;BR-116/BA;Norte;Colisão Lateral;1;2;1;1;;;2
19/06/2013;11:42:00;168;com vítima;836,4;BR-116/BA;Sul;Tombamento;1;0;1;;;;1
19/06/2013;09:01:00;103;sem vítima;863;BR-116/BA;Sul;Colisão Lateral;1;4;;;;;1
20/06/2013;11:23:00;163;com vítima;521;BR-324/BA;Leste;Engavetamento;1;3;2;;;;1
20/06/2013;07:27:00;55;sem vítima;574;BR-116/BA;Sul;Sequência;1;11;;;;;1
20/06/2013;02:38:00;9;com vítima;655;BR-116/BA;Sul;Tombamento;1;0;1;;;;1
21/06/2013;10:21:00;106;sem vítima;494;BR-116/BA;Norte;Outros;1;1;;;;;1
21/06/2013;20:01:00;303;sem vítima;618,7;BR-324/BA;Leste;Colisão Traseira;1;3;;;;;1
21/06/2013;08:54:00;79;com vítima;641;BR-116/BA;Norte;Colisão Traseira;1;1;1;;;;1
22/06/2013;10:10:00;208;sem vítima;535;BR-324/BA;Leste;Colisão Lateral;1;2;;;;;1
22/06/2013;11:22:00;237;sem vítima;538;BR-324/BA;Oeste;Colisão Lateral;1;2;;;;;1
22/06/2013;09:32:00;194;sem vítima;460;BR-116/BA;Sul;Colisão Traseira;2;3;;;;;1
22/06/2013;11:38:00;244;sem vítima;577;BR-324/BA;Leste;Saida de Pista;1;1;;;;;1
22/06/2013;10:54:00;225;sem vítima;599;BR-324/BA;Leste;Colisão Traseira;1;2;;;;;1
22/06/2013;14:10:00;306;com vítima;828,6;BR-116/BA;Sul;Queda de Moto;1;0;1;;;;1
23/06/2013;09:23:00;95;sem vítima;462,2;BR-116/BA;Sul;Atropelamento - Outros;1;2;;;;;1
23/06/2013;03:29:00;37;sem vítima;757;BR-116/BA;Norte;Colisão Traseira;1;2;;;;;1
23/06/2013;18:07:00;230;com vítima;767,5;BR-116/BA;Sul;Colisão Traseira;1;1;1;;;;1
23/06/2013;08:33:00;88;com vítima;904;BR-116/BA;Norte;Tombamento;1;0;;1;;;2
24/06/2013;15:52:00;240;sem vítima;567;BR-116/BA;Sul;Colisão Transversal;1;6;;;;;1
24/06/2013;02:48:00;15;sem vítima;644,2;BR-116/BA;Norte;Tombamento;1;2;;;;;1
24/06/2013;20:27:00;343;com vítima;765;BR-116/BA;Sul;Colisão Frontal;1;2;;;;2;3
24/06/2013;14:22:00;207;sem vítima;777;BR-116/BA;Norte;Saida de Pista;1;1;;;;;1
25/06/2013;20:40:00;375;sem vítima;445;BR-116/BA;Norte;Colisão Traseira;2;2;;;;;1
25/06/2013;11:07:00;197;sem vítima;552;BR-324/BA;Oeste;Colisão Traseira;1;3;;;;;1
25/06/2013;19:02:00;340;sem vítima;585,3;BR-324/BA;Leste;Colisão Lateral;1;6;;;;;1
25/06/2013;19:40:00;355;sem vítima;598,2;BR-324/BA;Oeste;Saida de Pista;1;1;;;;;1
25/06/2013;13:00:00;231;sem vítima;599;BR-324/BA;Leste;Colisão Lateral;1;2;;;;;1
25/06/2013;13:31:00;239;sem vítima;599;BR-324/BA;Leste;Colisão Traseira;1;2;;;;;1
25/06/2013;16:18:00;295;com vítima;615;BR-116/BA;Norte;Colisão Frontal;1;3;;2;;;2
25/06/2013;08:39:00;130;com vítima;693;BR-116/BA;Sul;Saida de Pista;1;2;1;;;;1
25/06/2013;11:59:00;215;sem vítima;869;BR-116/BA;Norte;Saida de Pista;1;2;;;;;1
26/06/2013;06:33:00;39;com vítima;426,8;BR-116/BA;Sul;Colisão Frontal;1;1;1;;4;;2
26/06/2013;11:27:00;123;sem vítima;427,7;BR-116/BA;Norte;Colisão Traseira;2;2;;;;;1
26/06/2013;15:44:00;194;sem vítima;522,8;BR-324/BA;Oeste;Colisão Traseira;1;2;;;;;1
26/06/2013;15:59:00;200;sem vítima;461;BR-116/BA;Norte;Colisão Traseira;1;4;;;;;1
26/06/2013;03:59:00;15;sem vítima;599;BR-324/BA;Leste;Colisão Traseira;2;3;;;;;1
26/06/2013;08:05:00;62;sem vítima;619;BR-324/BA;Oeste;Colisão Lateral;1;2;;;;;1
26/06/2013;08:16:00;67;sem vítima;619;BR-324/BA;Oeste;Colisão Lateral;1;2;;;;;1
26/06/2013;14:45:00;175;sem vítima;570;BR-116/BA;Sul;Saida de Pista;1;1;;;;;1
27/06/2013;12:01:00;114;com vítima;1;BR-116/BA - ContSuFS;;Engavetamento;2;2;2;;;;1
27/06/2013;23:23:00;275;sem vítima;458,1;BR-116/BA;Norte;Tombamento;1;1;;;;;1
27/06/2013;14:53:00;147;sem vítima;573;BR-324/BA;Oeste;Saida de Pista;1;1;;;;;1
27/06/2013;10:00:00;85;com vítima;574;BR-324/BA;Leste;Colisão Transversal;1;2;1;;;;1
27/06/2013;16:10:00;171;sem vítima;618;BR-324/BA;Oeste;Colisão Lateral;1;2;;;;;1
27/06/2013;10:00:00;84;com vítima;591,5;BR-116/BA;Sul;Engavetamento;3;3;2;1;;;2
27/06/2013;07:30:00;34;sem vítima;709,5;BR-116/BA;Sul;Colisão Traseira;1;3;;;;;1
28/06/2013;15:49:00;172;sem vítima;522;BR-324/BA;Oeste;Colisão Lateral;1;2;;;;;1
28/06/2013;20:16:00;248;com vítima;465;BR-116/BA;Sul;Colisão Lateral;1;2;1;;;2;3
28/06/2013;14:46:00;155;sem vítima;618;BR-324/BA;Oeste;Colisão Lateral;1;2;;;;;1
29/06/2013;08:53:00;62;sem vítima;573;BR-324/BA;Oeste;Colisão Traseira;2;2;;;;;1
29/06/2013;08:01:00;49;sem vítima;482;BR-116/BA;Sul;Colisão Traseira;1;2;;;;;1
29/06/2013;12:41:00;125;sem vítima;618;BR-324/BA;Leste;Colisão Lateral;1;3;;;;;1
29/06/2013;15:07:00;174;sem vítima;929,6;BR-116/BA;Norte;Colisão Traseira;2;2;;;;;1
30/06/2013;14:36:00;149;sem vítima;603;BR-324/BA;Leste;Colisão Lateral;2;3;;;;;1
30/06/2013;08:50:00;77;com vítima;568;BR-116/BA;Norte;Tombamento;1;0;1;1;;;2
30/06/2013;07:35:00;187;com vítima;643;BR-116/BA;Norte;Colisão Lateral;5;5;;;;1;3
30/06/2013;18:43:00;195;sem vítima;666;BR-116/BA;Norte;Colisão Traseira;2;2;;;;;1
30/06/2013;06:06:00;39;com vítima;841,5;BR-116/BA;Norte;Tombamento;1;0;1;;;;1
01/07/2013;08:58:00;61;sem vítima;516;BR-116/BA;Norte;Colisão Traseira;1;3;;;;;1
01/07/2013;04:42:00;10;sem vítima;570;BR-116/BA;Norte;Tombamento;1;1;;;;;1
03/07/2013;15:14:00;175;sem vítima;535,5;BR-324/BA;Oeste;Saida de Pista;1;1;;;;;1
03/07/2013;18:06:00;205;sem vítima;615,6;BR-324/BA;Oeste;Colisão Transversal;1;2;;;;;1
03/07/2013;11:31:00;111;sem vítima;618;BR-324/BA;Oeste;Colisão Lateral;1;2;;;;;1
03/07/2013;16:29:00;195;sem vítima;618;BR-324/BA;Oeste;Colisão Lateral;1;2;;;;;1
03/07/2013;07:00:00;38;com vítima;779;BR-116/BA;Norte;Atropelamento de Pedestre;1;1;;;;1;3
04/07/2013;15:25:00;145;com vítima;546,7;BR-324/BA;Leste;Engavetamento;1;5;1;;;;1
04/07/2013;04:51:00;18;com vítima;588,5;BR-324/BA;Leste;Colisão Traseira;1;10;1;;;;1
04/07/2013;14:15:00;126;sem vítima;615;BR-324/BA;Oeste;Colisão Lateral;1;2;;;;;1
04/07/2013;19:36:00;197;sem vítima;673;BR-116/BA;Sul;Colisão Traseira;1;2;;;;;1
04/07/2013;05:54:00;23;com vítima;908,2;BR-116/BA;Sul;Colisão Traseira;2;3;4;1;;4;3
04/07/2013;12:40:00;111;com vítima;913,5;BR-116/BA;Norte;Engavetamento;2;3;2;;;;1
05/07/2013;08:59:00;71;sem vítima;427,2;BR-116/BA;Norte;Colisão Lateral;1;2;;;;;1
05/07/2013;15:58:00;187;com vítima;454;BR-116/BA;Sul;Engavetamento;3;2;;1;;;2
05/07/2013;04:50:00;20;com vítima;558;BR-324/BA;Oeste;Tombamento;1;0;;1;;;2
05/07/2013;06:27:00;27;com vítima;462;BR-116/BA;Norte;Colisão Frontal;1;1;1;;;;1
05/07/2013;04:03:00;18;sem vítima;570;BR-324/BA;Leste;Saida de Pista;1;1;;;;;1
05/07/2013;23:46:00;265;com vítima;512;BR-116/BA;Norte;Colisão Lateral;2;2;;1;;;2
05/07/2013;15:00:00;176;sem vítima;618;BR-324/BA;Oeste;Colisão Traseira;1;2;;;;;1
05/07/2013;07:02:00;33;sem vítima;620,8;BR-324/BA;Leste;Colisão Lateral;1;2;;;;;1
05/07/2013;12:12:00;131;sem vítima;542,6;BR-116/BA;Sul;Saida de Pista;1;1;;;;;1
05/07/2013;15:47:00;185;sem vítima;642,5;BR-116/BA;Norte;Colisão Lateral;2;2;;;;;1
05/07/2013;00:41:00;7;sem vítima;810;BR-116/BA;Norte;Engavetamento;1;7;;;;;1
05/07/2013;16:25:00;195;com vítima;833,8;BR-116/BA;Sul;Colisão Lateral;1;1;1;;;;1
05/07/2013;09:50:00;86;com vítima;835,2;BR-116/BA;Norte;Colisão Traseira;2;3;;1;;;2
06/07/2013;15:24:00;156;sem vítima;3;BR-116/BA - ContSuFS;;Colisão Traseira;2;2;;;;;1
06/07/2013;09:36:00;82;sem vítima;482;BR-116/BA;Norte;Colisão Lateral;2;3;;;;;1
06/07/2013;11:39:00;110;sem vítima;615,7;BR-324/BA;Leste;Colisão Traseira;1;2;;;;;1
06/07/2013;07:07:00;48;sem vítima;570;BR-116/BA;Sul;Colisão Lateral;3;3;;;;;1
06/07/2013;06:42:00;43;com vítima;631,6;BR-116/BA;Sul;Colisão Transversal;1;1;1;;;;1
06/07/2013;09:52:00;88;sem vítima;643;BR-116/BA;Sul;Saida de Pista;1;1;;;;;1
06/07/2013;19:17:00;200;sem vítima;778,8;BR-116/BA;Sul;Colisão Lateral;1;2;;;;;1
07/07/2013;16:24:00;135;com vítima;29,6;BR-116/BA - Cont VC;;Tombamento;1;0;1;;;;1
07/07/2013;14:20:00;113;com vítima;513;BR-116/BA;Sul;Colisão Frontal;1;4;;;1;;2
07/07/2013;19:10:00;156;sem vítima;694,6;BR-116/BA;Sul;Colisão Traseira;1;2;;;;;1
07/07/2013;00:03:00;1;sem vítima;888,5;BR-116/BA;Sul;Colisão Traseira;1;2;;;;;1
07/07/2013;11:49:00;92;sem vítima;906,002;BR-116/BA;Sul;Colisão Traseira;2;2;;;;;1
08/07/2013;19:25:00;289;com vítima;11,7;BR-116/BA - Cont VC;;Sequência;1;2;;2;;;2
08/07/2013;06:34:00;52;sem vítima;553;BR-324/BA;Leste;Saida de Pista;1;1;;;;;1
08/07/2013;06:17:00;47;sem vítima;558;BR-324/BA;Leste;Sequência;1;2;;;;;1
08/07/2013;22:55:00;294;com vítima;777;BR-116/BA;Sul;Atropelamento de Pedestre;1;1;;;;1;3
08/07/2013;10:36:00;124;sem vítima;814;BR-116/BA;Norte;Colisão Traseira;2;2;;;;;1
09/07/2013;17:27:00;197;sem vítima;4;BR-116/BA - ContSuFS;;Colisão Lateral;2;2;;;;;1
09/07/2013;11:08:00;102;com vítima;7;BR-116/BA - ContSuFS;;Colisão Transversal;1;1;;1;;;2
09/07/2013;16:08:00;180;sem vítima;559;BR-324/BA;Leste;Colisão Traseira;1;2;;;;;1
09/07/2013;10:30:00;92;sem vítima;561;BR-324/BA;Oeste;Tombamento;1;1;;;;;1
09/07/2013;06:56:00;30;com vítima;564;BR-324/BA;Oeste;Tombamento;1;0;;1;;;2
09/07/2013;18:26:00;209;sem vítima;618;BR-324/BA;Oeste;;1;2;;;;;1
09/07/2013;20:16:00;234;com vítima;728,3;BR-116/BA;Norte;Saida de Pista;1;0;1;;;;1
10/07/2013;06:44:00;43;sem vítima;559;BR-324/BA;Leste;Tombamento;1;1;;;;;1
10/07/2013;08:25:00;67;com vítima;559;BR-324/BA;Leste;Sequência;1;2;1;1;;;2
10/07/2013;11:41:00;120;com vítima;619;BR-324/BA;Oeste;Colisão Traseira;2;1;;;1;;2
10/07/2013;07:09:00;48;sem vítima;580;BR-116/BA;Norte;Saida de Pista;1;1;;;;;1
10/07/2013;09:09:00;81;com vítima;793;BR-116/BA;Norte;Tombamento;1;0;1;;;;1
11/07/2013;08:21:00;50;com vítima;17,2;BR-116/BA - Cont VC;;Colisão Transversal;1;1;1;1;;;2
11/07/2013;16:28:00;135;sem vítima;557,3;BR-324/BA;Leste;Tombamento;1;2;;;;;1
11/07/2013;13:15:00;98;sem vítima;592;BR-324/BA;Leste;Tombamento;1;1;;;;;1
12/07/2013;08:22:00;52;com vítima;27,5;BR-116/BA - Cont VC;;Colisão Lateral;1;1;;1;;;2
12/07/2013;13:15:00;126;com vítima;442;BR-116/BA;Sul;Saida de Pista;1;0;;1;;;2
12/07/2013;19:31:00;220;sem vítima;523;BR-324/BA;Oeste;Saida de Pista;1;1;;;;;1
12/07/2013;13:19:00;127;sem vítima;509,05;BR-116/BA;Norte;Saida de Pista;1;1;;;;;1
12/07/2013;09:52:00;75;sem vítima;615,4;BR-324/BA;Leste;Colisão Lateral;1;2;;;;;1
12/07/2013;07:55:00;46;com vítima;615,8;BR-324/BA;Oeste;Colisão Traseira;1;2;;1;;;2
12/07/2013;06:44:00;29;sem vítima;618;BR-324/BA;Oeste;Colisão Lateral;1;2;;;;;1
12/07/2013;20:21:00;229;sem vítima;680;BR-116/BA;Sul;Saida de Pista;1;1;;;;;1
13/07/2013;15:09:00;148;sem vítima;432;BR-116/BA;Sul;Engavetamento;1;3;;;;;1
13/07/2013;23:48:00;255;sem vítima;526,4;BR-324/BA;Leste;Colisão Traseira;2;2;;;;;1
13/07/2013;09:21:00;73;sem vítima;531;BR-324/BA;Leste;Saida de Pista;1;1;;;;;1
13/07/2013;05:17:00;29;sem vítima;459;BR-116/BA;Sul;Tombamento;1;1;;;;;1
13/07/2013;13:03:00;118;com vítima;572,8;BR-324/BA;Oeste;Saida de Pista;1;0;2;;;;1
13/07/2013;16:36:00;174;sem vítima;576,2;BR-324/BA;Leste;Saida de Pista;1;1;;;;;1
13/07/2013;15:12:00;149;sem vítima;728;BR-116/BA;Norte;Colisão Lateral;1;4;;;;;1
13/07/2013;17:00:00;179;com vítima;736,3;BR-116/BA;Norte;Saida de Pista;1;0;;1;;;2
14/07/2013;09:17:00;73;com vítima;450,6;BR-116/BA;Norte;Colisão Frontal;2;0;2;;;;1
14/07/2013;19:39:00;216;com vítima;466;BR-116/BA;Sul;Colisão Traseira;1;1;;;1;;2
14/07/2013;02:02:00;7;sem vítima;510;BR-116/BA;Sul;Saida de Pista;1;1;;;;;1
14/07/2013;21:48:00;234;sem vítima;716,2;BR-116/BA;Sul;Saida de Pista;1;3;;;;;1
14/07/2013;19:10:00;210;com vítima;788;BR-116/BA;Norte;Colisão Lateral;1;3;1;;;;1
14/07/2013;10:13:00;94;sem vítima;910,2;BR-116/BA;Norte;Colisão Traseira;2;2;;;;;1
15/07/2013;05:39:00;34;sem vítima;619;BR-324/BA;Leste;Colisão Traseira;1;2;;;;;1
15/07/2013;11:02:00;142;sem vítima;907;BR-116/BA;Norte;Choque - Veiculo parado na pista;1;5;;;;;1
17/07/2013;23:19:00;271;sem vítima;570;BR-324/BA;Oeste;Saida de Pista;1;1;;;;;1
17/07/2013;18:14:00;222;sem vítima;482,1;BR-116/BA;Sul;Colisão Lateral;1;2;;;;;1
17/07/2013;15:54:00;193;sem vítima;619,7;BR-324/BA;Oeste;Colisão Lateral;1;2;;;;;1
18/07/2013;14:04:00;130;sem vítima;2;BR-116/BA - ContSuFS;;Colisão Lateral;1;2;;;;;1
18/07/2013;16:52:00;160;sem vítima;8;BR-116/BA - ContSuFS;;Colisão Traseira;1;2;;;;;1
18/07/2013;05:38:00;23;sem vítima;584;BR-116/BA;Sul;Colisão Lateral;1;2;;;;;1
19/07/2013;12:52:00;127;com vítima;526,3;BR-324/BA;Oeste;Colisão Traseira;2;2;1;;;;1
19/07/2013;04:23:00;20;com vítima;453;BR-116/BA;Norte;Choque - Outros;1;0;;;;1;3
19/07/2013;17:07:00;202;sem vítima;542,5;BR-324/BA;Oeste;Colisão Lateral;1;3;;;;;1
19/07/2013;14:16:00;150;sem vítima;576;BR-324/BA;Leste;Colisão Lateral;2;2;;;;;1
19/07/2013;17:07:00;190;com vítima;603,3;BR-324/BA;Oeste;Sequência;3;16;1;;;;1
19/07/2013;10:58:00;99;sem vítima;618;BR-324/BA;Oeste;Colisão Lateral;1;3;;;;;1
19/07/2013;18:44:00;223;sem vítima;619,2;BR-324/BA;Oeste;Colisão Lateral;1;2;;;;;1
20/07/2013;12:00:00;130;sem vítima;589,5;BR-324/BA;Oeste;Saida de Pista;1;2;;;;;1
20/07/2013;10:50:00;115;sem vítima;599;BR-324/BA;Leste;Colisão Traseira;1;2;;;;;1
20/07/2013;07:42:00;51;sem vítima;683,2;BR-116/BA;Norte;Saida de Pista;1;1;;;;;1
20/07/2013;15:35:00;177;sem vítima;689,3;BR-116/BA;Norte;Colisão Traseira;2;2;;;;;1
20/07/2013;18:55:00;219;com vítima;873;BR-116/BA;Sul;Colisão Traseira;2;1;1;;;;1
21/07/2013;20:10:00;224;com vítima;443;BR-116/BA;Norte;Colisão Lateral;1;0;3;2;;1;3
21/07/2013;13:06:00;111;sem vítima;473,2;BR-116/BA;Norte;Colisão Traseira;2;2;;;;;1
21/07/2013;09:16:00;66;sem vítima;845;BR-116/BA;Norte;Colisão Lateral;1;3;;;;;1
22/07/2013;02:20:00;8;sem vítima;543;BR-324/BA;Leste;Saida de Pista;1;1;;;;;1
22/07/2013;09:41:00;84;com vítima;468;BR-116/BA;Norte;Colisão Lateral;1;2;3;;;;1
22/07/2013;05:56:00;25;sem vítima;483;BR-116/BA;Norte;Engavetamento;3;3;;;;;1
22/07/2013;13:43:00;162;sem vítima;616;BR-324/BA;Oeste;Colisão Lateral;1;2;;;;;1
23/07/2013;07:44:00;34;sem vítima;439,8;BR-116/BA;Sul;Colisão Traseira;2;2;;;;;1
23/07/2013;15:00:00;176;sem vítima;618,5;BR-324/BA;Oeste;Colisão Traseira;1;2;;;;;1
23/07/2013;15:15:00;157;sem vítima;618,9;BR-324/BA;Oeste;Engavetamento;1;3;;;;;1
24/07/2013;19:03:00;225;sem vítima;618;BR-324/BA;Oeste;Colisão Lateral;1;3;;;;;1
25/07/2013;16:57:00;192;sem vítima;559;BR-324/BA;Oeste;Saida de Pista;1;2;;;;;1
25/07/2013;17:35:00;201;com vítima;592;BR-324/BA;Oeste;Colisão Lateral;1;2;;1;;;2
25/07/2013;07:40:00;31;sem vítima;640;BR-116/BA;Sul;Colisão Lateral;1;6;;;;;1
25/07/2013;20:37:00;237;com vítima;683,8;BR-116/BA;Norte;Tombamento;1;0;1;;;;1
25/07/2013;11:48:00;106;sem vítima;685;BR-116/BA;Sul;Saida de Pista;1;1;;;;;1
25/07/2013;18:17:00;210;sem vítima;746,8;BR-116/BA;Sul;Sequência;3;3;;;;;1
25/07/2013;18:28:00;215;sem vítima;841,3;BR-116/BA;Sul;Outros;1;1;;;;;1
26/07/2013;10:23:00;101;sem vítima;441;BR-116/BA;Norte;Saida de Pista;1;1;;;;;1
26/07/2013;22:30:00;307;sem vítima;469;BR-116/BA;Sul;Tombamento;1;1;;;;;1
26/07/2013;12:35:00;141;sem vítima;593;BR-324/BA;Oeste;Saida de Pista;1;1;;;;;1
26/07/2013;06:35:00;29;com vítima;501,8;BR-116/BA;Sul;Colisão Frontal;2;2;1;1;;;2
26/07/2013;10:30:00;104;sem vítima;614,2;BR-324/BA;Oeste;Saida de Pista;1;1;;;;;1
26/07/2013;10:57:00;109;sem vítima;641;BR-116/BA;Sul;Colisão Frontal;2;2;;;;;1