data;horario;n_da_ocorrencia;tipo_de_ocorrencia;km;trecho;sentido;tipo_de_acidente;caminhao;ilesos;levemente_feridos;moderadamente_feridos;gravemente_feridos;mortos;3
26/07/2013;13:03:00;153;sem vítima;692;BR-116/BA;Norte;Colisão Traseira;2;2;;;;;1
27/07/2013;05:13:00;25;sem vítima;4;BR-116/BA - ContSuFS;;Atropelamento de Animal;1;2;;;;;1
28/07/2013;17:12:00;155;sem vítima;585;BR-324/BA;Oeste;Saida de Pista;1;1;;;;;1
28/07/2013;16:56:00;149;com vítima;719;BR-116/BA;Norte;Saida de Pista;1;0;1;;;;1
29/07/2013;13:32:00;164;com vítima;568;BR-324/BA;Oeste;Colisão Traseira;2;1;;1;;;2
29/07/2013;11:27:00;127;sem vítima;615;BR-324/BA;Oeste;Saida de Pista;1;1;;;;;1
30/07/2013;07:31:00;44;sem vítima;461;BR-116/BA;Norte;Colisão Traseira;1;2;;;;;1
31/07/2013;15:05:00;164;com vítima;3;BR-116/BA - ContSuFS;;Colisão Lateral;1;3;1;;;;1
31/07/2013;09:06:00;66;sem vítima;442;BR-116/BA;Norte;Colisão Traseira;2;2;;;;;1
31/07/2013;18:51:00;211;com vítima;468,6;BR-116/BA;Norte;Colisão Traseira;1;29;1;1;;;2
31/07/2013;14:02:00;147;sem vítima;618;BR-324/BA;Oeste;Colisão Lateral;1;2;;;;;1
31/07/2013;18:49:00;210;sem vítima;778;BR-116/BA;Sul;Colisão Lateral;1;29;;;;;1
01/08/2013;14:47:00;172;sem vítima;519;BR-324/BA;Oeste;Colisão Traseira;2;2;;;;;1
01/08/2013;13:37:00;160;sem vítima;458;BR-116/BA;Norte;Colisão Traseira;2;2;;;;;1
01/08/2013;03:14:00;16;sem vítima;563;BR-324/BA;Leste;Colisão Lateral;1;3;;;;;1
01/08/2013;19:22:00;234;sem vítima;492;BR-116/BA;Sul;Saida de Pista;1;1;;;;;1
01/08/2013;10:47:00;114;sem vítima;618,8;BR-324/BA;Oeste;Colisão Lateral;1;4;;;;;1
01/08/2013;13:12:00;156;com vítima;622,3;BR-324/BA;Leste;Colisão Transversal;1;2;;1;;;2
02/08/2013;22:06:00;259;com vítima;446;BR-116/BA;Sul;Colisão Traseira;1;13;1;;;;1
02/08/2013;18:21:00;209;sem vítima;525;BR-324/BA;Oeste;Colisão Lateral;1;2;;;;;1
02/08/2013;16:12:00;168;com vítima;534;BR-324/BA;Oeste;Colisão Lateral;1;1;1;;;;1
02/08/2013;16:14:00;171;sem vítima;461;BR-116/BA;Sul;Colisão Traseira;2;2;;;;;1
02/08/2013;09:41:00;61;sem vítima;563;BR-324/BA;Leste;Capotamento;1;1;;;;;1
02/08/2013;10:53:00;83;sem vítima;779;BR-116/BA;Sul;Tombamento;1;1;;;;;1
03/08/2013;10:11:00;91;sem vítima;15;BR-116/BA - Cont VC;;Colisão Traseira;2;3;;;;;1
03/08/2013;05:46:00;26;sem vítima;582;BR-324/BA;Leste;Saida de Pista;1;1;;;;;1
03/08/2013;16:39:00;162;com vítima;892;BR-116/BA;Norte;Colisão Lateral;1;0;2;;;;1
04/08/2013;16:42:00;156;sem vítima;432;BR-116/BA;Norte;Colisão Traseira;1;2;;;;;1
05/08/2013;07:01:00;44;com vítima;440,8;BR-116/BA;Norte;Colisão Traseira;1;22;3;;;;1
05/08/2013;00:16:00;2;com vítima;538,5;BR-324/BA;Oeste;Colisão Traseira;1;1;;;1;;2
05/08/2013;15:48:00;221;sem vítima;563;BR-324/BA;Oeste;Engavetamento;2;2;;;;;1
05/08/2013;09:08:00;92;com vítima;858;BR-116/BA;Norte;Colisão Traseira;1;1;1;;;;1
06/08/2013;16:11:00;166;com vítima;15,8;BR-116/BA - Cont VC;;Colisão Transversal;2;1;1;;;;1
06/08/2013;18:03:00;182;sem vítima;520,3;BR-324/BA;Oeste;Engavetamento;2;4;;;;;1
06/08/2013;09:22:00;72;sem vítima;638;BR-116/BA;Sul;Colisão Traseira;1;8;;;;;1
06/08/2013;12:12:00;118;sem vítima;699;BR-116/BA;Norte;Engavetamento;4;6;;;;;1
06/08/2013;07:58:00;43;sem vítima;833;BR-116/BA;Norte;Saida de Pista;1;1;;;;;1
07/08/2013;20:39:00;314;com vítima;617;BR-324/BA;Leste;Colisão Traseira;1;1;1;;;;1
07/08/2013;14:23:00;209;sem vítima;618;BR-324/BA;Oeste;Colisão Transversal;1;2;;;;;1
07/08/2013;13:20:00;193;com vítima;873;BR-116/BA;Norte;Colisão Traseira;2;1;1;;;;1
08/08/2013;20:57:00;218;com vítima;547,95;BR-324/BA;Oeste;Colisão Traseira;2;1;;;;1;3
09/08/2013;14:01:00;146;sem vítima;518,6;BR-324/BA;Oeste;Colisão Transversal;1;2;;;;;1
09/08/2013;15:20:00;175;sem vítima;564;BR-324/BA;Oeste;Engavetamento;1;3;;;;;1
09/08/2013;16:49:00;202;com vítima;567,5;BR-324/BA;Oeste;Engavetamento;1;6;1;;;;1
09/08/2013;20:12:00;255;sem vítima;611;BR-324/BA;Leste;Colisão Traseira;1;2;;;;;1
09/08/2013;15:47:00;186;sem vítima;618;BR-324/BA;Oeste;Colisão Lateral;1;2;;;;;1
09/08/2013;14:37:00;159;sem vítima;698;BR-116/BA;Sul;Colisão Traseira;2;2;;;;;1
09/08/2013;17:07:00;209;sem vítima;836,5;BR-116/BA;Norte;Colisão Traseira;2;2;;;;;1
10/08/2013;11:52:00;114;sem vítima;445;BR-116/BA;Norte;Colisão Lateral;1;4;;;;;1
10/08/2013;10:30:00;102;sem vítima;543;BR-324/BA;Oeste;Colisão Traseira;1;2;;;;;1
10/08/2013;11:00:00;112;com vítima;543;BR-324/BA;Oeste;Colisão Traseira;2;1;1;;;;1
10/08/2013;06:16:00;35;sem vítima;469;BR-116/BA;Sul;Objeto lançado contra veículo;2;3;;;;;1
10/08/2013;09:13:00;83;sem vítima;604;BR-324/BA;Oeste;Colisão Lateral;1;5;;;;;1
10/08/2013;11:50:00;113;com vítima;611,6;BR-324/BA;Leste;Sequência;1;1;1;1;;;2
10/08/2013;12:03:00;118;sem vítima;618;BR-324/BA;Oeste;Colisão Transversal;1;2;;;;;1
10/08/2013;14:43:00;142;sem vítima;618;BR-324/BA;Oeste;Colisão Lateral;1;4;;;;;1
10/08/2013;09:26:00;86;sem vítima;619;BR-324/BA;Oeste;Colisão Lateral;1;2;;;;;1
12/08/2013;22:55:00;239;sem vítima;528,3;BR-324/BA;Leste;Sequência;1;1;;;;;1
12/08/2013;16:24:00;170;sem vítima;536;BR-116/BA;Norte;Tombamento;1;4;;;;;1
12/08/2013;00:55:00;6;sem vítima;603;BR-116/BA;Norte;Tombamento;1;1;;;;;1
12/08/2013;16:23:00;169;sem vítima;859,2;BR-116/BA;Norte;Colisão Lateral;1;29;;;;;1
13/08/2013;04:11:00;13;sem vítima;542,9;BR-324/BA;Oeste;Saida de Pista;1;2;;;;;1
13/08/2013;17:50:00;183;com vítima;481;BR-116/BA;Sul;Engavetamento;1;12;1;1;;;2
13/08/2013;15:52:00;154;com vítima;641;BR-116/BA;Sul;Saida de Pista;1;0;1;;;;1
13/08/2013;04:58:00;16;com vítima;786;BR-116/BA;Norte;Saida de Pista;1;0;;;;1;3
14/08/2013;06:05:00;19;sem vítima;6,5;BR-116/BA - ContSuFS;;Saida de Pista;1;1;;;;;1
14/08/2013;10:16:00;79;sem vítima;518;BR-324/BA;Oeste;Colisão Transversal;2;2;;;;;1
14/08/2013;11:14:00;97;sem vítima;618;BR-324/BA;Oeste;;1;2;;;;;1
14/08/2013;19:20:00;198;sem vítima;624,4;BR-324/BA;Oeste;Colisão Lateral;1;2;;;;;1
14/08/2013;11:23:00;100;sem vítima;845,9;BR-116/BA;Norte;Colisão Traseira;2;2;;;;;1
14/08/2013;14:19:00;125;sem vítima;900;BR-116/BA;Sul;Colisão Lateral;1;2;;;;;1
15/08/2013;09:56:00;86;com vítima;15;BR-116/BA - Cont VC;;Saida de Pista;1;1;2;;;;1
15/08/2013;21:36:00;267;com vítima;567,2;BR-116/BA;Norte;Colisão Frontal;1;0;1;;;1;3
15/08/2013;09:09:00;66;com vítima;644,2;BR-116/BA;Sul;Saida de Pista;1;0;1;;;;1
15/08/2013;20:15:00;245;com vítima;820;BR-116/BA;Norte;Colisão Transversal;1;2;1;;;;1
15/08/2013;07:33:00;40;sem vítima;900;BR-116/BA;Norte;Colisão Traseira;2;2;;;;;1
16/08/2013;19:29:00;228;sem vítima;1;BR-116/BA - ContSuFS;;Colisão Lateral;1;3;;;;;1
16/08/2013;16:52:00;190;sem vítima;707,5;BR-116/BA;Sul;Sequência;3;3;;;;;1
16/08/2013;01:29:00;11;sem vítima;713,8;BR-116/BA;Norte;Atropelamento de Animal;1;1;;;;;1
17/08/2013;00:53:00;12;sem vítima;3;BR-116/BA - ContSuFS;;Colisão Lateral;1;2;;;;;1
17/08/2013;15:41:00;193;sem vítima;520;BR-324/BA;Oeste;Colisão Traseira;2;2;;;;;1
17/08/2013;16:07:00;209;com vítima;478;BR-116/BA;Sul;Saida de Pista;1;2;;1;;;2
18/08/2013;16:41:00;189;sem vítima;639;BR-116/BA;Norte;Colisão Traseira;2;3;;;;;1
18/08/2013;09:54:00;104;sem vítima;678;BR-116/BA;Norte;Colisão Traseira;2;2;;;;;1
18/08/2013;12:25:00;136;com vítima;833;BR-116/BA;Norte;Colisão Traseira;1;1;;1;;;2
18/08/2013;05:51:00;41;com vítima;900;BR-116/BA;Sul;Colisão Traseira;1;2;2;;;;1
19/08/2013;17:17:00;173;sem vítima;618;BR-324/BA;Oeste;Colisão Lateral;1;3;;;;;1
19/08/2013;13:31:00;118;com vítima;818;BR-116/BA;Sul;Colisão Transversal;1;1;1;;;;1
20/08/2013;23:02:00;247;com vítima;5;BR-116/BA - ContSuFS;;Colisão Traseira;1;5;1;;;;1
20/08/2013;08:56:00;66;com vítima;5,5;BR-116/BA - Cont VC;;Colisão Transversal;1;1;1;;;;1
20/08/2013;02:35:00;10;sem vítima;6;BR-116/BA - ContSuFS;;Colisão Transversal;2;2;;;;;1
20/08/2013;14:43:00;149;com vítima;461;BR-116/BA;Norte;Engavetamento;1;2;1;;;;1
20/08/2013;10:38:00;95;sem vítima;467,8;BR-116/BA;Norte;Colisão Traseira;1;2;;;;;1
20/08/2013;07:41:00;47;sem vítima;615;BR-324/BA;Oeste;Colisão Traseira;1;6;;;;;1
20/08/2013;18:39:00;206;sem vítima;618,5;BR-324/BA;Oeste;Colisão Lateral;1;4;;;;;1
20/08/2013;09:38:00;80;sem vítima;620;BR-324/BA;Leste;Colisão Traseira;1;9;;;;;1
20/08/2013;03:40:00;17;com vítima;783;BR-116/BA;Norte;Saida de Pista;1;1;1;;;;1
20/08/2013;22:38:00;242;com vítima;922;BR-116/BA;Norte;Colisão Traseira;1;1;;1;;;2
21/08/2013;11:00:00;101;com vítima;891;BR-116/BA;Norte;Colisão Frontal;2;1;;1;;;2
22/08/2013;13:14:00;121;com vítima;437;BR-116/BA;Sul;Colisão Traseira;1;2;10;;;;1
22/08/2013;17:07:00;172;sem vítima;518;BR-324/BA;Oeste;Colisão Lateral;1;5;;;;;1
22/08/2013;06:08:00;24;sem vítima;500;BR-116/BA;Norte;Colisão Lateral;3;5;;;;;1
22/08/2013;06:44:00;31;sem vítima;718,6;BR-116/BA;Sul;Tombamento;1;1;;;;;1
23/08/2013;20:45:00;249;sem vítima;455;BR-116/BA;Sul;Engavetamento;3;4;;;;;1
23/08/2013;17:26:00;196;sem vítima;547;BR-324/BA;Leste;Saida de Pista;1;1;;;;;1
23/08/2013;17:25:00;195;com vítima;462;BR-116/BA;Norte;Colisão Transversal;2;2;1;;;;1
23/08/2013;09:40:00;80;sem vítima;618;BR-324/BA;Oeste;Colisão Lateral;1;2;;;;;1
23/08/2013;10:46:00;98;sem vítima;618;BR-324/BA;Oeste;Colisão Lateral;1;2;;;;;1
23/08/2013;15:19:00;161;sem vítima;879,2;BR-116/BA;Norte;Atropelamento de Animal;2;2;;;;;1
24/08/2013;09:04:00;84;sem vítima;5,8;BR-116/BA - ContSuFS;;Engavetamento;2;3;;;;;1
24/08/2013;15:14:00;178;com vítima;7;BR-116/BA - ContSuFS;;Colisão Traseira;1;2;1;;;;1
24/08/2013;21:30:00;251;sem vítima;426,6;BR-116/BA;Sul;Colisão Transversal;1;5;;;;;1
24/08/2013;15:00:00;175;sem vítima;521;BR-324/BA;Oeste;Colisão Traseira;1;3;;;;;1
24/08/2013;18:54:00;227;com vítima;599;BR-324/BA;Leste;Colisão Traseira;1;5;2;;;;1
24/08/2013;10:51:00;126;sem vítima;617;BR-116/BA;Sul;Engavetamento;2;3;;;;;1
24/08/2013;12:39:00;154;com vítima;643,3;BR-116/BA;Norte;Engavetamento;3;4;2;;;;1
24/08/2013;16:24:00;191;sem vítima;900;BR-116/BA;Sul;Engavetamento;2;4;;;;;1
25/08/2013;16:47:00;159;com vítima;878;BR-116/BA;Sul;Colisão Frontal;2;1;;1;;;2
26/08/2013;13:03:00;161;sem vítima;547;BR-324/BA;Oeste;Colisão Lateral;1;3;;;;;1
26/08/2013;12:32:00;153;sem vítima;619;BR-324/BA;Oeste;Colisão Lateral;1;3;;;;;1
26/08/2013;16:43:00;211;sem vítima;756,5;BR-116/BA;Norte;Colisão Traseira;1;3;;;;;1
27/08/2013;21:40:00;254;com vítima;17,3;BR-116/BA - Cont VC;;Colisão Transversal;1;2;1;;;;1
27/08/2013;11:31:00;114;sem vítima;537,5;BR-324/BA;Oeste;Colisão Traseira;3;8;;;;;1
27/08/2013;10:13:00;87;sem vítima;542,8;BR-324/BA;Oeste;Colisão Traseira;1;2;;;;;1
27/08/2013;10:49:00;102;sem vítima;703;BR-116/BA;Norte;Saida de Pista;1;1;;;;;1
28/08/2013;07:50:00;53;sem vítima;562;BR-324/BA;Leste;Colisão Traseira;1;3;;;;;1
28/08/2013;07:23:00;43;sem vítima;493;BR-116/BA;Norte;Engavetamento;3;7;;;;;1
28/08/2013;17:17:00;179;sem vítima;511;BR-116/BA;Norte;Engavetamento;2;3;;;;;1
28/08/2013;18:46:00;200;sem vítima;615,9;BR-324/BA;Leste;Colisão Lateral;1;4;;;;;1
28/08/2013;08:48:00;67;com vítima;659;BR-116/BA;Norte;Engavetamento;3;14;3;1;;;2
28/08/2013;08:39:00;64;sem vítima;789,7;BR-116/BA;Norte;Colisão Lateral;1;4;;;;;1
28/08/2013;18:49:00;227;sem vítima;797,05;BR-116/BA;Norte;Colisão Traseira;1;1;;;;;1
29/08/2013;08:03:00;63;com vítima;26,2;BR-116/BA - Cont VC;;Queda de Moto;1;1;;;;1;3
29/08/2013;12:33:00;159;sem vítima;528;BR-324/BA;Leste;Colisão Traseira;1;31;;;;;1
29/08/2013;03:05:00;23;sem vítima;556,3;BR-324/BA;Leste;Tombamento;1;2;;;;;1
29/08/2013;20:02:00;255;com vítima;769,1;BR-116/BA;Sul;Saida de Pista;1;1;1;;;;1
30/08/2013;09:41:00;79;sem vítima;441,8;BR-116/BA;Sul;Colisão Lateral;1;3;;;;;1
30/08/2013;20:13:00;233;sem vítima;538,2;BR-324/BA;Oeste;Colisão Lateral;2;2;;;;;1
30/08/2013;15:58:00;173;com vítima;549,5;BR-324/BA;Leste;Saida de Pista;1;0;2;;;;1
30/08/2013;05:26:00;33;com vítima;567;BR-116/BA;Norte;Colisão Lateral;1;0;3;;;;1
30/08/2013;06:50:00;46;com vítima;651;BR-116/BA;Sul;Colisão Frontal;1;1;;;1;;2
30/08/2013;19:00:00;222;sem vítima;835;BR-116/BA;Sul;Saida de Pista;1;4;;;;;1
31/08/2013;19:54:00;224;com vítima;448;BR-116/BA;Sul;Colisão Frontal;1;2;1;;;;1
31/08/2013;12:33:00;106;sem vítima;462;BR-116/BA;Norte;Colisão Traseira;1;3;;;;;1
31/08/2013;09:23:00;64;sem vítima;618;BR-324/BA;Oeste;Colisão Lateral;1;2;;;;;1
31/08/2013;08:42:00;56;sem vítima;622;BR-324/BA;Leste;Engavetamento;1;3;;;;;1
31/08/2013;10:15:00;74;com vítima;865,8;BR-116/BA;Sul;Colisão Traseira;2;1;1;;;;1
31/08/2013;08:50:00;58;sem vítima;886,9;BR-116/BA;Sul;Colisão Traseira;2;4;;;;;1
01/09/2013;18:01:00;186;com vítima;8,05;BR-116/BA - ContSuFS;;Colisão Lateral;1;2;;1;;;2
02/09/2013;13:28:00;158;sem vítima;7;BR-116/BA - ContSuFS;;Engavetamento;2;4;;;;;1
02/09/2013;19:10:00;236;com vítima;911;BR-116/BA;Norte;Colisão Traseira;2;3;;1;;;2
02/09/2013;12:37:00;149;com vítima;912;BR-116/BA;Norte;Colisão Traseira;1;2;1;;;;1
03/09/2013;06:43:00;25;sem vítima;554;BR-324/BA;Leste;Saida de Pista;1;2;;;;;1
04/09/2013;15:53:00;179;com vítima;534,5;BR-324/BA;Leste;Saida de Pista;1;0;;1;;;2
04/09/2013;20:48:00;252;sem vítima;461;BR-116/BA;Norte;Colisão Traseira;2;2;;;;;1
04/09/2013;14:36:00;168;sem vítima;606,8;BR-324/BA;Oeste;Colisão Traseira;1;2;;;;;1
04/09/2013;10:35:00;110;com vítima;698;BR-116/BA;Sul;Colisão Traseira;1;1;1;;;;1
04/09/2013;05:17:00;41;sem vítima;764,8;BR-116/BA;Sul;Atropelamento de Animal;1;1;;;;;1
05/09/2013;14:48:00;173;sem vítima;522;BR-324/BA;Oeste;Colisão Lateral;1;3;;;;;1
05/09/2013;04:19:00;24;com vítima;448,2;BR-116/BA;Sul;Colisão Lateral;1;1;;;1;;2
05/09/2013;06:38:00;44;sem vítima;595;BR-324/BA;Leste;Colisão Traseira;2;4;;;;;1
05/09/2013;18:38:00;230;sem vítima;640;BR-116/BA;Sul;Colisão Lateral;1;17;;;;;1
06/09/2013;09:27:00;98;sem vítima;551;BR-324/BA;Oeste;Colisão Lateral;1;3;;;;;1
06/09/2013;19:00:00;293;sem vítima;615;BR-324/BA;Leste;Colisão Traseira;1;6;;;;;1
06/09/2013;05:20:00;27;com vítima;804;BR-116/BA;Norte;;2;5;1;;;;1
07/09/2013;22:19:00;304;com vítima;15;BR-116/BA - Cont VC;;Colisão Frontal;1;1;;;;1;3
07/09/2013;12:08:00;141;sem vítima;574;BR-324/BA;Leste;Saida de Pista;1;1;;;;;1
07/09/2013;00:47:00;11;sem vítima;586;BR-324/BA;Oeste;Tombamento;1;1;;;;;1
07/09/2013;02:27:00;22;sem vítima;632;BR-116/BA;Norte;Colisão Traseira;2;2;;;;;1
07/09/2013;20:33:00;276;sem vítima;720;BR-116/BA;Norte;Colisão Lateral;2;2;;;;;1
07/09/2013;00:47:00;12;sem vítima;767,4;BR-116/BA;Sul;Colisão Lateral;1;7;;;;;1
08/09/2013;09:27:00;79;com vítima;616;BR-116/BA;Sul;Colisão Lateral;1;1;2;2;;;2
08/09/2013;11:40:00;112;com vítima;648;BR-116/BA;Sul;Tombamento;1;1;;;;1;3
08/09/2013;14:55:00;147;sem vítima;791;BR-116/BA;Norte;Saida de Pista;1;2;;;;;1
08/09/2013;00:15:00;2;com vítima;818,7;BR-116/BA;Sul;Colisão Frontal;1;2;;1;1;;2
08/09/2013;09:19:00;76;sem vítima;867;BR-116/BA;Norte;Engavetamento;3;3;;;;;1
08/09/2013;16:31:00;170;sem vítima;925;BR-116/BA;Sul;Colisão Traseira;2;2;;;;;1
09/09/2013;13:14:00;155;sem vítima;3,8;BR-116/BA - ContSuFS;;Colisão Lateral;1;2;;;;;1
09/09/2013;09:51:00;102;sem vítima;437,5;BR-116/BA;Sul;Colisão Lateral;2;5;;;;;1
09/09/2013;07:29:00;59;sem vítima;462,3;BR-116/BA;Sul;Colisão Lateral;1;6;;;;;1
09/09/2013;02:32:00;23;sem vítima;595;BR-324/BA;Leste;Atropelamento de Animal;1;1;;;;;1
09/09/2013;09:04:00;90;sem vítima;595;BR-324/BA;Leste;Engavetamento;1;5;;;;;1
09/09/2013;04:37:00;31;com vítima;516,5;BR-116/BA;Norte;Colisão Frontal;1;1;;;;1;3
10/09/2013;05:42:00;22;sem vítima;443,6;BR-116/BA;Norte;Colisão Lateral;2;2;;;;;1
10/09/2013;12:57:00;131;sem vítima;532,4;BR-324/BA;Oeste;Colisão Traseira;2;2;;;;;1
10/09/2013;12:38:00;127;sem vítima;532,5;BR-324/BA;Oeste;Saida de Pista;1;1;;;;;1
10/09/2013;11:52:00;118;sem vítima;607;BR-324/BA;Leste;Saida de Pista;1;1;;;;;1
10/09/2013;18:22:00;192;sem vítima;644;BR-116/BA;Norte;Saida de Pista;1;1;;;;;1
10/09/2013;16:34:00;174;sem vítima;757;BR-116/BA;Norte;Colisão Traseira;1;2;;;;;1
10/09/2013;18:29:00;196;com vítima;804;BR-116/BA;Sul;Colisão Transversal;2;1;1;;;;1
11/09/2013;09:18:00;77;sem vítima;524,8;BR-324/BA;Leste;Engavetamento;2;9;;;;;1
11/09/2013;06:58:00;41;sem vítima;492;BR-116/BA;Sul;Engavetamento;3;3;;;;;1
11/09/2013;05:46:00;30;com vítima;493;BR-116/BA;Norte;Colisão Lateral;2;2;2;;;;1
11/09/2013;06:22:00;33;sem vítima;618;BR-324/BA;Oeste;Colisão Lateral;1;2;;;;;1
11/09/2013;11:51:00;108;com vítima;619,1;BR-324/BA;Oeste;Colisão Lateral;1;1;1;;;;1
11/09/2013;13:01:00;119;sem vítima;545;BR-116/BA;Norte;Colisão Traseira;2;2;;;;;1
11/09/2013;13:13:00;123;sem vítima;552,9;BR-116/BA;Norte;Saida de Pista;1;3;;;;;1
12/09/2013;18:40:00;193;com vítima;593,9;BR-324/BA;Oeste;Colisão Traseira;1;6;1;;;;1
12/09/2013;12:02:00;121;sem vítima;616;BR-116/BA;Sul;Engavetamento;2;4;;;;;1
12/09/2013;20:21:00;218;sem vítima;850;BR-116/BA;Sul;Colisão Lateral;1;3;;;;;1
12/09/2013;16:19:00;163;com vítima;859,5;BR-116/BA;Sul;Colisão Lateral;1;7;2;;;;1
12/09/2013;14:26:00;146;sem vítima;910;BR-116/BA;Norte;Colisão Lateral;1;2;;;;;1
13/09/2013;15:27:00;195;sem vítima;1;BR-116/BA - ContSuFS;;Colisão Lateral;1;3;;;;;1
13/09/2013;15:05:00;221;sem vítima;539;BR-324/BA;Oeste;Colisão Lateral;1;3;;;;;1
13/09/2013;16:41:00;216;sem vítima;555,2;BR-324/BA;Oeste;Saida de Pista;1;1;;;;;1
13/09/2013;06:28:00;31;sem vítima;558;BR-324/BA;Leste;Saida de Pista;1;2;;;;;1
13/09/2013;03:24:00;14;sem vítima;600;BR-324/BA;Leste;Colisão Traseira;1;2;;;;;1
13/09/2013;11:15:00;133;sem vítima;609;BR-324/BA;Leste;Engavetamento;3;3;;;;;1
13/09/2013;12:54:00;161;sem vítima;615,3;BR-324/BA;Leste;Colisão Lateral;1;2;;;;;1
13/09/2013;12:46:00;158;sem vítima;688;BR-116/BA;Norte;Colisão Traseira;1;3;;;;;1
13/09/2013;21:11:00;257;com vítima;706,1;BR-116/BA;Sul;Colisão Frontal;1;1;;;;2;3
13/09/2013;08:11:00;59;sem vítima;819;BR-116/BA;Sul;Tombamento;1;2;;;;;1
14/09/2013;10:09:00;95;sem vítima;524;BR-324/BA;Oeste;Sequência;1;2;;;;;1
14/09/2013;14:31:00;158;sem vítima;566;BR-324/BA;Oeste;Colisão Traseira;2;3;;;;;1
14/09/2013;02:14:00;14;com vítima;505,8;BR-116/BA;Sul;Saida de Pista;1;0;1;;;;1
14/09/2013;05:52:00;30;com vítima;615;BR-324/BA;Leste;Tombamento;1;0;1;;;;1
14/09/2013;07:35:00;51;sem vítima;837;BR-116/BA;Norte;Colisão Traseira;2;2;;;;;1
14/09/2013;15:18:00;169;sem vítima;861;BR-116/BA;Norte;Colisão Traseira;2;2;;;;;1
15/09/2013;18:18:00;193;sem vítima;755,5;BR-116/BA;Sul;Colisão Traseira;2;3;;;;;1
16/09/2013;19:52:00;271;sem vítima;617;BR-324/BA;Oeste;Colisão Traseira;1;2;;;;;1
16/09/2013;14:55:00;191;sem vítima;620;BR-324/BA;Oeste;Colisão Traseira;2;2;;;;;1
16/09/2013;14:59:00;192;sem vítima;594,6;BR-116/BA;Sul;Saida de Pista;1;2;;;;;1
16/09/2013;22:07:00;295;sem vítima;642;BR-116/BA;Norte;Saida de Pista;1;1;;;;;1
16/09/2013;00:53:00;6;sem vítima;719,1;BR-116/BA;Sul;Tombamento;1;1;;;;;1
16/09/2013;20:38:00;283;sem vítima;813;BR-116/BA;Sul;Colisão Lateral;2;2;;;;;1
17/09/2013;07:56:00;43;sem vítima;618;BR-324/BA;Leste;Colisão Lateral;1;2;;;;;1
17/09/2013;07:00:00;26;com vítima;622,9;BR-324/BA;Leste;Colisão Traseira;1;1;1;;;;1
17/09/2013;20:44:00;270;sem vítima;584;BR-116/BA;Norte;Colisão Traseira;2;2;;;;;1
18/09/2013;10:11:00;89;com vítima;426,6;BR-116/BA;Sul;Colisão Transversal;1;1;1;1;;;2
18/09/2013;08:18:00;56;sem vítima;436;BR-116/BA;Sul;Objeto lançado contra veículo;1;2;;;;;1
18/09/2013;07:35:00;46;sem vítima;522,5;BR-324/BA;Oeste;Engavetamento;1;3;;;;;1
18/09/2013;10:23:00;92;sem vítima;618;BR-324/BA;Leste;Colisão Traseira;2;2;;;;;1
18/09/2013;09:25:00;74;sem vítima;618,9;BR-324/BA;Oeste;Colisão Lateral;1;2;;;;;1
18/09/2013;18:41:00;258;com vítima;544,9;BR-116/BA;Norte;Colisão Transversal;1;2;;1;;;2
18/09/2013;10:45:00;99;sem vítima;570;BR-116/BA;Norte;Saida de Pista;1;1;;;;;1
19/09/2013;14:32:00;173;com vítima;435;BR-116/BA;Sul;Tombamento;1;1;;1;;;2
19/09/2013;00:33:00;2;sem vítima;617,1;BR-324/BA;Oeste;Colisão Transversal;1;2;;;;;1
19/09/2013;08:48:00;78;sem vítima;618,7;BR-324/BA;Oeste;Colisão Lateral;1;3;;;;;1
19/09/2013;15:03:00;183;sem vítima;618,9;BR-324/BA;Leste;Colisão Traseira;1;2;;;;;1
19/09/2013;18:59:00;237;sem vítima;642,3;BR-116/BA;Norte;Colisão Traseira;1;2;;;;;1
19/09/2013;19:04:00;240;sem vítima;698;BR-116/BA;Norte;Colisão Lateral;2;2;;;;;1
19/09/2013;16:46:00;215;com vítima;908;BR-116/BA;Norte;Colisão Transversal;1;1;2;;;;1
20/09/2013;16:09:00;182;sem vítima;447,6;BR-116/BA;Sul;Saida de Pista;1;1;;;;;1
20/09/2013;22:01:00;275;com vítima;577;BR-324/BA;Oeste;Colisão Traseira;1;11;5;2;;;2
20/09/2013;11:13:00;113;sem vítima;493;BR-116/BA;Norte;Colisão Lateral;2;2;;;;;1
20/09/2013;11:01:00;108;sem vítima;618;BR-324/BA;Leste;Colisão Lateral;1;2;;;;;1
20/09/2013;16:34:00;190;sem vítima;618;BR-324/BA;Leste;Colisão Lateral;1;2;;;;;1
20/09/2013;17:32:00;207;sem vítima;618;BR-324/BA;Oeste;Colisão Traseira;1;2;;;;;1
20/09/2013;13:10:00;143;sem vítima;618,9;BR-324/BA;Oeste;Colisão Frontal;1;3;;;;;1
20/09/2013;11:44:00;117;sem vítima;619,3;BR-324/BA;Leste;Colisão Lateral;1;2;;;;;1
21/09/2013;08:55:00;72;com vítima;632;BR-116/BA;Norte;Atropelamento de Pedestre;1;1;1;;;;1
21/09/2013;02:33:00;16;com vítima;670;BR-116/BA;Norte;Saida de Pista;1;0;;1;;;2
21/09/2013;17:49:00;226;sem vítima;683,3;BR-116/BA;Norte;Saida de Pista;1;2;;;;;1
21/09/2013;11:56:00;127;com vítima;802;BR-116/BA;Norte;Queda de Moto;1;1;1;;;;1