data;horario;n_da_ocorrencia;tipo_de_ocorrencia;km;trecho;sentido;tipo_de_acidente;caminhao;ilesos;levemente_feridos;moderadamente_feridos;gravemente_feridos;mortos;3
22/09/2013;12:04:00;127;sem vítima;520;BR-324/BA;Leste;Colisão Traseira;1;3;;;;;1
22/09/2013;12:00:00;122;com vítima;460,3;BR-116/BA;Sul;Queda de Moto;1;1;;1;;;2
22/09/2013;15:32:00;175;sem vítima;467,15;BR-116/BA;Sul;Colisão Traseira;3;3;;;;;1
22/09/2013;03:33:00;24;sem vítima;516;BR-116/BA;Norte;Atropelamento de Animal;1;1;;;;;1
22/09/2013;15:17:00;174;sem vítima;594;BR-116/BA;Sul;Colisão Lateral;2;2;;;;;1
23/09/2013;17:01:00;230;com vítima;580,3;BR-324/BA;Leste;Colisão Lateral;1;2;;1;;;2
23/09/2013;08:21:00;60;sem vítima;690;BR-116/BA;Norte;Colisão Lateral;2;2;;;;;1
24/09/2013;16:15:00;193;sem vítima;589,8;BR-324/BA;Leste;Engavetamento;1;5;;;;;1
24/09/2013;18:26:00;226;com vítima;606,05;BR-324/BA;Leste;Engavetamento;1;4;2;;;;1
24/09/2013;01:23:00;11;sem vítima;724;BR-116/BA;Norte;Tombamento;1;1;;;;;1
25/09/2013;16:01:00;208;com vítima;429;BR-116/BA;Sul;Colisão Frontal;1;1;1;;;;1
25/09/2013;09:40:00;83;sem vítima;518;BR-324/BA;Leste;Colisão Lateral;1;2;;;;;1
25/09/2013;09:01:00;67;com vítima;519;BR-324/BA;Leste;Tombamento;1;1;1;;;;1
25/09/2013;14:14:00;178;sem vítima;519;BR-324/BA;Oeste;Colisão Lateral;1;2;;;;;1
25/09/2013;14:50:00;187;sem vítima;519;BR-324/BA;Oeste;Engavetamento;2;3;;;;;1
25/09/2013;11:19:00;113;sem vítima;522;BR-324/BA;Oeste;Colisão Lateral;1;6;;;;;1
25/09/2013;13:30:00;147;com vítima;537;BR-324/BA;Oeste;Colisão Traseira;1;2;1;;;;1
26/09/2013;06:47:00;36;sem vítima;599;BR-324/BA;Leste;Colisão Traseira;1;2;;;;;1
27/09/2013;23:00:00;272;sem vítima;482,08;BR-116/BA;Sul;Colisão Traseira;2;2;;;;;1
27/09/2013;07:00:00;41;sem vítima;618;BR-324/BA;Oeste;Colisão Lateral;1;2;;;;;1
27/09/2013;05:33:00;25;com vítima;568;BR-116/BA;Norte;Tombamento;1;0;;;;1;3
27/09/2013;17:31:00;216;com vítima;570,2;BR-116/BA;Sul;Colisão Frontal;1;3;1;1;;;2
28/09/2013;11:23:00;89;com vítima;537;BR-324/BA;Leste;Engavetamento;1;28;2;;;;1
28/09/2013;08:45:00;56;sem vítima;490;BR-116/BA;Norte;Colisão Traseira;1;4;;;;;1
28/09/2013;21:19:00;207;com vítima;924;BR-116/BA;Norte;Colisão Frontal;1;1;;;;1;3
29/09/2013;06:56:00;46;sem vítima;603;BR-324/BA;Leste;Tombamento;1;2;;;;;1
29/09/2013;10:49:00;102;com vítima;548;BR-116/BA;Sul;Tombamento;1;0;1;;;;1
29/09/2013;14:10:00;143;com vítima;601;BR-116/BA;Norte;Saida de Pista;1;0;1;;;;1
29/09/2013;06:55:00;45;sem vítima;921,7;BR-116/BA;Norte;Colisão Traseira;1;3;;;;;1
30/09/2013;17:18:00;217;sem vítima;437;BR-116/BA;Norte;Colisão Traseira;2;2;;;;;1
30/09/2013;11:20:00;130;sem vítima;439;BR-116/BA;Norte;Colisão Traseira;2;3;;;;;1
30/09/2013;04:13:00;20;com vítima;571,5;BR-324/BA;Leste;Saida de Pista;1;0;;1;;;2
30/09/2013;20:22:00;259;com vítima;618;BR-324/BA;Oeste;Colisão Frontal;1;1;;;1;;2
30/09/2013;10:17:00;108;sem vítima;566;BR-116/BA;Norte;Choque - Defensa, barreira ou "submarino";1;3;;;;;1
30/09/2013;06:56:00;45;sem vítima;570;BR-116/BA;Sul;Colisão Lateral;3;3;;;;;1
30/09/2013;07:38:00;53;sem vítima;796,8;BR-116/BA;Norte;Engavetamento;3;3;;;;;1
01/10/2013;06:06:00;20;sem vítima;531;BR-324/BA;Leste;Colisão Traseira;2;5;;;;;1
01/10/2013;15:03:00;180;sem vítima;540,6;BR-324/BA;Oeste;Colisão Traseira;1;3;;;;;1
01/10/2013;14:00:00;150;sem vítima;615;BR-324/BA;Leste;Colisão Traseira;1;2;;;;;1
01/10/2013;15:17:00;183;com vítima;643;BR-116/BA;Sul;Capotamento;1;1;3;;;;1
02/10/2013;02:41:00;12;com vítima;571,8;BR-324/BA;Leste;Colisão Traseira;2;1;;;;1;3
02/10/2013;06:15:00;34;sem vítima;571,8;BR-324/BA;Leste;Colisão Traseira;1;2;;;;;1
02/10/2013;07:24:00;50;sem vítima;847;BR-116/BA;Norte;Colisão Lateral;1;17;;;;;1
03/10/2013;12:56:00;134;com vítima;2;BR-116/BA - ContSuFS;;Colisão Frontal;1;1;1;;;;1
03/10/2013;22:50:00;262;sem vítima;26,4;BR-116/BA - Cont VC;;Tombamento;1;1;;;;;1
03/10/2013;16:08:00;193;sem vítima;859,5;BR-116/BA;Sul;Colisão Lateral;1;37;;;;;1
04/10/2013;16:18:00;161;sem vítima;558;BR-324/BA;Leste;Tombamento;1;1;;;;;1
04/10/2013;07:57:00;45;sem vítima;621;BR-324/BA;Leste;Colisão Lateral;1;2;;;;;1
04/10/2013;17:05:00;171;com vítima;815;BR-116/BA;Norte;Colisão Transversal;1;1;1;;;;1
05/10/2013;08:57:00;63;sem vítima;426,2;BR-116/BA;Sul;Colisão Traseira;1;2;;;;;1
05/10/2013;21:09:00;259;com vítima;441,1;BR-116/BA;Sul;Colisão Lateral;2;2;1;;;;1
05/10/2013;07:30:00;40;sem vítima;592;BR-324/BA;Oeste;Colisão Lateral;1;24;;;;;1
05/10/2013;06:12:00;31;com vítima;610;BR-324/BA;Oeste;Colisão Traseira;1;2;;1;;;2
05/10/2013;16:14:00;204;sem vítima;764,6;BR-116/BA;Sul;Colisão Traseira;2;3;;;;;1
06/10/2013;14:53:00;147;com vítima;875;BR-116/BA;Sul;Colisão Lateral;2;1;1;;;;1
06/10/2013;19:48:00;217;com vítima;919;BR-116/BA;Sul;Colisão Lateral;2;1;1;;;;1
07/10/2013;12:42:00;159;com vítima;452;BR-116/BA;Norte;Atropelamento - Outros;1;1;;;1;;2
07/10/2013;11:50:00;147;com vítima;605;BR-116/BA;Norte;Tombamento;1;0;1;;;;1
07/10/2013;02:10:00;7;com vítima;714;BR-116/BA;Norte;Colisão Frontal;1;1;;;;1;3
08/10/2013;15:30:00;162;sem vítima;478;BR-116/BA;Sul;Colisão Traseira;1;3;;;;;1
08/10/2013;19:42:00;207;sem vítima;617;BR-324/BA;Oeste;Colisão Lateral;1;5;;;;;1
08/10/2013;08:47:00;55;sem vítima;642;BR-116/BA;Sul;Saida de Pista;1;1;;;;;1
08/10/2013;19:10:00;200;sem vítima;731;BR-116/BA;Sul;Colisão Traseira;2;2;;;;;1
09/10/2013;11:39:00;90;sem vítima;437;BR-116/BA;Norte;Engavetamento;2;5;;;;;1
09/10/2013;11:25:00;86;com vítima;442;BR-116/BA;Norte;Saida de Pista;1;0;1;;;;1
09/10/2013;09:29:00;61;sem vítima;525,8;BR-324/BA;Leste;Colisão Traseira;1;2;;;;;1
09/10/2013;09:28:00;60;sem vítima;526,3;BR-324/BA;Oeste;Colisão Traseira;1;2;;;;;1
09/10/2013;11:14:00;84;sem vítima;623,5;BR-324/BA;Leste;Colisão Lateral;1;2;;;;;1
10/10/2013;17:10:00;186;sem vítima;521,3;BR-324/BA;Oeste;Choque - Veiculo parado no acostamento;1;10;;;;;1
10/10/2013;09:07:00;84;com vítima;534,5;BR-324/BA;Leste;Colisão Lateral;1;0;2;;;;1
10/10/2013;06:20:00;46;sem vítima;545;BR-324/BA;Oeste;Colisão Traseira;1;2;;;;;1
10/10/2013;23:59:00;251;com vítima;502;BR-116/BA;Sul;Colisão Lateral;2;1;1;;;;1
10/10/2013;09:14:00;88;sem vítima;620;BR-324/BA;Oeste;Engavetamento;1;3;;;;;1
10/10/2013;14:28:00;157;sem vítima;692;BR-116/BA;Sul;Saida de Pista;1;1;;;;;1
11/10/2013;09:02:00;59;sem vítima;448;BR-116/BA;Sul;Sequência;1;4;;;;;1
11/10/2013;15:22:00;184;sem vítima;580;BR-324/BA;Oeste;Saida de Pista;1;1;;;;;1
11/10/2013;18:18:00;235;sem vítima;588;BR-324/BA;Oeste;Engavetamento;1;6;;;;;1
11/10/2013;07:00:00;33;sem vítima;609,9;BR-324/BA;Oeste;Engavetamento;1;5;;;;;1
11/10/2013;15:09:00;180;sem vítima;610;BR-324/BA;Oeste;Tombamento;1;1;;;;;1
11/10/2013;19:38:00;257;sem vítima;704,3;BR-116/BA;Sul;Colisão Lateral;1;6;;;;;1
12/10/2013;08:08:00;43;com vítima;4;BR-116/BA - ContSuFS;;Colisão Transversal;1;2;;1;;;2
12/10/2013;10:15:00;73;sem vítima;478;BR-116/BA;Sul;Engavetamento;3;3;;;;;1
13/10/2013;07:59:00;54;sem vítima;569;BR-116/BA;Sul;Sequência;3;3;;;;;1
13/10/2013;09:32:00;71;sem vítima;931;BR-116/BA;Sul;Colisão Traseira;2;2;;;;;1
14/10/2013;06:56:00;53;com vítima;445;BR-116/BA;Norte;Colisão Transversal;1;1;;;1;;2
14/10/2013;06:47:00;50;sem vítima;544;BR-324/BA;Oeste;Saida de Pista;1;3;;;;;1
14/10/2013;06:03:00;39;sem vítima;594;BR-324/BA;Leste;Saida de Pista;1;3;;;;;1
14/10/2013;00:29:00;4;com vítima;764,7;BR-116/BA;Norte;Tombamento;1;0;1;;;;1
15/10/2013;05:02:00;14;sem vítima;4;BR-116/BA - ContSuFS;;Colisão Frontal;2;5;;;;;1
15/10/2013;13:01:00;119;com vítima;521;BR-324/BA;Oeste;Colisão Traseira;1;1;1;;;;1
16/10/2013;10:27:00;79;com vítima;15;BR-116/BA - Cont VC;;Colisão Traseira;2;1;1;;;;1
16/10/2013;17:17:00;167;sem vítima;612;BR-324/BA;Leste;Colisão Lateral;1;2;;;;;1
16/10/2013;14:03:00;122;sem vítima;621;BR-324/BA;Oeste;Colisão Traseira;2;2;;;;;1
16/10/2013;21:02:00;224;sem vítima;675;BR-116/BA;Sul;Colisão Lateral;1;2;;;;;1
17/10/2013;13:52:00;156;sem vítima;556;BR-324/BA;Oeste;Colisão Traseira;1;3;;;;;1
17/10/2013;15:05:00;170;sem vítima;593;BR-324/BA;Oeste;Colisão Lateral;1;2;;;;;1
17/10/2013;14:40:00;167;sem vítima;599;BR-324/BA;Leste;Choque - Veiculo parado na pista;1;3;;;;;1
17/10/2013;15:40:00;181;sem vítima;597,1;BR-116/BA;Sul;Engavetamento;3;5;;;;;1
18/10/2013;09:35:00;87;sem vítima;560;BR-324/BA;Oeste;Colisão Lateral;2;2;;;;;1
18/10/2013;11:29:00;122;sem vítima;560;BR-324/BA;Leste;Colisão Lateral;1;3;;;;;1
18/10/2013;07:21:00;46;com vítima;577;BR-324/BA;Oeste;Colisão Traseira;1;3;;1;;;2
18/10/2013;12:45:00;145;sem vítima;577;BR-324/BA;Oeste;Colisão Lateral;1;2;;;;;1
18/10/2013;00:27:00;3;com vítima;571,6;BR-116/BA;Norte;Colisão Traseira;3;5;2;;;;1
18/10/2013;07:31:00;51;sem vítima;643,2;BR-116/BA;Sul;Colisão Traseira;2;2;;;;;1
18/10/2013;08:48:00;71;sem vítima;885;BR-116/BA;Sul;Colisão Lateral;1;3;;;;;1
19/10/2013;18:44:00;224;sem vítima;526,6;BR-116/BA;Sul;Colisão Traseira;1;2;;;;;1
19/10/2013;07:09:00;47;sem vítima;623;BR-116/BA;Norte;Colisão Traseira;2;4;;;;;1
19/10/2013;13:35:00;146;sem vítima;670,3;BR-116/BA;Sul;Colisão Transversal;1;2;;;;;1
19/10/2013;10:23:00;99;sem vítima;705;BR-116/BA;Sul;Engavetamento;2;16;;;;;1
19/10/2013;05:20:00;31;com vítima;777,7;BR-116/BA;Norte;Colisão Traseira;2;1;2;;;;1
20/10/2013;10:22:00;104;sem vítima;437;BR-116/BA;Norte;Colisão Traseira;2;2;;;;;1
20/10/2013;22:00:00;279;sem vítima;539;BR-116/BA;Norte;Colisão Traseira;2;2;;;;;1
20/10/2013;07:44:00;57;sem vítima;833;BR-116/BA;Sul;Colisão Lateral;2;2;;;;;1
20/10/2013;09:57:00;97;sem vítima;837,6;BR-116/BA;Norte;Colisão Traseira;2;2;;;;;1
21/10/2013;08:47:00;84;sem vítima;437;BR-116/BA;Sul;Colisão Lateral;2;2;;;;;1
21/10/2013;02:32:00;24;sem vítima;525;BR-324/BA;Oeste;Atropelamento de Animal;1;1;;;;;1
22/10/2013;18:01:00;209;sem vítima;525;BR-324/BA;Leste;Colisão Traseira;1;6;;;;;1
22/10/2013;17:06:00;196;com vítima;452;BR-116/BA;Norte;Atropelamento - Ciclista;1;1;;1;;;2
22/10/2013;18:28:00;213;sem vítima;548;BR-324/BA;Oeste;Saida de Pista;1;2;;;;;1
22/10/2013;08:56:00;74;sem vítima;574;BR-324/BA;Leste;Engavetamento;2;4;;;;;1
22/10/2013;22:49:00;263;com vítima;589,2;BR-116/BA;Norte;Tombamento;1;0;;;;1;3
23/10/2013;12:13:00;116;sem vítima;599;BR-324/BA;Oeste;Colisão Lateral;1;6;;;;;1
23/10/2013;06:40:00;24;sem vítima;601;BR-324/BA;Leste;Tombamento;1;1;;;;;1
23/10/2013;08:06:00;51;com vítima;547;BR-116/BA;Sul;Colisão Traseira;3;2;1;;;;1
23/10/2013;11:33:00;107;com vítima;642,5;BR-116/BA;Sul;Colisão Lateral;3;2;;1;;;2
23/10/2013;13:44:00;132;sem vítima;730;BR-116/BA;Sul;Engavetamento;3;3;;;;;1
23/10/2013;11:44:00;111;com vítima;834,9;BR-116/BA;Sul;Colisão Traseira;1;7;1;;;;1
24/10/2013;07:46:00;57;com vítima;521,5;BR-324/BA;Leste;Colisão Traseira;1;1;;1;;;2
24/10/2013;13:20:00;146;com vítima;530;BR-324/BA;Oeste;Tombamento;1;0;1;;;;1
24/10/2013;11:35:00;127;sem vítima;611,3;BR-324/BA;Oeste;Colisão Lateral;1;2;;;;;1
24/10/2013;19:21:00;232;com vítima;802;BR-116/BA;Norte;Saida de Pista;1;0;1;;;;1
24/10/2013;10:38:00;108;sem vítima;828;BR-116/BA;Sul;Colisão Transversal;1;2;;;;;1
24/10/2013;10:36:00;106;sem vítima;846;BR-116/BA;Norte;Colisão Traseira;2;2;;;;;1
25/10/2013;20:19:00;248;com vítima;16,5;BR-116/BA - Cont VC;;Colisão Transversal;1;1;1;;;;1
25/10/2013;14:49:00;183;sem vítima;523;BR-324/BA;Oeste;Sequência;1;2;;;;;1
25/10/2013;07:06:00;47;sem vítima;551;BR-324/BA;Leste;Choque - Veiculo parado na pista;1;2;;;;;1
25/10/2013;13:31:00;160;sem vítima;616;BR-324/BA;Oeste;Saida de Pista;1;1;;;;;1
25/10/2013;04:12:00;16;sem vítima;749;BR-116/BA;Sul;Saida de Pista;1;1;;;;;1
25/10/2013;07:20:00;50;com vítima;891,7;BR-116/BA;Norte;Saida de Pista;1;0;1;;;;1
25/10/2013;17:05:00;220;sem vítima;917;BR-116/BA;Norte;Colisão Lateral;1;2;;;;;1
26/10/2013;07:07:00;45;sem vítima;9;BA-526;Sul;Colisão Traseira;1;2;;;;;1
26/10/2013;09:04:00;73;sem vítima;568;BR-116/BA;Sul;Colisão Lateral;1;6;;;;;1
26/10/2013;18:33:00;239;com vítima;653;BR-116/BA;Sul;Colisão Lateral;2;1;2;;;1;3
26/10/2013;06:48:00;42;sem vítima;716;BR-116/BA;Norte;Choque Contra Objeto Fixo;1;1;;;;;1
26/10/2013;06:30:00;37;sem vítima;756;BR-116/BA;Sul;Colisão Traseira;2;2;;;;;1
27/10/2013;16:20:00;156;com vítima;714,1;BR-116/BA;Norte;Engavetamento;2;2;2;1;;;2
27/10/2013;16:51:00;160;com vítima;816,7;BR-116/BA;Norte;Colisão Traseira;2;1;1;;;;1
28/10/2013;10:21:00;116;sem vítima;440;BR-116/BA;Sul;Outros;1;1;;;;;1
29/10/2013;15:46:00;189;sem vítima;543;BR-324/BA;Oeste;Colisão Traseira;1;2;;;;;1
29/10/2013;03:24:00;14;sem vítima;479;BR-116/BA;Sul;Atropelamento de Animal;1;1;;;;;1
29/10/2013;18:40:00;232;sem vítima;560;BR-116/BA;Norte;Colisão Lateral;1;3;;;;;1
29/10/2013;04:25:00;17;com vítima;659,5;BR-116/BA;Norte;Tombamento;1;0;1;;;;1
30/10/2013;07:39:00;55;com vítima;551;BR-324/BA;Oeste;Colisão Transversal;2;1;1;;;;1
30/10/2013;09:23:00;79;sem vítima;608;BR-324/BA;Leste;Colisão Lateral;1;2;;;;;1
30/10/2013;05:10:00;25;com vítima;706,5;BR-116/BA;Norte;Saida de Pista;1;2;;1;;;2
31/10/2013;12:22:00;142;com vítima;461;BR-116/BA;Norte;Colisão Transversal;1;1;1;;;;1
31/10/2013;15:53:00;198;sem vítima;572;BR-324/BA;Oeste;Engavetamento;2;6;;;;;1
31/10/2013;15:49:00;196;sem vítima;579;BR-324/BA;Oeste;Colisão Lateral;2;5;;;;;1
31/10/2013;01:12:00;7;sem vítima;637;BR-116/BA;Sul;Colisão Lateral;1;3;;;;;1
31/10/2013;11:19:00;134;sem vítima;675;BR-116/BA;Norte;Engavetamento;2;3;;;;;1
31/10/2013;14:27:00;174;sem vítima;692,5;BR-116/BA;Sul;Saida de Pista;1;1;;;;;1
31/10/2013;07:51:00;40;sem vítima;792;BR-116/BA;Sul;Saida de Pista;1;2;;;;;1
01/11/2013;07:44:00;62;com vítima;15;BR-116/BA - Cont VC;;Colisão Transversal;1;1;1;1;;;2
01/11/2013;16:18:00;216;sem vítima;716;BR-116/BA;Norte;Colisão Traseira;2;2;;;;;1
02/11/2013;22:14:00;232;sem vítima;16;BR-116/BA - Cont VC;;Atropelamento de Animal;1;1;;;;;1
02/11/2013;10:09:00;84;sem vítima;623;BR-324/BA;Leste;Colisão Traseira;1;2;;;;;1
02/11/2013;15:55:00;160;sem vítima;642;BR-116/BA;Norte;Colisão Lateral;2;2;;;;;1
02/11/2013;05:29:00;21;sem vítima;647;BR-116/BA;Sul;Atropelamento de Animal;1;1;;;;;1
02/11/2013;19:52:00;205;sem vítima;659;BR-116/BA;Norte;Saida de Pista;1;1;;;;;1
03/11/2013;17:12:00;153;sem vítima;931;BR-116/BA;Sul;Colisão Traseira;2;2;;;;;1
04/11/2013;10:39:00;125;com vítima;526;BR-324/BA;Leste;Colisão Traseira;1;45;2;;;;1
04/11/2013;13:35:00;161;com vítima;557;BR-324/BA;Oeste;Saida de Pista;1;1;2;;;;1
04/11/2013;21:43:00;248;com vítima;628,05;BR-116/BA;Sul;Colisão Traseira;1;1;1;;;;1
05/11/2013;13:37:00;125;com vítima;439,3;BR-116/BA;Sul;Colisão Traseira;1;1;2;;;1;3
05/11/2013;11:00:00;92;sem vítima;568;BR-324/BA;Oeste;Colisão Lateral;2;3;;;;;1
05/11/2013;13:56:00;132;sem vítima;618;BR-324/BA;Oeste;Colisão Lateral;1;2;;;;;1
06/11/2013;18:50:00;242;sem vítima;518;BR-324/BA;Oeste;Colisão Traseira;1;3;;;;;1
06/11/2013;19:15:00;252;sem vítima;520;BR-324/BA;Oeste;Colisão Traseira;2;2;;;;;1
06/11/2013;15:19:00;184;sem vítima;521;BR-324/BA;Leste;Choque - Defensa, barreira ou "submarino";1;1;;;;;1
06/11/2013;11:45:00;141;sem vítima;560;BR-324/BA;Oeste;Colisão Lateral;1;3;;;;;1
07/11/2013;12:48:00;137;sem vítima;434;BR-116/BA;Sul;Colisão Traseira;2;2;;;;;1
07/11/2013;18:38:00;223;sem vítima;518,5;BR-324/BA;Oeste;Colisão Lateral;1;2;;;;;1
07/11/2013;16:59:00;195;sem vítima;573;BR-324/BA;Oeste;Colisão Traseira;1;2;;;;;1
07/11/2013;11:15:00;106;sem vítima;636,8;BR-116/BA;Norte;Saida de Pista;1;2;;;;;1
07/11/2013;04:49:00;19;com vítima;641,4;BR-116/BA;Sul;Colisão Frontal;1;0;2;7;3;4;3
07/11/2013;10:28:00;95;sem vítima;694;BR-116/BA;Norte;Colisão Traseira;2;2;;;;;1
08/11/2013;07:43:00;50;sem vítima;0,3;BR-116/BA - ContSuFS;;Colisão Traseira;1;18;;;;;1
08/11/2013;15:11:00;194;com vítima;426,4;BR-116/BA;Norte;Sequência;1;1;1;;;;1
08/11/2013;13:18:00;168;sem vítima;531;BR-116/BA;Sul;Tombamento;1;1;;;;;1
08/11/2013;15:38:00;200;sem vítima;644;BR-116/BA;Sul;Colisão Lateral;1;10;;;;;1
08/11/2013;08:22:00;65;sem vítima;722;BR-116/BA;Norte;Colisão Traseira;2;2;;;;;1
08/11/2013;06:25:00;36;com vítima;804;BR-116/BA;Sul;Colisão Lateral;1;1;1;;;;1
09/11/2013;21:15:00;255;com vítima;493;BR-116/BA;Sul;Engavetamento;2;2;;1;;;2
09/11/2013;20:35:00;252;com vítima;494;BR-116/BA;Sul;Tombamento;1;0;1;;;;1
09/11/2013;02:15:00;16;com vítima;556;BR-116/BA;Sul;Tombamento;1;0;1;;;;1
09/11/2013;01:36:00;14;com vítima;583;BR-116/BA;Norte;Tombamento;1;0;;1;;;2
09/11/2013;23:54:00;275;sem vítima;609;BR-116/BA;Norte;Colisão Traseira;2;2;;;;;1
09/11/2013;14:45:00;178;sem vítima;757;BR-116/BA;Norte;Colisão Traseira;2;2;;;;;1
09/11/2013;12:22:00;146;sem vítima;813;BR-116/BA;Norte;Colisão Traseira;1;2;;;;;1
09/11/2013;23:46:00;271;sem vítima;926;BR-116/BA;Sul;Colisão Lateral;1;2;;;;;1
10/11/2013;11:23:00;95;com vítima;557;BR-116/BA;Norte;Colisão Lateral;1;2;3;;;1;3
10/11/2013;23:23:00;254;com vítima;627,1;BR-116/BA;Norte;Saida de Pista;1;0;1;;;;1
10/11/2013;10:09:00;83;com vítima;735;BR-116/BA;Norte;Atropelamento - Usuário;1;1;;;1;;2
11/11/2013;15:04:00;184;sem vítima;543,5;BR-116/BA;Norte;Colisão Frontal;2;2;;;;;1
12/11/2013;21:29:00;250;com vítima;731,2;BR-116/BA;Norte;Tombamento;1;0;;1;;;2
12/11/2013;23:22:00;264;sem vítima;812,6;BR-116/BA;Sul;Tombamento;1;1;;;;;1
13/11/2013;08:46:00;69;com vítima;568;BR-116/BA;Sul;Colisão Traseira;1;2;1;;;;1
13/11/2013;20:10:00;251;sem vítima;590;BR-116/BA;Norte;Colisão Lateral;2;2;;;;;1
13/11/2013;06:34:00;27;sem vítima;640,3;BR-116/BA;Norte;Colisão Lateral;2;2;;;;;1
13/11/2013;17:47:00;212;com vítima;782;BR-116/BA;Norte;Saida de Pista;1;0;1;;;;1
13/11/2013;18:44:00;229;com vítima;817,5;BR-116/BA;Norte;Atropelamento de Pedestre;1;19;;;;1;3
14/11/2013;13:56:00;162;sem vítima;526;BR-324/BA;Oeste;Engavetamento;4;4;;;;;1
14/11/2013;22:29:00;275;sem vítima;540,2;BR-324/BA;Oeste;Colisão Traseira;1;4;;;;;1
14/11/2013;17:41:00;210;sem vítima;544,4;BR-324/BA;Oeste;Colisão Traseira;1;5;;;;;1
14/11/2013;12:38:00;147;sem vítima;585;BR-324/BA;Oeste;Colisão Lateral;1;2;;;;;1
14/11/2013;23:52:00;298;sem vítima;488,02;BR-116/BA;Sul;Tombamento;1;1;;;;;1
14/11/2013;16:07:00;183;com vítima;879,05;BR-116/BA;Norte;Colisão Lateral;2;2;1;1;;1;3
15/11/2013;12:08:00;177;sem vítima;461,2;BR-116/BA;Sul;Colisão Traseira;2;2;;;;;1
15/11/2013;08:05:00;95;sem vítima;589;BR-324/BA;Oeste;Colisão Traseira;1;33;;;;;1
15/11/2013;11:53:00;176;com vítima;611;BR-324/BA;Oeste;Colisão Traseira;1;3;;1;;;2
15/11/2013;20:42:00;279;sem vítima;786;BR-116/BA;Sul;Atropelamento de Animal;1;1;;;;;1
16/11/2013;05:41:00;23;com vítima;559,8;BR-324/BA;Leste;Colisão Traseira;1;1;1;;;;1
16/11/2013;18:27:00;198;com vítima;479;BR-116/BA;Sul;Colisão Traseira;2;2;1;;;;1
16/11/2013;00:42:00;9;com vítima;617,4;BR-324/BA;Oeste;Colisão Traseira;1;1;;;1;3;3
16/11/2013;21:26:00;235;sem vítima;662,2;BR-116/BA;Sul;Atropelamento de Animal;1;1;;;;;1
16/11/2013;10:23:00;87;sem vítima;696;BR-116/BA;Sul;Colisão Traseira;2;7;;;;;1
16/11/2013;09:46:00;75;sem vítima;702;BR-116/BA;Norte;Tombamento;1;3;;;;;1
16/11/2013;05:11:00;21;sem vítima;722;BR-116/BA;Norte;Colisão Lateral;1;2;;;;;1
17/11/2013;15:21:00;189;com vítima;674;BR-116/BA;Norte;Colisão Transversal;1;1;2;2;;;2
18/11/2013;06:39:00;53;sem vítima;540;BR-324/BA;Leste;Colisão Traseira;1;2;;;;;1
18/11/2013;05:25:00;41;com vítima;541;BR-324/BA;Leste;Engavetamento;1;2;1;;;;1
18/11/2013;07:43:00;74;com vítima;594,1;BR-116/BA;Sul;Tombamento;1;0;2;;;;1
18/11/2013;15:33:00;198;com vítima;638;BR-116/BA;Norte;Colisão Frontal;1;4;1;;;;1
18/11/2013;03:44:00;32;sem vítima;905;BR-116/BA;Norte;Atropelamento de Animal;1;1;;;;;1
19/11/2013;12:39:00;137;sem vítima;551;BR-324/BA;Oeste;Colisão Traseira;1;3;;;;;1
19/11/2013;09:42:00;90;sem vítima;561;BR-324/BA;Leste;Colisão Traseira;2;2;;;;;1
19/11/2013;15:41:00;182;sem vítima;466,3;BR-116/BA;Norte;Colisão Traseira;2;2;;;;;1
19/11/2013;22:32:00;264;com vítima;606;BR-116/BA;Norte;Colisão Lateral;2;1;;1;;;2
20/11/2013;02:39:00;15;sem vítima;530;BR-324/BA;Leste;Tombamento;1;1;;;;;1
20/11/2013;03:39:00;20;sem vítima;457;BR-116/BA;Norte;Atropelamento de Animal;1;1;;;;;1
20/11/2013;18:56:00;226;sem vítima;685,5;BR-116/BA;Sul;Tombamento;1;1;;;;;1
21/11/2013;00:57:00;4;com vítima;578;BR-324/BA;Leste;Saida de Pista;1;0;1;;;;1
21/11/2013;16:38:00;214;sem vítima;615;BR-324/BA;Leste;Colisão Lateral;1;3;;;;;1
21/11/2013;08:14:00;68;sem vítima;559;BR-116/BA;Norte;Colisão Traseira;2;2;;;;;1
21/11/2013;14:54:00;182;sem vítima;732,5;BR-116/BA;Sul;Colisão Lateral;1;2;;;;;1
22/11/2013;16:53:00;214;com vítima;524,5;BR-324/BA;Leste;Colisão Lateral;1;2;1;;;;1
22/11/2013;05:50:00;22;sem vítima;454;BR-116/BA;Sul;Saida de Pista;1;1;;;;;1
22/11/2013;10:12:00;99;sem vítima;547;BR-324/BA;Oeste;Colisão Lateral;1;2;;;;;1
22/11/2013;01:20:00;5;com vítima;464;BR-116/BA;Norte;Colisão Frontal;2;1;;;;2;3
22/11/2013;16:23:00;206;com vítima;469,1;BR-116/BA;Sul;Atropelamento de Pedestre;1;1;;;1;;2
22/11/2013;10:24:00;103;sem vítima;574,1;BR-324/BA;Oeste;Colisão Traseira;1;4;;;;;1
22/11/2013;19:11:00;255;com vítima;524,3;BR-116/BA;Sul;Colisão Lateral;1;1;;;1;1;3
22/11/2013;05:36:00;19;sem vítima;566;BR-116/BA;Norte;Colisão Traseira;2;2;;;;;1
22/11/2013;06:12:00;27;sem vítima;657;BR-116/BA;Sul;Colisão Lateral;2;2;;;;;1
23/11/2013;13:37:00;176;sem vítima;622,3;BR-324/BA;Leste;Engavetamento;1;5;;;;;1