data;horario;n_da_ocorrencia;tipo_de_ocorrencia;km;trecho;sentido;tipo_de_acidente;caminhao;ilesos;levemente_feridos;moderadamente_feridos;gravemente_feridos;mortos;3
23/11/2013;15:08:00;207;sem vítima;534,9;BR-116/BA;Norte;Saida de Pista;1;1;;;;;1
23/11/2013;14:50:00;200;sem vítima;579,8;BR-116/BA;Sul;Saida de Pista;1;1;;;;;1
23/11/2013;17:25:00;255;sem vítima;653;BR-116/BA;Norte;Colisão Traseira;2;2;;;;;1
23/11/2013;09:13:00;90;sem vítima;777,9;BR-116/BA;Sul;Colisão Transversal;1;2;;;;;1
23/11/2013;22:40:00;308;com vítima;886;BR-116/BA;Sul;Colisão Lateral;2;0;2;1;;;2
23/11/2013;15:34:00;221;sem vítima;926;BR-116/BA;Sul;Saida de Pista;1;1;;;;;1
24/11/2013;11:32:00;117;com vítima;463;BR-116/BA;Norte;Colisão Frontal;1;1;;;;1;3
24/11/2013;02:24:00;18;sem vítima;593,7;BR-116/BA;Sul;Saida de Pista;1;1;;;;;1
24/11/2013;06:14:00;45;com vítima;784,5;BR-116/BA;Sul;Tombamento;1;0;;1;;;2
25/11/2013;09:04:00;92;com vítima;429;BR-116/BA;Norte;Engavetamento;2;3;1;;;;1
25/11/2013;03:44:00;24;com vítima;441,8;BR-116/BA;Sul;Tombamento;1;1;;1;;;2
25/11/2013;08:43:00;87;com vítima;604;BR-116/BA;Norte;Tombamento;1;0;2;;;;1
26/11/2013;22:00:00;257;sem vítima;454,2;BR-116/BA;Sul;Colisão Traseira;1;2;;;;;1
27/11/2013;19:49:00;240;sem vítima;8;BR-116/BA - Cont VC;;Colisão Traseira;1;2;;;;;1
27/11/2013;08:53:00;66;sem vítima;442;BR-116/BA;Norte;Colisão Traseira;2;2;;;;;1
27/11/2013;12:35:00;127;com vítima;458;BR-116/BA;Norte;Engavetamento;3;2;2;4;;;2
27/11/2013;12:47:00;130;sem vítima;492;BR-116/BA;Sul;Colisão Traseira;1;3;;;;;1
27/11/2013;15:29:00;177;sem vítima;618;BR-324/BA;Leste;Colisão Lateral;1;4;;;;;1
27/11/2013;10:56:00;99;sem vítima;639,5;BR-116/BA;Norte;Saida de Pista;1;1;;;;;1
27/11/2013;13:59:00;153;sem vítima;870;BR-116/BA;Norte;Saida de Pista;1;1;;;;;1
27/11/2013;05:22:00;23;com vítima;914;BR-116/BA;Sul;Saida de Pista;1;2;1;;;;1
28/11/2013;12:15:00;123;sem vítima;2;BR-116/BA - ContSuFS;;Colisão Frontal;1;2;;;;;1
28/11/2013;15:16:00;159;com vítima;482;BR-116/BA;Sul;Colisão Traseira;1;1;2;;;;1
28/11/2013;10:17:00;91;com vítima;483;BR-116/BA;Norte;Engavetamento;2;5;2;;;;1
28/11/2013;19:23:00;226;com vítima;639,8;BR-116/BA;Sul;Tombamento;1;0;1;;;;1
28/11/2013;15:42:00;172;sem vítima;757,6;BR-116/BA;Sul;Colisão Traseira;2;2;;;;;1
28/11/2013;23:34:00;271;com vítima;779,2;BR-116/BA;Norte;Colisão Lateral;2;2;1;;;;1
28/11/2013;10:00:00;155;sem vítima;818;BR-116/BA;Sul;Colisão Traseira;1;4;;;;;1
29/11/2013;11:31:00;138;com vítima;442;BR-116/BA;Sul;Colisão Frontal;3;0;;1;3;2;3
29/11/2013;00:11:00;2;sem vítima;625;BR-324/BA;Oeste;Saida de Pista;1;1;;;;;1
30/11/2013;00:12:00;4;sem vítima;612;BR-324/BA;Leste;Tombamento;1;1;;;;;1
30/11/2013;19:36:00;245;com vítima;647,2;BR-116/BA;Sul;Colisão Traseira;1;3;1;;;;1
30/11/2013;19:19:00;243;com vítima;804,2;BR-116/BA;Norte;Colisão Lateral;1;4;2;;;;1
30/11/2013;12:16:00;135;sem vítima;927;BR-116/BA;Sul;Saida de Pista;1;1;;;;;1
01/12/2013;17:33:00;147;sem vítima;468;BR-116/BA;Norte;Colisão Traseira;1;12;;;;;1
01/12/2013;01:53:00;8;com vítima;625;BR-324/BA;Leste;Colisão Traseira;1;1;;;;1;3
02/12/2013;23:17:00;275;sem vítima;575,9;BR-324/BA;Leste;Colisão Traseira;2;2;;;;;1
02/12/2013;08:03:00;68;sem vítima;611;BR-324/BA;Leste;Engavetamento;1;8;;;;;1
02/12/2013;10:23:00;118;sem vítima;620;BR-324/BA;Leste;Engavetamento;1;4;;;;;1
02/12/2013;00:08:00;1;com vítima;562,9;BR-116/BA;Sul;Tombamento;1;0;;1;;;2
02/12/2013;14:01:00;176;com vítima;851,3;BR-116/BA;Norte;Colisão Traseira;1;1;1;1;;1;3
03/12/2013;19:53:00;240;sem vítima;524;BR-324/BA;Leste;Colisão Lateral;1;2;;;;;1
03/12/2013;17:29:00;201;sem vítima;447;BR-116/BA;Norte;Colisão Traseira;1;4;;;;;1
03/12/2013;18:49:00;221;sem vítima;613;BR-324/BA;Leste;Engavetamento;1;27;;;;;1
03/12/2013;14:18:00;159;sem vítima;617,2;BR-324/BA;Oeste;Colisão Lateral;1;4;;;;;1
03/12/2013;03:05:00;13;sem vítima;562,6;BR-116/BA;Norte;Colisão Lateral;1;2;;;;;1
03/12/2013;13:25:00;149;sem vítima;777;BR-116/BA;Norte;Colisão Traseira;1;2;;;;;1
04/12/2013;13:20:00;146;com vítima;432;BR-116/BA;Sul;Tombamento;1;0;;1;;;2
04/12/2013;14:48:00;170;sem vítima;493;BR-116/BA;Sul;Engavetamento;4;4;;;;;1
04/12/2013;11:01:00;107;com vítima;494,6;BR-116/BA;Sul;Engavetamento;3;2;2;;;;1
04/12/2013;15:34:00;281;com vítima;523;BR-116/BA;Sul;Tombamento;1;0;;;;1;3
04/12/2013;10:11:00;92;sem vítima;588;BR-116/BA;Sul;Colisão Traseira;2;2;;;;;1
04/12/2013;11:15:00;116;sem vítima;741;BR-116/BA;Sul;Colisão Lateral;1;5;;;;;1
05/12/2013;18:24:00;241;sem vítima;427;BR-116/BA;Sul;Colisão Frontal;1;3;;;;;1
05/12/2013;19:59:00;263;sem vítima;446;BR-116/BA;Sul;Colisão Traseira;1;2;;;;;1
05/12/2013;16:42:00;214;sem vítima;522;BR-324/BA;Leste;Colisão Lateral;1;2;;;;;1
05/12/2013;16:14:00;206;com vítima;561;BR-324/BA;Leste;Engavetamento;2;5;1;;;;1
05/12/2013;19:15:00;250;sem vítima;642;BR-116/BA;Norte;Saida de Pista;1;1;;;;;1
06/12/2013;23:32:00;309;sem vítima;20,02;BR-116/BA - Cont VC;;Atropelamento de Animal;1;1;;;;;1
06/12/2013;11:47:00;131;sem vítima;524,3;BR-324/BA;Leste;Saida de Pista;1;2;;;;;1
06/12/2013;15:51:00;197;com vítima;551;BR-324/BA;Leste;Colisão Traseira;1;1;1;;;;1
06/12/2013;22:28:00;300;sem vítima;597;BR-324/BA;Leste;Colisão Traseira;1;3;;;;;1
06/12/2013;23:23:00;307;sem vítima;600,9;BR-324/BA;Leste;Colisão Lateral;1;2;;;;;1
06/12/2013;08:02:00;60;com vítima;615;BR-324/BA;Leste;Colisão Traseira;1;3;2;;;;1
06/12/2013;11:35:00;126;sem vítima;618;BR-324/BA;Leste;Colisão Lateral;1;6;;;;;1
06/12/2013;16:30:00;213;sem vítima;573,03;BR-116/BA;Sul;Saida de Pista;1;1;;;;;1
06/12/2013;23:43:00;313;sem vítima;580,4;BR-116/BA;Sul;Saida de Pista;1;1;;;;;1
07/12/2013;16:34:00;184;com vítima;24,4;BR-116/BA - Cont VC;;Colisão Transversal;1;1;2;;;;1
07/12/2013;13:40:00;131;com vítima;437;BR-116/BA;Norte;Colisão Frontal;1;1;;;1;;2
07/12/2013;14:45:00;148;sem vítima;447;BR-116/BA;Sul;Colisão Traseira;2;2;;;;;1
07/12/2013;15:02:00;155;sem vítima;560;BR-324/BA;Oeste;Saida de Pista;1;1;;;;;1
07/12/2013;12:19:00;116;com vítima;598;BR-324/BA;Oeste;Saida de Pista;1;0;1;;;;1
07/12/2013;16:29:00;182;sem vítima;844;BR-116/BA;Norte;Colisão Traseira;1;2;;;;;1
07/12/2013;14:59:00;153;sem vítima;869,5;BR-116/BA;Sul;Colisão Traseira;1;3;;;;;1
08/12/2013;07:11:00;46;com vítima;443;BR-116/BA;Sul;Colisão Lateral;1;1;;;1;;2
08/12/2013;14:50:00;151;com vítima;455,05;BR-116/BA;Norte;Colisão Frontal;1;0;;1;;1;3
08/12/2013;20:45:00;247;sem vítima;725,1;BR-116/BA;Sul;Sequência;2;3;;;;;1
09/12/2013;14:42:00;203;com vítima;6;BA-526;Sul;Colisão Frontal;1;0;1;;;1;3
09/12/2013;15:55:00;226;com vítima;527;BR-324/BA;Oeste;Atropelamento - Outros;1;2;;;;2;3
09/12/2013;18:59:00;277;sem vítima;533;BR-324/BA;Oeste;Engavetamento;1;3;;;;;1
09/12/2013;14:46:00;206;sem vítima;565,8;BR-324/BA;Oeste;Tombamento;1;1;;;;;1
09/12/2013;11:02:00;144;sem vítima;483,1;BR-116/BA;Norte;Colisão Traseira;2;3;;;;;1
09/12/2013;10:00:00;124;sem vítima;617;BR-324/BA;Leste;Saida de Pista;1;2;;;;;1
09/12/2013;18:53:00;275;com vítima;646;BR-116/BA;Norte;Colisão Lateral;5;4;2;;;;1
09/12/2013;18:56:00;276;com vítima;777;BR-116/BA;Norte;Atropelamento de Pedestre;1;1;1;;;;1
10/12/2013;03:44:00;19;sem vítima;500,3;BR-116/BA;Norte;Tombamento;1;1;;;;;1
10/12/2013;15:27:00;179;com vítima;542;BR-116/BA;Sul;Colisão Lateral;1;2;;;;2;3
10/12/2013;11:45:00;126;com vítima;637,5;BR-116/BA;Norte;Colisão Traseira;1;1;1;1;;;2
10/12/2013;20:54:00;247;sem vítima;778,7;BR-116/BA;Sul;Colisão Lateral;1;2;;;;;1
11/12/2013;06:43:00;32;sem vítima;551;BR-324/BA;Leste;Colisão Lateral;1;2;;;;;1
11/12/2013;15:33:00;181;com vítima;551;BR-324/BA;Oeste;Colisão Traseira;1;1;2;;;;1
11/12/2013;17:42:00;221;sem vítima;606;BR-324/BA;Oeste;Colisão Traseira;2;2;;;;;1
11/12/2013;10:10:00;90;sem vítima;618;BR-324/BA;Leste;Colisão Lateral;1;2;;;;;1
13/12/2013;17:00:00;198;com vítima;16,8;BR-116/BA - Cont VC;;Colisão Transversal;1;1;2;;;;1
13/12/2013;14:09:00;150;sem vítima;547;BR-324/BA;Oeste;Colisão Lateral;1;2;;;;;1
13/12/2013;07:01:00;48;sem vítima;550;BR-324/BA;Oeste;Colisão Traseira;1;2;;;;;1
13/12/2013;11:02:00;115;sem vítima;573;BR-324/BA;Oeste;Tombamento;1;1;;;;;1
13/12/2013;05:53:00;40;com vítima;638;BR-116/BA;Norte;Colisão Lateral;3;2;;1;;;2
13/12/2013;08:34:00;73;com vítima;643,1;BR-116/BA;Norte;Colisão Lateral;2;1;;;1;;2
13/12/2013;10:12:00;104;sem vítima;698;BR-116/BA;Sul;Colisão Traseira;1;2;;;;;1
13/12/2013;15:55:00;179;sem vítima;792;BR-116/BA;Norte;Colisão Lateral;2;2;;;;;1
13/12/2013;11:49:00;124;sem vítima;842,5;BR-116/BA;Sul;Colisão Lateral;1;2;;;;;1
14/12/2013;01:25:00;12;com vítima;558;BR-324/BA;Leste;Tombamento;1;2;;;1;;2
14/12/2013;05:08:00;39;sem vítima;560;BR-324/BA;Oeste;Colisão Traseira;1;3;;;;;1
14/12/2013;04:00:00;67;sem vítima;492;BR-116/BA;Norte;Saida de Pista;1;1;;;;;1
14/12/2013;16:48:00;217;com vítima;519,3;BR-116/BA;Sul;Tombamento;1;0;1;;;;1
14/12/2013;17:54:00;230;sem vítima;848,2;BR-116/BA;Sul;Sequência;3;3;;;;;1
15/12/2013;05:51:00;49;com vítima;7;BR-116/BA - Cont VC;;Colisão Frontal;1;1;4;1;;;2
15/12/2013;09:39:00;103;sem vítima;451;BR-116/BA;Norte;Colisão Lateral;1;2;;;;;1
15/12/2013;03:18:00;27;sem vítima;599,5;BR-116/BA;Sul;Atropelamento de Animal;1;1;;;;;1
15/12/2013;05:29:00;42;com vítima;708,5;BR-116/BA;Sul;Colisão Frontal;1;1;;;1;;2
15/12/2013;23:44:00;293;sem vítima;710;BR-116/BA;Norte;Colisão Traseira;1;2;;;;;1
15/12/2013;15:26:00;177;sem vítima;740;BR-116/BA;Norte;Colisão Traseira;1;2;;;;;1
15/12/2013;08:43:00;96;com vítima;749,5;BR-116/BA;Sul;Colisão Frontal;1;1;;;;3;3
15/12/2013;00:11:00;3;com vítima;909;BR-116/BA;Norte;Colisão Traseira;1;1;1;;;;1
16/12/2013;18:27:00;224;sem vítima;469,4;BR-116/BA;Sul;Colisão Traseira;2;2;;;;;1
16/12/2013;10:21:00;101;sem vítima;579;BR-324/BA;Oeste;Saida de Pista;1;1;;;;;1
16/12/2013;02:58:00;16;sem vítima;579,9;BR-324/BA;Leste;Tombamento;1;2;;;;;1
16/12/2013;06:38:00;31;sem vítima;566;BR-116/BA;Norte;Colisão Traseira;1;4;;;;;1
16/12/2013;17:15:00;205;com vítima;659,08;BR-116/BA;Sul;Colisão Lateral;2;2;1;;;;1
16/12/2013;23:32:00;267;sem vítima;804,8;BR-116/BA;Norte;Atropelamento de Animal;1;1;;;;;1
17/12/2013;13:24:00;161;com vítima;17,5;BR-116/BA - Cont VC;;Engavetamento;3;2;1;;;;1
17/12/2013;16:49:00;225;sem vítima;438;BR-116/BA;Norte;Engavetamento;1;7;;;;;1
17/12/2013;20:30:00;278;sem vítima;517,1;BR-116/BA;Sul;Colisão Traseira;2;3;;;;;1
17/12/2013;14:05:00;177;sem vítima;714,3;BR-116/BA;Norte;Saida de Pista;1;1;;;;;1
17/12/2013;15:55:00;208;sem vítima;854;BR-116/BA;Norte;Colisão Transversal;2;3;;;;;1
17/12/2013;13:21:00;160;com vítima;902;BR-116/BA;Norte;Colisão Frontal;1;1;;;1;1;3
18/12/2013;15:33:00;187;sem vítima;3;BR-116/BA - ContSuFS;;Colisão Traseira;1;2;;;;;1
18/12/2013;10:52:00;111;com vítima;427,2;BR-116/BA;Norte;Engavetamento;1;2;2;1;;;2
18/12/2013;12:22:00;148;com vítima;537;BR-324/BA;Leste;Colisão Traseira;2;1;1;;;;1
18/12/2013;04:36:00;28;com vítima;543,4;BR-324/BA;Oeste;Atropelamento de Animal;1;2;;2;;;2
18/12/2013;17:23:00;210;sem vítima;456;BR-116/BA;Sul;Colisão Traseira;1;7;;;;;1
18/12/2013;15:24:00;184;sem vítima;459,2;BR-116/BA;Norte;Colisão Lateral;2;2;;;;;1
18/12/2013;05:03:00;32;com vítima;518;BR-116/BA;Norte;Colisão Transversal;1;43;1;1;;;2
18/12/2013;16:06:00;193;sem vítima;613;BR-324/BA;Oeste;Engavetamento;1;4;;;;;1
18/12/2013;10:18:00;98;sem vítima;543;BR-116/BA;Norte;Colisão Traseira;2;5;;;;;1
18/12/2013;08:37:00;79;com vítima;927;BR-116/BA;Sul;Colisão Lateral;1;1;4;;;;1
19/12/2013;12:17:00;140;sem vítima;531,9;BR-324/BA;Leste;Saida de Pista;1;1;;;;;1
19/12/2013;15:02:00;192;sem vítima;592;BR-324/BA;Leste;Engavetamento;1;4;;;;;1
19/12/2013;14:51:00;187;sem vítima;611,3;BR-116/BA;Norte;Colisão Lateral;2;3;;;;;1
19/12/2013;04:18:00;23;com vítima;804;BR-116/BA;Sul;Colisão Lateral;2;1;6;;;1;3
19/12/2013;16:04:00;214;sem vítima;804,2;BR-116/BA;Norte;Tombamento;1;1;;;;;1
19/12/2013;14:23:00;178;sem vítima;853;BR-116/BA;Norte;Tombamento;1;1;;;;;1
19/12/2013;20:09:00;274;sem vítima;870;BR-116/BA;Sul;Saida de Pista;1;1;;;;;1
20/12/2013;07:57:00;61;sem vítima;0,3;BR-116/BA - ContSuFS;;Colisão Traseira;1;6;;;;;1
20/12/2013;13:52:00;158;sem vítima;439;BR-116/BA;Sul;Tombamento;1;1;;;;;1
20/12/2013;17:42:00;232;sem vítima;519,02;BR-324/BA;Oeste;Colisão Lateral;1;2;;;;;1
20/12/2013;15:15:00;183;sem vítima;520;BR-324/BA;Oeste;Colisão Traseira;1;2;;;;;1
20/12/2013;16:06:00;201;sem vítima;520;BR-324/BA;Oeste;Colisão Traseira;1;2;;;;;1
20/12/2013;00:39:00;4;sem vítima;521;BR-324/BA;Oeste;Colisão Traseira;1;2;;;;;1
20/12/2013;16:38:00;214;sem vítima;615;BR-324/BA;Oeste;Saida de Pista;1;1;;;;;1
20/12/2013;05:37:00;20;com vítima;575,3;BR-116/BA;Norte;Colisão Traseira;1;5;1;;;;1
20/12/2013;17:13:00;224;com vítima;633;BR-116/BA;Sul;Colisão Lateral;1;2;1;1;;;2
20/12/2013;23:12:00;292;com vítima;633;BR-116/BA;Norte;Colisão Lateral;1;1;1;;;;1
20/12/2013;19:17:00;253;com vítima;795,3;BR-116/BA;Norte;Saida de Pista;1;0;1;;;;1
21/12/2013;00:54:00;5;com vítima;590,1;BR-324/BA;Leste;Colisão Lateral;2;2;;;1;;2
21/12/2013;07:08:00;36;sem vítima;494;BR-116/BA;Sul;Colisão Traseira;1;3;;;;;1
21/12/2013;09:05:00;69;com vítima;589,3;BR-116/BA;Norte;Sequência;2;2;3;;2;;2
21/12/2013;15:02:00;196;sem vítima;636;BR-116/BA;Norte;Colisão Transversal;1;2;;;;;1
21/12/2013;07:32:00;43;com vítima;696;BR-116/BA;Norte;Colisão Lateral;2;1;3;;;;1
21/12/2013;10:46:00;106;com vítima;706;BR-116/BA;Norte;Colisão Frontal;1;2;3;1;2;;2
21/12/2013;05:35:00;30;com vítima;845,1;BR-116/BA;Sul;Colisão Frontal;1;0;1;;;3;3
21/12/2013;09:58:00;88;sem vítima;851,1;BR-116/BA;Norte;Engavetamento;2;3;;;;;1
22/12/2013;18:55:00;257;com vítima;468,6;BR-116/BA;Norte;Colisão Traseira;1;2;2;2;;;2
22/12/2013;14:30:00;198;sem vítima;773,2;BR-116/BA;Norte;Colisão Traseira;2;2;;;;;1
22/12/2013;05:05:00;36;sem vítima;901;BR-116/BA;Sul;Colisão Transversal;1;7;;;;;1
22/12/2013;06:37:00;58;sem vítima;901;BR-116/BA;Norte;Engavetamento;1;5;;;;;1
23/12/2013;18:41:00;350;sem vítima;444;BR-116/BA;Norte;Colisão Lateral;1;4;;;;;1
23/12/2013;06:41:00;65;com vítima;606,9;BR-324/BA;Leste;Colisão Lateral;1;4;3;1;;;2
23/12/2013;18:27:00;349;sem vítima;621;BR-324/BA;Oeste;Sequência;1;2;;;;;1
24/12/2013;13:07:00;183;sem vítima;5;BR-116/BA - ContSuFS;;Colisão Lateral;1;2;;;;;1
24/12/2013;06:43:00;70;sem vítima;578;BR-324/BA;Leste;Saida de Pista;1;2;;;;;1
24/12/2013;10:58:00;149;com vítima;617;BR-116/BA;Norte;Colisão Lateral;1;1;4;;;;1
24/12/2013;08:41:00;107;com vítima;836,7;BR-116/BA;Norte;Colisão Traseira;1;11;1;;;;1
25/12/2013;02:21:00;15;sem vítima;6;BR-116/BA - ContSuFS;;Saida de Pista;1;1;;;;;1
25/12/2013;05:38:00;29;sem vítima;463;BR-116/BA;Sul;Saida de Pista;1;2;;;;;1
25/12/2013;21:46:00;228;sem vítima;581;BR-116/BA;Norte;Saida de Pista;1;1;;;;;1
25/12/2013;00:56:00;7;com vítima;814,2;BR-116/BA;Sul;Colisão Traseira;1;1;;;1;1;3
26/12/2013;17:58:00;213;sem vítima;614,3;BR-324/BA;Leste;Engavetamento;1;6;;;;;1
27/12/2013;09:00:00;78;com vítima;624,6;BR-324/BA;Leste;Colisão Traseira;1;1;;;1;;2
28/12/2013;03:37:00;20;com vítima;7;BR-116/BA - ContSuFS;;Colisão Frontal;1;1;;1;;;2
28/12/2013;10:38:00;118;sem vítima;553;BR-324/BA;Oeste;Sequência;1;3;;;;;1
28/12/2013;15:24:00;191;com vítima;579;BR-116/BA;Sul;Colisão Frontal;1;1;1;1;;;2
28/12/2013;11:06:00;128;sem vítima;873;BR-116/BA;Norte;Colisão Traseira;1;6;;;;;1
30/12/2013;04:02:00;17;sem vítima;454;BR-116/BA;Norte;Atropelamento de Animal;1;3;;;;;1
30/12/2013;19:05:00;209;sem vítima;622;BR-324/BA;Oeste;Colisão Lateral;1;31;;;;;1
30/12/2013;13:50:00;138;com vítima;566,04;BR-116/BA;Norte;Choque - Defensa, barreira ou "submarino";1;2;2;;;;1
30/12/2013;07:18:00;41;sem vítima;589,5;BR-116/BA;Norte;Colisão Lateral;2;2;;;;;1
30/12/2013;10:32:00;99;com vítima;720;BR-116/BA;Sul;Tombamento;1;0;1;;;;1
31/12/2013;08:56:00;63;sem vítima;435;BR-116/BA;Sul;Colisão Lateral;1;2;;;;;1
01/01/2014;01:09:00;6;com vítima;761;BR-116/BA;Sul;Saida de Pista;1;0;1;;;;1
02/01/2014;12:28:00;132;com vítima;2,8;BR-116/BA - ContSuFS;;Colisão Lateral;1;1;;1;;;2
04/01/2014;08:08:00;67;sem vítima;520;BR-324/BA;Oeste;Colisão Lateral;2;5;;;;;1
04/01/2014;06:35:00;39;sem vítima;495;BR-116/BA;Sul;Engavetamento;1;6;;;;;1
05/01/2014;08:03:00;50;sem vítima;563;BR-116/BA;Norte;Engavetamento;3;3;;;;;1
05/01/2014;04:50:00;18;com vítima;785,5;BR-116/BA;Sul;Colisão Frontal;1;0;;1;1;1;3
05/01/2014;08:48:00;56;sem vítima;836;BR-116/BA;Sul;Colisão Traseira;1;4;;;;;1
05/01/2014;15:30:00;156;sem vítima;845;BR-116/BA;Norte;Colisão Traseira;2;2;;;;;1
05/01/2014;13:43:00;132;sem vítima;871,3;BR-116/BA;Norte;Objeto lançado contra veículo;2;2;;;;;1
06/01/2014;15:22:00;184;sem vítima;7;BR-116/BA - ContSuFS;;Engavetamento;2;3;;;;;1
06/01/2014;19:04:00;256;sem vítima;428;BR-116/BA;Norte;Atropelamento de Animal;1;1;;;;;1
06/01/2014;11:17:00;127;sem vítima;613;BR-324/BA;Oeste;Colisão Lateral;1;2;;;;;1
07/01/2014;18:55:00;257;com vítima;595;BR-324/BA;Oeste;Tombamento;1;0;1;;;;1
07/01/2014;15:13:00;204;com vítima;625;BR-324/BA;Leste;Engavetamento;2;2;1;;;;1
07/01/2014;14:29:00;196;sem vítima;633;BR-116/BA;Sul;Colisão Lateral;1;6;;;;;1
08/01/2014;15:34:00;147;sem vítima;521;BR-324/BA;Oeste;Colisão Lateral;1;2;;;;;1
08/01/2014;08:06:00;49;com vítima;529;BR-116/BA;Norte;Colisão Frontal;2;7;1;2;;1;3
08/01/2014;16:15:00;153;sem vítima;864;BR-116/BA;Norte;Saida de Pista;1;1;;;;;1
09/01/2014;09:38:00;107;com vítima;468;BR-116/BA;Sul;Engavetamento;2;5;3;;1;;2
09/01/2014;14:40:00;189;sem vítima;576;BR-324/BA;Oeste;Colisão Lateral;1;4;;;;;1
09/01/2014;07:12:00;63;sem vítima;624;BR-324/BA;Leste;Colisão Lateral;1;2;;;;;1
10/01/2014;10:39:00;98;sem vítima;518;BR-324/BA;Oeste;Colisão Traseira;2;2;;;;;1
10/01/2014;17:09:00;188;sem vítima;566;BR-116/BA;Sul;Colisão Traseira;2;2;;;;;1
10/01/2014;23:28:00;257;com vítima;599;BR-116/BA;Norte;Colisão Frontal;1;1;;1;1;;2
10/01/2014;14:48:00;148;sem vítima;659;BR-116/BA;Sul;Tombamento;1;1;;;;;1
10/01/2014;23:47:00;261;com vítima;671;BR-116/BA;Sul;Colisão Traseira;2;1;1;;;;1
10/01/2014;20:03:00;224;com vítima;845;BR-116/BA;Norte;Colisão Transversal;1;1;3;;;;1
10/01/2014;03:47:00;17;sem vítima;901,5;BR-116/BA;Sul;Saida de Pista;1;2;;;;;1
11/01/2014;06:58:00;39;com vítima;452;BR-116/BA;Norte;Engavetamento;5;3;4;1;;;2
11/01/2014;14:38:00;160;sem vítima;618;BR-324/BA;Leste;Colisão Lateral;1;2;;;;;1
11/01/2014;16:39:00;190;sem vítima;848,5;BR-116/BA;Sul;Colisão Traseira;1;27;;;;;1
12/01/2014;00:09:00;4;sem vítima;627;BR-116/BA;Norte;Colisão Traseira;2;3;;;;;1
12/01/2014;19:39:00;182;com vítima;820;BR-116/BA;Norte;Colisão Traseira;1;1;;1;;;2
13/01/2014;05:33:00;13;com vítima;574;BR-324/BA;Oeste;Colisão Traseira;1;4;4;1;;;2
13/01/2014;16:05:00;177;sem vítima;619;BR-324/BA;Oeste;Engavetamento;2;3;;;;;1
13/01/2014;10:49:00;101;sem vítima;557,1;BR-116/BA;Norte;Saida de Pista;1;3;;;;;1
13/01/2014;15:04:00;162;sem vítima;851,5;BR-116/BA;Norte;Saida de Pista;1;2;;;;;1
13/01/2014;16:26:00;182;com vítima;859;BR-116/BA;Norte;Tombamento;1;0;;1;;;2
14/01/2014;14:05:00;133;sem vítima;521;BR-324/BA;Oeste;Colisão Traseira;1;5;;;;;1
14/01/2014;10:23:00;89;sem vítima;623;BR-324/BA;Leste;Colisão Traseira;2;2;;;;;1
14/01/2014;21:50:00;226;sem vítima;579;BR-116/BA;Sul;Tombamento;1;1;;;;;1
15/01/2014;23:05:00;274;com vítima;426,5;BR-116/BA;Sul;Colisão Lateral;1;3;2;;;;1
15/01/2014;11:48:00;142;sem vítima;551;BR-324/BA;Oeste;Colisão Traseira;1;3;;;;;1
15/01/2014;17:48:00;225;com vítima;462,9;BR-116/BA;Sul;Colisão Frontal;1;2;;1;1;1;3
15/01/2014;11:42:00;140;sem vítima;578;BR-116/BA;Sul;Colisão Traseira;1;5;;;;;1
15/01/2014;09:59:00;107;sem vítima;672;BR-116/BA;Sul;Colisão Traseira;2;3;;;;;1
16/01/2014;14:55:00;155;com vítima;478;BR-116/BA;Sul;Colisão Traseira;2;1;1;;;;1
16/01/2014;07:10:00;46;sem vítima;618;BR-324/BA;Oeste;Colisão Lateral;1;2;;;;;1
17/01/2014;16:29:00;196;sem vítima;0;BR-116/BA - ContSuFS;;Colisão Lateral;1;6;;;;;1
17/01/2014;16:31:00;198;sem vítima;429,4;BR-116/BA;Norte;Colisão Traseira;1;2;;;;;1
17/01/2014;17:22:00;213;sem vítima;518;BR-324/BA;Leste;Colisão Traseira;1;3;;;;;1
17/01/2014;20:41:00;254;sem vítima;551;BR-324/BA;Oeste;Colisão Traseira;1;2;;;;;1
17/01/2014;16:04:00;189;sem vítima;599;BR-324/BA;Oeste;Colisão Lateral;1;5;;;;;1
17/01/2014;21:41:00;266;sem vítima;788,5;BR-116/BA;Sul;Tombamento;1;1;;;;;1
17/01/2014;17:43:00;220;com vítima;894,2;BR-116/BA;Sul;Colisão Frontal;1;5;3;2;;;2
18/01/2014;10:27:00;91;sem vítima;539;BR-324/BA;Oeste;Colisão Lateral;2;2;;;;;1
18/01/2014;11:49:00;114;com vítima;454;BR-116/BA;Norte;Engavetamento;2;9;;;1;;2
18/01/2014;04:21:00;21;com vítima;547,2;BR-324/BA;Oeste;Colisão Traseira;1;1;1;;;;1
18/01/2014;05:09:00;25;com vítima;583,2;BR-116/BA;Norte;Tombamento;1;0;1;;;;1
19/01/2014;07:38:00;60;com vítima;686;BR-116/BA;Norte;Tombamento;1;1;1;;;;1
20/01/2014;14:22:00;169;sem vítima;26;BR-116/BA - Cont VC;;Colisão Traseira;1;4;;;;;1
20/01/2014;09:25:00;94;sem vítima;599;BR-324/BA;Oeste;Colisão Traseira;2;2;;;;;1
20/01/2014;08:20:00;75;sem vítima;601;BR-324/BA;Leste;Colisão Lateral;1;3;;;;;1
20/01/2014;18:05:00;223;sem vítima;553;BR-116/BA;Norte;Colisão Lateral;3;3;;;;;1
20/01/2014;16:54:00;208;sem vítima;749;BR-116/BA;Norte;Tombamento;1;1;;;;;1