data;horario;n_da_ocorrencia;tipo_de_ocorrencia;km;trecho;sentido;tipo_de_acidente;caminhao;ilesos;levemente_feridos;moderadamente_feridos;gravemente_feridos;mortos;3
21/01/2014;15:45:00;161;sem vítima;519,5;BR-324/BA;Oeste;Colisão Lateral;1;3;;;;;1
21/01/2014;18:49:00;203;sem vítima;447;BR-116/BA;Norte;Colisão Traseira;1;2;;;;;1
21/01/2014;11:05:00;93;com vítima;457,2;BR-116/BA;Sul;Colisão Lateral;1;1;4;1;;;2
21/01/2014;04:50:00;13;com vítima;578,2;BR-324/BA;Leste;Colisão Traseira;1;5;;2;1;;2
21/01/2014;10:00:00;74;com vítima;580;BR-324/BA;Leste;Colisão Lateral;1;3;1;;;;1
21/01/2014;08:10:00;43;com vítima;615;BR-324/BA;Oeste;Colisão Traseira;1;5;1;;;;1
21/01/2014;06:24:00;22;sem vítima;660,5;BR-116/BA;Norte;Colisão Lateral;1;4;;;;;1
21/01/2014;11:19:00;97;sem vítima;858;BR-116/BA;Norte;Colisão Transversal;1;7;;;;;1
22/01/2014;10:41:00;99;sem vítima;8;BR-116/BA - Cont VC;;Saida de Pista;1;1;;;;;1
22/01/2014;10:23:00;81;com vítima;572,8;BR-116/BA;Sul;Colisão Frontal;1;3;1;;;;1
22/01/2014;00:01:00;1;sem vítima;742;BR-116/BA;Sul;Colisão Traseira;1;2;;;;;1
22/01/2014;16:55:00;203;com vítima;796;BR-116/BA;Norte;Tombamento;1;0;1;;;;1
23/01/2014;10:33:00;117;sem vítima;520;BR-324/BA;Oeste;Engavetamento;1;4;;;;;1
23/01/2014;06:20:00;34;sem vítima;447,5;BR-116/BA;Sul;Colisão Traseira;2;3;;;;;1
23/01/2014;13:55:00;168;com vítima;568;BR-324/BA;Oeste;Tombamento;1;0;;1;;;2
23/01/2014;12:30:00;150;com vítima;818;BR-116/BA;Norte;Colisão Traseira;1;6;1;;;;1
24/01/2014;14:29:00;138;sem vítima;576;BR-324/BA;Leste;Colisão Lateral;1;4;;;;;1
24/01/2014;14:50:00;142;sem vítima;479;BR-116/BA;Sul;Colisão Traseira;2;2;;;;;1
24/01/2014;07:26:00;36;sem vítima;482;BR-116/BA;Norte;Colisão Traseira;2;2;;;;;1
24/01/2014;04:48:00;17;com vítima;623;BR-324/BA;Oeste;Atropelamento de Pedestre;1;3;;;;1;3
24/01/2014;12:57:00;112;sem vítima;913;BR-116/BA;Sul;Colisão Traseira;2;2;;;;;1
24/01/2014;11:48:00;100;sem vítima;914;BR-116/BA;Norte;Colisão Traseira;2;2;;;;;1
25/01/2014;15:47:00;164;sem vítima;579;BR-324/BA;Oeste;Colisão Traseira;1;2;;;;;1
25/01/2014;06:08:00;36;com vítima;581;BR-116/BA;Sul;Tombamento;1;0;;;;1;3
26/01/2014;21:46:00;219;sem vítima;534,5;BR-324/BA;Leste;Colisão Lateral;1;5;;;;;1
26/01/2014;12:25:00;79;com vítima;612;BR-116/BA;Sul;Colisão Transversal;2;3;1;;;;1
26/01/2014;13:58:00;104;sem vítima;804;BR-116/BA;Norte;Colisão Lateral;1;5;;;;;1
27/01/2014;18:03:00;247;sem vítima;543;BR-116/BA;Sul;Colisão Lateral;1;5;;;;;1
27/01/2014;15:57:00;214;com vítima;805,2;BR-116/BA;Norte;Colisão Lateral;1;1;;2;;;2
28/01/2014;13:46:00;124;com vítima;5;BR-116/BA - ContSuFS;;Colisão Transversal;1;1;1;;;;1
28/01/2014;13:30:00;121;sem vítima;481;BR-116/BA;Sul;Colisão Traseira;2;2;;;;;1
28/01/2014;15:58:00;147;sem vítima;537;BR-116/BA;Norte;Colisão Lateral;1;2;;;;;1
28/01/2014;20:21:00;227;sem vítima;643,5;BR-116/BA;Sul;Tombamento;2;3;;;;;1
28/01/2014;19:57:00;222;com vítima;669,3;BR-116/BA;Sul;Saida de Pista;1;1;;1;;;2
31/01/2014;15:07:00;158;sem vítima;541;BR-324/BA;Leste;Saida de Pista;1;1;;;;;1
31/01/2014;14:19:00;149;sem vítima;569;BR-324/BA;Oeste;Saida de Pista;1;2;;;;;1
31/01/2014;11:18:00;109;sem vítima;614;BR-324/BA;Oeste;Colisão Frontal;1;3;;;;;1
31/01/2014;11:08:00;105;sem vítima;585;BR-116/BA;Sul;Engavetamento;2;3;;;;;1
31/01/2014;00:30:00;5;sem vítima;587,2;BR-116/BA;Norte;Colisão Traseira;1;3;;;;;1
31/01/2014;19:21:00;212;sem vítima;700,5;BR-116/BA;Sul;Colisão Lateral;1;6;;;;;1
31/01/2014;09:05:00;76;sem vítima;884,2;BR-116/BA;Sul;Colisão Lateral;1;3;;;;;1
31/01/2014;19:27:00;216;com vítima;901,8;BR-116/BA;Sul;Tombamento;1;0;1;1;;;2
31/01/2014;10:23:00;92;sem vítima;912;BR-116/BA;Norte;Colisão Transversal;1;3;;;;;1
01/02/2014;04:25:00;15;sem vítima;546;BR-324/BA;Oeste;Colisão Lateral;1;2;;;;;1
01/02/2014;08:18:00;54;sem vítima;473;BR-116/BA;Sul;Colisão Traseira;2;2;;;;;1
01/02/2014;18:23:00;185;com vítima;486;BR-116/BA;Norte;Colisão Transversal;1;1;;1;;;2
01/02/2014;16:53:00;167;sem vítima;704;BR-116/BA;Sul;Colisão Traseira;2;2;;;;;1
01/02/2014;17:52:00;180;com vítima;804;BR-116/BA;Sul;Colisão Transversal;2;2;;2;;;2
01/02/2014;20:48:00;201;sem vítima;816,5;BR-116/BA;Norte;Colisão Lateral;1;2;;;;;1
01/02/2014;07:51:00;46;sem vítima;862;BR-116/BA;Sul;Tombamento;1;1;;;;;1
02/02/2014;06:58:00;46;sem vítima;490,3;BR-116/BA;Sul;Saida de Pista;1;1;;;;;1
02/02/2014;22:19:00;252;com vítima;555,05;BR-116/BA;Norte;Tombamento;1;0;1;;;;1
02/02/2014;05:10:00;29;com vítima;643;BR-116/BA;Sul;Saida de Pista;1;0;;1;;;2
02/02/2014;18:47:00;211;sem vítima;651,2;BR-116/BA;Sul;Colisão Traseira;2;2;;;;;1
02/02/2014;02:31:00;19;com vítima;840,5;BR-116/BA;Sul;Colisão Frontal;1;1;;;;1;3
03/02/2014;17:35:00;199;sem vítima;579;BR-324/BA;Oeste;Engavetamento;1;3;;;;;1
03/02/2014;03:55:00;16;sem vítima;589;BR-324/BA;Leste;Colisão Traseira;1;2;;;;;1
03/02/2014;21:50:00;245;sem vítima;592,9;BR-324/BA;Oeste;Colisão Traseira;1;2;;;;;1
03/02/2014;03:23:00;15;sem vítima;642,8;BR-116/BA;Norte;Saida de Pista;1;1;;;;;1
03/02/2014;08:41:00;66;sem vítima;643,2;BR-116/BA;Sul;Colisão Traseira;2;2;;;;;1
03/02/2014;17:06:00;193;com vítima;672;BR-116/BA;Norte;Colisão Lateral;1;1;1;;;;1
04/02/2014;19:05:00;240;sem vítima;429,6;BR-116/BA;Sul;Colisão Traseira;2;2;;;;;1
04/02/2014;05:56:00;32;sem vítima;487;BR-116/BA;Sul;Colisão Lateral;2;5;;;;;1
05/02/2014;05:37:00;28;com vítima;441,5;BR-116/BA;Sul;Tombamento;1;0;;1;;;2
05/02/2014;05:35:00;27;sem vítima;559;BR-324/BA;Leste;Saida de Pista;1;1;;;;;1
05/02/2014;22:43:00;266;com vítima;596;BR-324/BA;Leste;Saida de Pista;1;0;;1;;;2
05/02/2014;15:27:00;152;com vítima;672;BR-116/BA;Sul;Colisão Transversal;1;1;1;;;;1
06/02/2014;11:34:00;144;sem vítima;574;BR-324/BA;Oeste;Colisão Traseira;1;2;;;;;1
06/02/2014;17:41:00;238;com vítima;708;BR-116/BA;Norte;Colisão Lateral;1;2;1;1;;;2
06/02/2014;15:04:00;193;com vítima;903,2;BR-116/BA;Norte;Tombamento;1;0;;2;;;2
07/02/2014;18:35:00;189;com vítima;428;BR-116/BA;Norte;Colisão Lateral;1;2;2;;;;1
07/02/2014;18:15:00;185;sem vítima;521;BR-324/BA;Oeste;Colisão Traseira;1;2;;;;;1
07/02/2014;12:34:00;105;sem vítima;554;BR-324/BA;Oeste;Saida de Pista;1;5;;;;;1
07/02/2014;14:33:00;128;sem vítima;614;BR-324/BA;Oeste;Engavetamento;1;5;;;;;1
07/02/2014;16:47:00;161;com vítima;539,3;BR-116/BA;Sul;Tombamento;1;0;1;;;;1
07/02/2014;08:03:00;57;sem vítima;631,3;BR-116/BA;Sul;Colisão Traseira;2;2;;;;;1
07/02/2014;08:46:00;65;com vítima;642,2;BR-116/BA;Sul;Colisão Lateral;2;2;1;;;;1
07/02/2014;13:17:00;111;com vítima;835;BR-116/BA;Norte;Colisão Traseira;2;1;1;;;;1
07/02/2014;10:52:00;91;sem vítima;907,5;BR-116/BA;Sul;Colisão Lateral;4;4;;;;;1
08/02/2014;16:19:00;205;sem vítima;622,2;BR-324/BA;Leste;Colisão Lateral;1;4;;;;;1
08/02/2014;08:55:00;92;sem vítima;540,5;BR-116/BA;Norte;Colisão Lateral;2;4;;;;;1
09/02/2014;22:16:00;234;sem vítima;812,2;BR-116/BA;Norte;Atropelamento de Animal;1;4;;;;;1
10/02/2014;17:54:00;256;com vítima;454,3;BR-116/BA;Sul;Colisão Frontal;2;2;;;;1;3
10/02/2014;13:16:00;171;sem vítima;572;BR-324/BA;Oeste;Colisão Lateral;1;4;;;;;1
10/02/2014;17:55:00;257;sem vítima;573;BR-324/BA;Oeste;Colisão Lateral;1;2;;;;;1
10/02/2014;08:36:00;83;sem vítima;621,5;BR-324/BA;Leste;Engavetamento;1;5;;;;;1
10/02/2014;07:00:00;54;com vítima;593;BR-116/BA;Norte;Tombamento;1;0;;1;;;2
10/02/2014;15:02:00;203;sem vítima;666;BR-116/BA;Norte;Colisão Traseira;2;2;;;;;1
10/02/2014;11:20:00;140;sem vítima;813,2;BR-116/BA;Norte;Colisão Lateral;1;2;;;;;1
11/02/2014;09:58:00;94;sem vítima;458;BR-116/BA;Norte;Colisão Lateral;2;2;;;;;1
11/02/2014;19:02:00;200;com vítima;642;BR-116/BA;Sul;Engavetamento;5;4;;;;1;3
11/02/2014;17:40:00;178;sem vítima;776;BR-116/BA;Sul;Colisão Traseira;1;4;;;;;1
11/02/2014;15:09:00;150;sem vítima;854;BR-116/BA;Sul;Colisão Traseira;2;2;;;;;1
12/02/2014;12:39:00;173;sem vítima;559;BR-324/BA;Leste;Saida de Pista;1;1;;;;;1
12/02/2014;14:45:00;216;sem vítima;575,5;BR-324/BA;Oeste;Saida de Pista;1;1;;;;;1
12/02/2014;09:44:00;119;sem vítima;605,3;BR-324/BA;Leste;Colisão Lateral;1;4;;;;;1
12/02/2014;18:51:00;282;sem vítima;616,7;BR-324/BA;Leste;Colisão Lateral;1;2;;;;;1
12/02/2014;03:32:00;31;com vítima;539;BR-116/BA;Norte;Colisão Transversal;1;2;1;2;;1;3
12/02/2014;11:53:00;164;com vítima;819;BR-116/BA;Norte;Colisão Traseira;1;2;1;;;;1
12/02/2014;01:37:00;12;com vítima;871;BR-116/BA;Norte;Colisão Lateral;1;3;1;;;;1
13/02/2014;15:59:00;160;sem vítima;531;BR-324/BA;Oeste;Colisão Lateral;1;31;;;;;1
13/02/2014;15:46:00;155;sem vítima;555,3;BR-116/BA;Sul;Colisão Lateral;2;2;;;;;1
14/02/2014;08:02:00;86;sem vítima;8;BA-526;Norte;Capotamento;1;1;;;;;1
14/02/2014;15:48:00;233;sem vítima;566;BR-324/BA;Oeste;Colisão Traseira;1;5;;;;;1
14/02/2014;15:02:00;217;sem vítima;569;BR-324/BA;Oeste;Colisão Traseira;2;3;;;;;1
15/02/2014;20:12:00;242;com vítima;16;BR-116/BA - Cont VC;;Colisão Lateral;1;1;2;;;;1
15/02/2014;10:01:00;88;sem vítima;567;BR-324/BA;Oeste;Engavetamento;1;3;;;;;1
15/02/2014;17:15:00;197;sem vítima;567;BR-324/BA;Oeste;Saida de Pista;1;2;;;;;1
15/02/2014;14:18:00;145;com vítima;589,6;BR-116/BA;Sul;Colisão Frontal;1;0;1;;;3;3
15/02/2014;21:27:00;255;com vítima;884;BR-116/BA;Sul;Colisão Traseira;1;1;1;;;;1
16/02/2014;01:42:00;10;com vítima;488;BR-116/BA;Sul;Colisão Lateral;2;1;;1;;;2
16/02/2014;22:50:00;264;sem vítima;590,5;BR-324/BA;Leste;Saida de Pista;1;1;;;;;1
16/02/2014;20:43:00;240;com vítima;517;BR-116/BA;Sul;Colisão Frontal;1;1;;;;1;3
16/02/2014;16:46:00;184;com vítima;648,3;BR-116/BA;Norte;Colisão Traseira;1;1;;;;1;3
16/02/2014;10:44:00;98;sem vítima;660,5;BR-116/BA;Sul;Colisão Traseira;2;2;;;;;1
17/02/2014;10:40:00;127;com vítima;427;BR-116/BA;Norte;Atropelamento - Ciclista;1;1;1;;;;1
17/02/2014;07:00:00;42;sem vítima;428;BR-116/BA;Norte;Colisão Traseira;2;2;;;;;1
17/02/2014;12:04:00;156;sem vítima;569;BR-324/BA;Oeste;Colisão Traseira;1;2;;;;;1
17/02/2014;06:33:00;26;sem vítima;574;BR-324/BA;Leste;Saida de Pista;1;2;;;;;1
18/02/2014;09:28:00;82;sem vítima;1,5;BR-116/BA - ContSuFS;;Colisão Lateral;1;4;;;;;1
18/02/2014;04:33:00;16;com vítima;616;BR-324/BA;Leste;Colisão Traseira;1;18;2;2;;1;3
18/02/2014;23:46:00;325;com vítima;532;BR-116/BA;Norte;Sequência;1;1;;1;;;2
18/02/2014;23:26:00;318;com vítima;743;BR-116/BA;Sul;Atropelamento de Pedestre;1;1;;;;1;3
19/02/2014;09:15:00;59;sem vítima;585;BR-324/BA;Oeste;Colisão Traseira;1;2;;;;;1
19/02/2014;19:59:00;200;sem vítima;592;BR-324/BA;Leste;Colisão Traseira;2;3;;;;;1
19/02/2014;21:40:00;224;sem vítima;564,5;BR-116/BA;Norte;Colisão Traseira;2;4;;;;;1
20/02/2014;15:26:00;200;sem vítima;533;BR-324/BA;Oeste;Saida de Pista;1;1;;;;;1
20/02/2014;16:58:00;227;sem vítima;560,2;BR-324/BA;Oeste;Colisão Lateral;1;4;;;;;1
20/02/2014;06:21:00;30;sem vítima;581,2;BR-324/BA;Oeste;Saida de Pista;1;1;;;;;1
20/02/2014;00:28:00;4;sem vítima;588,6;BR-324/BA;Leste;Colisão Traseira;2;2;;;;;1
21/02/2014;11:17:00;112;com vítima;10;BR-116/BA - Cont VC;;Colisão Lateral;1;1;3;;;;1
21/02/2014;19:33:00;255;sem vítima;519;BR-324/BA;Oeste;Colisão Lateral;1;3;;;;;1
21/02/2014;11:59:00;127;sem vítima;620;BR-324/BA;Oeste;Colisão Traseira;1;2;;;;;1
21/02/2014;15:00:00;169;sem vítima;659;BR-116/BA;Norte;Saida de Pista;1;1;;;;;1
21/02/2014;16:10:00;195;sem vítima;798;BR-116/BA;Norte;Colisão Lateral;1;2;;;;;1
22/02/2014;11:40:00;126;sem vítima;530;BR-324/BA;Oeste;Colisão Lateral;1;5;;;;;1
22/02/2014;18:12:00;211;com vítima;463,2;BR-116/BA;Norte;Colisão Lateral;2;2;;1;;;2
22/02/2014;07:52:00;54;sem vítima;615;BR-116/BA;Norte;Tombamento;1;3;;;;;1
22/02/2014;21:50:00;252;sem vítima;644,1;BR-116/BA;Norte;Colisão Lateral;1;5;;;;;1
22/02/2014;17:37:00;203;sem vítima;745,4;BR-116/BA;Sul;Sequência;2;2;;;;;1
23/02/2014;10:49:00;88;sem vítima;573;BR-324/BA;Oeste;Saida de Pista;1;1;;;;;1
23/02/2014;09:24:00;73;com vítima;495;BR-116/BA;Sul;Colisão Traseira;1;2;3;;;;1
23/02/2014;07:13:00;49;sem vítima;614;BR-116/BA;Sul;Colisão Traseira;2;2;;;;;1
23/02/2014;22:35:00;233;com vítima;755,4;BR-116/BA;Sul;Atropelamento - Outros;1;0;;1;1;;2
24/02/2014;15:42:00;195;sem vítima;523,2;BR-324/BA;Oeste;Colisão Lateral;1;4;;;;;1
24/02/2014;06:01:00;45;sem vítima;573;BR-324/BA;Oeste;Saida de Pista;1;2;;;;;1
24/02/2014;22:10:00;277;sem vítima;680,4;BR-116/BA;Sul;Colisão Traseira;2;2;;;;;1
24/02/2014;06:35:00;47;sem vítima;745;BR-116/BA;Norte;Tombamento;1;1;;;;;1
24/02/2014;16:07:00;198;sem vítima;837;BR-116/BA;Norte;Colisão Traseira;2;3;;;;;1
25/02/2014;07:06:00;51;sem vítima;441,4;BR-116/BA;Norte;Colisão Traseira;2;2;;;;;1
25/02/2014;06:50:00;49;sem vítima;563;BR-324/BA;Leste;Colisão Traseira;1;5;;;;;1
26/02/2014;15:50:00;185;sem vítima;564;BR-324/BA;Oeste;Colisão Traseira;1;2;;;;;1
26/02/2014;06:11:00;25;sem vítima;603,7;BR-324/BA;Oeste;Colisão Lateral;1;7;;;;;1
27/02/2014;06:07:00;29;sem vítima;460;BR-116/BA;Sul;Engavetamento;3;3;;;;;1
28/02/2014;18:36:00;234;com vítima;8,2;BA-526;Sul;Sequência;2;1;1;1;;;2
28/02/2014;08:04:00;57;sem vítima;29,6;BR-116/BA - Cont VC;;Tombamento;1;1;;;;;1
28/02/2014;04:26:00;17;sem vítima;459,3;BR-116/BA;Norte;Colisão Traseira;1;2;;;;;1
01/03/2014;12:42:00;121;sem vítima;530;BR-324/BA;Oeste;Colisão Lateral;1;2;;;;;1
01/03/2014;07:52:00;49;com vítima;452;BR-116/BA;Norte;Colisão Frontal;2;2;2;;;;1
02/03/2014;11:12:00;95;com vítima;559;BR-324/BA;Leste;Colisão Traseira;1;1;1;;;;1
03/03/2014;06:16:00;40;com vítima;621;BR-324/BA;Leste;Saida de Pista;1;1;1;;;;1
04/03/2014;08:10:00;47;sem vítima;482;BR-116/BA;Norte;Colisão Traseira;2;2;;;;;1
04/03/2014;10:35:00;81;com vítima;591,5;BR-116/BA;Norte;Colisão Traseira;1;1;1;2;;;2
04/03/2014;23:40:00;233;sem vítima;849,3;BR-116/BA;Norte;Atropelamento de Animal;1;1;;;;;1
05/03/2014;14:50:00;231;sem vítima;521,4;BR-324/BA;Oeste;Colisão Traseira;1;2;;;;;1
05/03/2014;22:07:00;321;sem vítima;832,2;BR-116/BA;Norte;Atropelamento de Animal;1;1;;;;;1
06/03/2014;00:37:00;6;sem vítima;618;BR-324/BA;Leste;Saida de Pista;1;1;;;;;1
07/03/2014;04:49:00;12;sem vítima;567,6;BR-324/BA;Leste;Saida de Pista;1;1;;;;;1
07/03/2014;12:15:00;117;sem vítima;573;BR-324/BA;Oeste;Colisão Traseira;1;2;;;;;1
07/03/2014;15:23:00;164;sem vítima;616;BR-324/BA;Oeste;Colisão Traseira;1;2;;;;;1
07/03/2014;14:36:00;148;sem vítima;695;BR-116/BA;Sul;Colisão Traseira;2;2;;;;;1
08/03/2014;10:19:00;96;com vítima;857;BR-116/BA;Sul;Colisão Traseira;1;38;10;;;;1
09/03/2014;17:23:00;131;sem vítima;29;BR-116/BA - Cont VC;;Colisão Lateral;1;4;;;;;1
09/03/2014;19:54:00;162;sem vítima;523;BR-324/BA;Leste;Colisão Lateral;1;2;;;;;1
09/03/2014;04:39:00;14;com vítima;461;BR-116/BA;Norte;Colisão Lateral;1;2;;;;1;3
09/03/2014;06:41:00;22;com vítima;674;BR-116/BA;Sul;Tombamento;1;0;1;;;;1
10/03/2014;15:33:00;206;com vítima;6,5;BR-116/BA - ContSuFS;;Colisão Traseira;1;0;1;1;;;2
10/03/2014;16:03:00;216;com vítima;426,5;BR-116/BA;Norte;Engavetamento;2;4;;1;;;2
10/03/2014;16:53:00;233;sem vítima;426,5;BR-116/BA;Sul;Colisão Traseira;1;2;;;;;1
10/03/2014;07:10:00;51;sem vítima;524;BR-324/BA;Leste;Colisão Lateral;1;3;;;;;1
10/03/2014;14:07:00;183;sem vítima;544;BR-324/BA;Oeste;Colisão Lateral;1;5;;;;;1
10/03/2014;16:45:00;229;sem vítima;548;BR-324/BA;Oeste;Colisão Lateral;1;2;;;;;1
10/03/2014;11:28:00;145;sem vítima;616;BR-324/BA;Oeste;Colisão Traseira;1;2;;;;;1
11/03/2014;19:58:00;238;sem vítima;559,5;BR-324/BA;Leste;Tombamento;1;1;;;;;1
11/03/2014;10:05:00;103;sem vítima;615;BR-324/BA;Leste;Colisão Traseira;1;2;;;;;1
11/03/2014;08:41:00;79;sem vítima;625,8;BR-324/BA;Leste;Engavetamento;1;27;;;;;1
11/03/2014;19:44:00;232;sem vítima;628;BR-116/BA;Sul;Colisão Traseira;1;2;;;;;1
11/03/2014;08:22:00;74;sem vítima;805,6;BR-116/BA;Sul;Saida de Pista;1;1;;;;;1
12/03/2014;08:57:00;72;sem vítima;427;BR-116/BA;Norte;Colisão Traseira;2;3;;;;;1
12/03/2014;23:02:00;240;sem vítima;534,2;BR-116/BA;Norte;Colisão Lateral;2;4;;;;;1
12/03/2014;11:02:00;113;sem vítima;643,4;BR-116/BA;Sul;Tombamento;1;1;;;;;1
12/03/2014;08:56:00;71;sem vítima;789,5;BR-116/BA;Norte;Tombamento;1;2;;;;;1
12/03/2014;14:00:00;153;sem vítima;819;BR-116/BA;Norte;Colisão Lateral;1;4;;;;;1
13/03/2014;18:56:00;212;sem vítima;561;BR-324/BA;Oeste;Colisão Traseira;1;2;;;;;1
13/03/2014;10:07:00;78;sem vítima;605;BR-324/BA;Oeste;Colisão Traseira;1;2;;;;;1
13/03/2014;07:20:00;40;com vítima;584;BR-116/BA;Norte;Colisão Lateral;2;1;;1;;;2
13/03/2014;18:39:00;205;sem vítima;633,6;BR-116/BA;Norte;Colisão Transversal;2;2;;;;;1
13/03/2014;15:59:00;154;sem vítima;692;BR-116/BA;Norte;Colisão Traseira;1;2;;;;;1
14/03/2014;20:54:00;262;sem vítima;543,3;BR-324/BA;Oeste;Saida de Pista;1;1;;;;;1
14/03/2014;13:49:00;160;sem vítima;563;BR-324/BA;Oeste;;2;3;;;;;1
14/03/2014;14:23:00;174;sem vítima;563,1;BR-324/BA;Oeste;Colisão Lateral;1;3;;;;;1
14/03/2014;08:38:00;78;sem vítima;615;BR-324/BA;Leste;Colisão Traseira;1;3;;;;;1
14/03/2014;18:56:00;246;sem vítima;697;BR-116/BA;Sul;Engavetamento;2;4;;;;;1
14/03/2014;10:10:00;108;sem vítima;931;BR-116/BA;Sul;Colisão Traseira;2;2;;;;;1
15/03/2014;05:36:00;26;sem vítima;429;BR-116/BA;Norte;Colisão Transversal;2;2;;;;;1
15/03/2014;06:16:00;30;com vítima;435;BR-116/BA;Norte;Colisão Frontal;2;1;1;1;;;2
15/03/2014;16:24:00;159;com vítima;458;BR-116/BA;Norte;Colisão Transversal;1;1;1;;;;1
15/03/2014;16:27:00;160;com vítima;567;BR-324/BA;Oeste;Colisão Traseira;1;1;;1;;;2
15/03/2014;17:06:00;168;sem vítima;567;BR-324/BA;Oeste;Colisão Traseira;1;3;;;;;1
15/03/2014;11:50:00;101;sem vítima;468;BR-116/BA;Norte;Colisão Transversal;2;2;;;;;1
15/03/2014;08:15:00;54;sem vítima;614;BR-324/BA;Oeste;Colisão Traseira;1;2;;;;;1
15/03/2014;09:39:00;75;sem vítima;622;BR-324/BA;Leste;Colisão Lateral;1;2;;;;;1
15/03/2014;15:20:00;140;com vítima;736;BR-116/BA;Norte;Tombamento;1;0;1;;;;1
16/03/2014;14:03:00;126;sem vítima;461;BR-116/BA;Norte;Colisão Lateral;1;6;;;;;1
16/03/2014;20:53:00;251;sem vítima;588;BR-116/BA;Norte;Saida de Pista;1;1;;;;;1
16/03/2014;14:50:00;139;sem vítima;881;BR-116/BA;Sul;Colisão Lateral;1;2;;;;;1
17/03/2014;16:28:00;187;sem vítima;521;BR-324/BA;Leste;Colisão Lateral;2;2;;;;;1
17/03/2014;18:52:00;215;sem vítima;586;BR-324/BA;Oeste;Atropelamento de Animal;1;1;;;;;1
17/03/2014;06:36:00;43;com vítima;605;BR-324/BA;Oeste;Engavetamento;1;4;;;1;;2
17/03/2014;17:19:00;193;sem vítima;617;BR-324/BA;Oeste;Engavetamento;1;60;;;;;1
18/03/2014;18:12:00;211;sem vítima;928;BR-116/BA;Sul;Colisão Lateral;2;2;;;;;1
19/03/2014;14:42:00;147;sem vítima;557;BR-324/BA;Leste;Saida de Pista;1;3;;;;;1
19/03/2014;05:18:00;27;sem vítima;571,3;BR-116/BA;Sul;Colisão Lateral;4;4;;;;;1
20/03/2014;11:23:00;158;sem vítima;574,2;BR-324/BA;Oeste;Colisão Traseira;2;2;;;;;1
20/03/2014;22:06:00;305;sem vítima;601;BR-324/BA;Leste;Colisão Lateral;2;2;;;;;1
20/03/2014;12:12:00;170;sem vítima;506,9;BR-116/BA;Norte;Colisão Lateral;2;3;;;;;1
20/03/2014;18:31:00;261;sem vítima;610;BR-324/BA;Leste;Engavetamento;1;4;;;;;1
21/03/2014;09:13:00;73;com vítima;622,5;BR-324/BA;Leste;Engavetamento;1;4;2;;;;1
21/03/2014;13:46:00;136;sem vítima;829;BR-116/BA;Norte;Outros;2;3;;;;;1
22/03/2014;08:24:00;70;sem vítima;453,2;BR-116/BA;Norte;Colisão Traseira;2;2;;;;;1
22/03/2014;10:04:00;103;sem vítima;544,6;BR-324/BA;Oeste;Colisão Lateral;1;4;;;;;1
22/03/2014;17:25:00;210;sem vítima;571,1;BR-116/BA;Sul;Saida de Pista;1;2;;;;;1
22/03/2014;10:51:00;118;com vítima;644;BR-116/BA;Norte;Colisão Frontal;4;7;4;;;3;3
23/03/2014;14:02:00;137;com vítima;463;BR-116/BA;Norte;Saida de Pista;1;0;;;;1;3
23/03/2014;17:07:00;170;sem vítima;569;BR-116/BA;Norte;Colisão Traseira;1;2;;;;;1
23/03/2014;00:18:00;1;sem vítima;637;BR-116/BA;Sul;Saida de Pista;1;1;;;;;1
23/03/2014;10:07:00;90;sem vítima;698;BR-116/BA;Norte;Colisão Traseira;2;2;;;;;1
23/03/2014;00:25:00;5;com vítima;751;BR-116/BA;Sul;Engavetamento;3;2;2;;;;1
24/03/2014;06:41:00;59;sem vítima;8;BA-526;Sul;Colisão Transversal;1;2;;;;;1
24/03/2014;03:16:00;28;sem vítima;552;BR-324/BA;Leste;Colisão Traseira;1;2;;;;;1
24/03/2014;10:00:00;124;sem vítima;467;BR-116/BA;Sul;Colisão Traseira;2;2;;;;;1
24/03/2014;19:07:00;280;sem vítima;626,2;BR-324/BA;Oeste;Colisão Transversal;1;4;;;;;1
24/03/2014;14:45:00;218;sem vítima;751;BR-116/BA;Sul;Colisão Lateral;2;2;;;;;1
25/03/2014;12:07:00;114;com vítima;2;BR-116/BA - ContSuFS;;Colisão Lateral;1;1;;1;;;2
25/03/2014;01:41:00;7;com vítima;448,9;BR-116/BA;Norte;Sequência;1;2;1;;;;1
25/03/2014;18:46:00;212;com vítima;492;BR-116/BA;Norte;Colisão Traseira;1;1;1;;;;1
25/03/2014;20:51:00;252;sem vítima;496;BR-116/BA;Norte;Colisão Traseira;1;2;;;;;1
26/03/2014;15:55:00;189;com vítima;783;BR-116/BA;Sul;Engavetamento;3;4;1;;;;1
26/03/2014;20:50:00;248;sem vítima;892,3;BR-116/BA;Norte;Colisão Lateral;2;2;;;;;1
27/03/2014;14:00:00;134;sem vítima;2;BR-116/BA - ContSuFS;;Colisão Transversal;1;2;;;;;1
27/03/2014;14:16:00;138;sem vítima;561;BR-324/BA;Oeste;Colisão Lateral;1;4;;;;;1
27/03/2014;11:35:00;101;sem vítima;605;BR-324/BA;Leste;Colisão Lateral;1;2;;;;;1
28/03/2014;11:43:00;155;sem vítima;524,2;BR-324/BA;Oeste;Tombamento;1;2;;;;;1
28/03/2014;07:13:00;48;com vítima;617;BR-324/BA;Oeste;Engavetamento;1;8;;1;;;2
28/03/2014;18:18:00;235;com vítima;818,8;BR-116/BA;Sul;Engavetamento;1;8;1;;;;1
29/03/2014;12:44:00;132;sem vítima;565;BR-324/BA;Oeste;Colisão Transversal;2;2;;;;;1