data;horario;n_da_ocorrencia;tipo_de_ocorrencia;km;trecho;sentido;tipo_de_acidente;caminhao;ilesos;levemente_feridos;moderadamente_feridos;gravemente_feridos;mortos;3
29/05/2014;19:10:00;232;sem vítima;560,9;BR-324/BA;Oeste;Colisão Lateral;1;2;;;;;1
29/05/2014;03:25:00;13;sem vítima;829;BR-116/BA;Sul;Colisão Traseira;2;2;;;;;1
30/05/2014;06:53:00;40;sem vítima;440,3;BR-116/BA;Sul;Saida de Pista;1;1;;;;;1
30/05/2014;15:02:00;206;sem vítima;527;BR-324/BA;Oeste;Colisão Lateral;1;2;;;;;1
30/05/2014;07:13:00;48;sem vítima;542,05;BR-324/BA;Oeste;Engavetamento;3;3;;;;;1
30/05/2014;01:19:00;8;sem vítima;755,8;BR-116/BA;Norte;Atropelamento de Animal;1;1;;;;;1
31/05/2014;09:10:00;58;com vítima;442,6;BR-116/BA;Sul;Tombamento;1;0;1;;;;1
31/05/2014;11:02:00;94;sem vítima;560,2;BR-324/BA;Leste;Colisão Lateral;1;2;;;;;1
31/05/2014;09:39:00;73;sem vítima;577,3;BR-324/BA;Oeste;Colisão Traseira;1;3;;;;;1
01/06/2014;14:34:00;134;sem vítima;482,1;BR-116/BA;Norte;Colisão Traseira;2;2;;;;;1
02/06/2014;13:06:00;139;sem vítima;542;BR-324/BA;Oeste;Colisão Lateral;1;3;;;;;1
02/06/2014;07:00:00;53;sem vítima;565;BR-324/BA;Oeste;Colisão Traseira;2;2;;;;;1
02/06/2014;04:44:00;27;com vítima;581,05;BR-324/BA;Leste;Colisão Traseira;3;2;;;1;1;3
02/06/2014;17:09:00;189;sem vítima;599;BR-324/BA;Leste;Colisão Traseira;1;2;;;;;1
02/06/2014;20:32:00;241;sem vítima;599;BR-324/BA;Leste;Colisão Traseira;1;2;;;;;1
02/06/2014;13:42:00;146;sem vítima;817,9;BR-116/BA;Norte;Colisão Transversal;1;3;;;;;1
03/06/2014;19:30:00;249;sem vítima;568;BR-324/BA;Oeste;Tombamento;1;1;;;;;1
03/06/2014;18:04:00;230;sem vítima;548,3;BR-116/BA;Sul;Tombamento;1;1;;;;;1
03/06/2014;07:07:00;40;sem vítima;552;BR-116/BA;Sul;Colisão Traseira;1;2;;;;;1
03/06/2014;05:51:00;25;sem vítima;556;BR-116/BA;Norte;Saida de Pista;1;1;;;;;1
03/06/2014;08:36:00;69;sem vítima;761,8;BR-116/BA;Norte;Saida de Pista;1;1;;;;;1
04/06/2014;16:25:00;159;sem vítima;518;BR-324/BA;Leste;Colisão Lateral;1;2;;;;;1
04/06/2014;16:59:00;165;sem vítima;531;BR-324/BA;Oeste;Colisão Lateral;2;2;;;;;1
04/06/2014;10:13:00;81;com vítima;452,01;BR-116/BA;Norte;Colisão Frontal;1;47;1;2;1;;2
04/06/2014;12:03:00;109;sem vítima;599;BR-324/BA;Oeste;Colisão Traseira;1;3;;;;;1
04/06/2014;12:01:00;108;com vítima;646,3;BR-116/BA;Norte;Colisão Traseira;1;6;3;1;;;2
04/06/2014;13:24:00;126;com vítima;651,2;BR-116/BA;Sul;Colisão Transversal;1;1;1;;;;1
04/06/2014;06:40:00;33;com vítima;780;BR-116/BA;Sul;Colisão Frontal;1;1;;;1;;2
05/06/2014;13:56:00;158;sem vítima;29,6;BR-116/BA - Cont VC;;Saida de Pista;1;1;;;;;1
05/06/2014;00:19:00;3;sem vítima;448;BR-116/BA;Norte;Colisão Frontal;1;2;;;;;1
05/06/2014;12:25:00;147;sem vítima;608,1;BR-324/BA;Leste;Tombamento;1;1;;;;;1
05/06/2014;04:29:00;14;sem vítima;611;BR-324/BA;Leste;Colisão Transversal;1;2;;;;;1
06/06/2014;16:55:00;195;sem vítima;560,01;BR-324/BA;Leste;Engavetamento;2;4;;;;;1
06/06/2014;15:45:00;179;sem vítima;593;BR-324/BA;Oeste;Colisão Traseira;2;3;;;;;1
06/06/2014;18:13:00;215;sem vítima;615,1;BR-324/BA;Leste;Colisão Traseira;2;2;;;;;1
07/06/2014;07:49:00;57;sem vítima;577;BR-324/BA;Oeste;Colisão Traseira;1;2;;;;;1
07/06/2014;19:40:00;242;com vítima;539,1;BR-116/BA;Sul;Colisão Lateral;1;1;;1;;;2
07/06/2014;07:25:00;51;sem vítima;564,1;BR-116/BA;Norte;Colisão Traseira;2;2;;;;;1
07/06/2014;21:15:00;256;com vítima;715;BR-116/BA;Norte;Colisão Lateral;2;3;;1;;;2
07/06/2014;18:14:00;225;sem vítima;767,5;BR-116/BA;Sul;Colisão Transversal;2;3;;;;;1
07/06/2014;15:20:00;175;com vítima;777,9;BR-116/BA;Sul;Atropelamento - Ciclista;1;1;;1;;;2
08/06/2014;21:23:00;220;sem vítima;599;BR-324/BA;Leste;Colisão Lateral;1;2;;;;;1
08/06/2014;21:26:00;221;com vítima;813,1;BR-116/BA;Sul;Tombamento;1;0;1;;;;1
08/06/2014;06:41:00;42;sem vítima;854;BR-116/BA;Sul;Colisão Lateral;1;2;;;;;1
09/06/2014;05:22:00;30;com vítima;576;BR-324/BA;Oeste;Saida de Pista;1;0;1;;;;1
09/06/2014;07:41:00;53;sem vítima;576;BR-324/BA;Oeste;Colisão Lateral;1;2;;;;;1
09/06/2014;06:29:00;37;sem vítima;576,1;BR-324/BA;Oeste;Colisão Traseira;1;4;;;;;1
09/06/2014;13:56:00;175;sem vítima;475,5;BR-116/BA;Sul;Colisão Traseira;1;2;;;;;1
09/06/2014;05:22:00;35;sem vítima;577,05;BR-324/BA;Leste;Colisão Traseira;1;3;;;;;1
09/06/2014;13:01:00;162;com vítima;578,2;BR-324/BA;Oeste;Engavetamento;2;3;1;;;;1
09/06/2014;19:01:00;244;sem vítima;719;BR-116/BA;Norte;Engavetamento;3;3;;;;;1
09/06/2014;17:58:00;234;sem vítima;815;BR-116/BA;Sul;Colisão Traseira;2;2;;;;;1
09/06/2014;10:58:00;129;com vítima;819;BR-116/BA;Sul;Colisão Transversal;1;1;1;;;;1
10/06/2014;12:15:00;121;sem vítima;1;BR-116/BA - ContSuFS;;Colisão Traseira;2;2;;;;;1
10/06/2014;15:34:00;163;sem vítima;2;BR-116/BA - ContSuFS;;Colisão Lateral;1;4;;;;;1
10/06/2014;18:13:00;207;com vítima;12;BR-116/BA - Cont VC;;Colisão Traseira;1;1;1;;;;1
10/06/2014;10:06:00;84;sem vítima;589;BR-116/BA;Norte;Sequência;1;4;;;;;1
10/06/2014;06:59:00;27;sem vítima;649;BR-116/BA;Norte;Colisão Lateral;1;2;;;;;1
10/06/2014;16:20:00;179;sem vítima;661,1;BR-116/BA;Norte;Colisão Traseira;2;2;;;;;1
11/06/2014;23:04:00;299;com vítima;5,4;BR-116/BA - ContSuFS;;Colisão Lateral;1;2;1;;;;1
11/06/2014;15:57:00;208;sem vítima;557,1;BR-324/BA;Leste;Choque Contra Objeto Fixo;1;2;;;;;1
12/06/2014;13:50:00;156;sem vítima;431;BR-116/BA;Sul;Colisão Frontal;1;2;;;;;1
12/06/2014;12:22:00;147;com vítima;642,3;BR-116/BA;Sul;Colisão Traseira;2;1;1;;;;1
12/06/2014;11:11:00;128;sem vítima;695;BR-116/BA;Sul;Colisão Traseira;1;2;;;;;1
12/06/2014;02:19:00;11;com vítima;697,1;BR-116/BA;Sul;Colisão Frontal;1;1;;1;1;2;3
12/06/2014;19:32:00;216;sem vítima;698;BR-116/BA;Norte;Choque - Defensa, barreira ou "submarino";1;1;;;;;1
12/06/2014;22:22:00;249;com vítima;743;BR-116/BA;Sul;Colisão Lateral;1;1;1;;;;1
13/06/2014;20:01:00;285;sem vítima;433;BR-116/BA;Sul;Tombamento;1;1;;;;;1
13/06/2014;23:02:00;318;sem vítima;438;BR-116/BA;Sul;Choque Contra Objeto Fixo;1;1;;;;;1
13/06/2014;10:42:00;134;sem vítima;518,2;BR-324/BA;Leste;Colisão Traseira;1;2;;;;;1
13/06/2014;22:50:00;317;sem vítima;559,05;BR-324/BA;Oeste;Colisão Traseira;2;6;;;;;1
13/06/2014;20:18:00;288;sem vítima;560;BR-324/BA;Oeste;Colisão Lateral;1;2;;;;;1
13/06/2014;10:53:00;138;sem vítima;562,3;BR-324/BA;Oeste;Colisão Traseira;1;3;;;;;1
13/06/2014;20:58:00;294;sem vítima;563;BR-324/BA;Oeste;Saida de Pista;1;1;;;;;1
13/06/2014;23:48:00;324;sem vítima;569;BR-324/BA;Leste;Colisão Traseira;2;2;;;;;1
13/06/2014;12:05:00;163;sem vítima;608,9;BR-324/BA;Leste;Colisão Lateral;1;2;;;;;1
13/06/2014;12:11:00;165;sem vítima;644;BR-116/BA;Norte;Saida de Pista;1;1;;;;;1
13/06/2014;19:40:00;281;sem vítima;673,2;BR-116/BA;Norte;Colisão Lateral;1;4;;;;;1
13/06/2014;15:35:00;218;sem vítima;761,1;BR-116/BA;Norte;Colisão Traseira;1;3;;;;;1
13/06/2014;18:27:00;262;sem vítima;842,1;BR-116/BA;Sul;Colisão Traseira;1;37;;;;;1
14/06/2014;00:25:00;4;com vítima;438;BR-116/BA;Norte;Colisão Traseira;1;2;1;;;;1
14/06/2014;22:52:00;277;com vítima;456,1;BR-116/BA;Sul;Colisão Lateral;1;5;1;;;;1
14/06/2014;12:19:00;154;com vítima;566;BR-324/BA;Oeste;Engavetamento;2;6;;;1;;2
14/06/2014;09:53:00;116;sem vítima;577,2;BR-116/BA;Norte;Colisão Lateral;1;5;;;;;1
14/06/2014;11:28:00;135;sem vítima;710;BR-116/BA;Sul;Colisão Traseira;2;2;;;;;1
14/06/2014;14:31:00;178;com vítima;746,7;BR-116/BA;Norte;Saida de Pista;1;0;1;;;;1
14/06/2014;19:12:00;242;com vítima;778;BR-116/BA;Norte;Colisão Traseira;1;1;;;;1;3
14/06/2014;21:23:00;270;sem vítima;804;BR-116/BA;Norte;Colisão Transversal;1;4;;;;;1
15/06/2014;07:46:00;47;sem vítima;431,9;BR-116/BA;Norte;Colisão Frontal;2;2;;;;;1
15/06/2014;21:52:00;251;com vítima;436,2;BR-116/BA;Norte;Tombamento;1;0;1;;;;1
15/06/2014;19:22:00;219;com vítima;496,3;BR-116/BA;Sul;Colisão Frontal;1;1;;;;1;3
15/06/2014;07:47:00;48;com vítima;627,3;BR-116/BA;Norte;Colisão Frontal;1;0;;1;;2;3
15/06/2014;21:14:00;244;sem vítima;921,9;BR-116/BA;Norte;Tombamento;1;1;;;;;1
16/06/2014;16:34:00;226;com vítima;29;BR-116/BA - Cont VC;;Tombamento;1;0;;;1;;2
16/06/2014;02:03:00;16;com vítima;436;BR-116/BA;Sul;Colisão Traseira;1;1;1;;;;1
16/06/2014;15:05:00;210;sem vítima;577;BR-324/BA;Oeste;Colisão Lateral;2;2;;;;;1
16/06/2014;16:48:00;229;sem vítima;599;BR-324/BA;Oeste;Colisão Traseira;1;4;;;;;1
16/06/2014;07:17:00;62;sem vítima;760;BR-116/BA;Norte;Colisão Traseira;1;4;;;;;1
17/06/2014;07:41:00;50;sem vítima;25;BR-116/BA - Cont VC;;Colisão Lateral;1;4;;;;;1
17/06/2014;13:20:00;150;com vítima;449;BR-116/BA;Norte;Colisão Traseira;1;1;;1;;;2
17/06/2014;06:49:00;32;sem vítima;572;BR-324/BA;Oeste;Colisão Traseira;1;2;;;;;1
17/06/2014;12:04:00;128;sem vítima;572,1;BR-324/BA;Oeste;Engavetamento;1;3;;;;;1
17/06/2014;20:55:00;230;sem vítima;736,2;BR-116/BA;Norte;Tombamento;1;2;;;;;1
18/06/2014;16:15:00;192;com vítima;694,1;BR-116/BA;Norte;Colisão Lateral;3;2;;;1;;2
18/06/2014;05:44:00;22;com vítima;784;BR-116/BA;Norte;Colisão Frontal;1;1;2;;;2;3
19/06/2014;13:10:00;146;sem vítima;482,05;BR-116/BA;Sul;Colisão Traseira;1;44;;;;;1
19/06/2014;16:55:00;203;sem vítima;497,2;BR-116/BA;Norte;Colisão Lateral;1;2;;;;;1
19/06/2014;21:35:00;263;com vítima;554,2;BR-116/BA;Sul;Colisão Traseira;1;1;1;;;;1
19/06/2014;14:21:00;163;sem vítima;587,1;BR-116/BA;Norte;Engavetamento;2;3;;;;;1
20/06/2014;22:32:00;282;sem vítima;520;BR-324/BA;Oeste;Colisão Lateral;1;4;;;;;1
20/06/2014;10:05:00;118;sem vítima;599;BR-324/BA;Oeste;Colisão Lateral;1;3;;;;;1
20/06/2014;15:07:00;183;sem vítima;613;BR-324/BA;Oeste;Colisão Traseira;1;7;;;;;1
20/06/2014;05:32:00;35;sem vítima;831;BR-116/BA;Norte;Atropelamento de Animal;1;1;;;;;1
21/06/2014;10:11:00;114;sem vítima;550,8;BR-324/BA;Oeste;Colisão Traseira;1;2;;;;;1
21/06/2014;00:20:00;2;com vítima;607,1;BR-324/BA;Leste;Colisão Traseira;1;1;;;1;;2
21/06/2014;07:13:00;80;sem vítima;843,1;BR-116/BA;Norte;Colisão Traseira;1;39;;;;;1
21/06/2014;07:09:00;57;sem vítima;843,12;BR-116/BA;Sul;Tombamento;1;1;;;;;1
21/06/2014;07:22:00;56;com vítima;869,8;BR-116/BA;Sul;Colisão Transversal;1;1;;;;1;3
22/06/2014;16:48:00;170;sem vítima;736,2;BR-116/BA;Sul;Saida de Pista;1;1;;;;;1
23/06/2014;07:23:00;76;sem vítima;528;BR-324/BA;Oeste;Colisão Traseira;1;9;;;;;1
23/06/2014;06:49:00;60;sem vítima;560;BR-324/BA;Oeste;Saida de Pista;1;1;;;;;1
23/06/2014;16:23:00;213;com vítima;574,1;BR-324/BA;Leste;Saida de Pista;1;1;1;;;;1
24/06/2014;14:55:00;168;com vítima;447,1;BR-116/BA;Sul;Colisão Lateral;1;2;2;1;;;2
25/06/2014;16:08:00;273;com vítima;596;BR-324/BA;Oeste;Colisão Lateral;1;6;;3;;;2
25/06/2014;21:33:00;378;sem vítima;599,2;BR-324/BA;Leste;Colisão Lateral;1;2;;;;;1
25/06/2014;09:44:00;131;sem vítima;599,5;BR-324/BA;Leste;Colisão Lateral;1;2;;;;;1
25/06/2014;09:06:00;120;sem vítima;600,2;BR-324/BA;Leste;Colisão Traseira;1;2;;;;;1
25/06/2014;06:12:00;62;sem vítima;819;BR-116/BA;Norte;Tombamento;1;1;;;;;1
26/06/2014;10:12:00;105;sem vítima;525,6;BR-324/BA;Oeste;Colisão Traseira;1;2;;;;;1
26/06/2014;06:56:00;44;com vítima;528;BR-324/BA;Leste;Colisão Traseira;1;2;1;;;;1
26/06/2014;13:21:00;153;sem vítima;529,9;BR-324/BA;Leste;Colisão Traseira;1;2;;;;;1
26/06/2014;18:01:00;217;sem vítima;562,2;BR-324/BA;Oeste;Colisão Lateral;1;5;;;;;1
26/06/2014;09:00:00;77;sem vítima;617;BR-324/BA;Leste;Colisão Lateral;1;2;;;;;1
27/06/2014;21:14:00;256;sem vítima;520;BR-324/BA;Oeste;Colisão Traseira;1;2;;;;;1
27/06/2014;13:56:00;147;sem vítima;558,05;BR-324/BA;Oeste;Colisão Traseira;1;2;;;;;1
27/06/2014;10:08:00;100;com vítima;566,6;BR-324/BA;Leste;Colisão Lateral;1;3;1;;;;1
27/06/2014;15:50:00;183;com vítima;570,1;BR-324/BA;Oeste;Engavetamento;1;6;;;1;;2
27/06/2014;07:39:00;56;sem vítima;583,1;BR-324/BA;Oeste;Saida de Pista;1;1;;;;;1
27/06/2014;09:01:00;73;com vítima;484,1;BR-116/BA;Norte;Tombamento;1;0;1;;;;1
27/06/2014;10:43:00;111;com vítima;605,1;BR-324/BA;Oeste;Colisão Lateral;1;3;;1;;;2
27/06/2014;10:58:00;123;sem vítima;606;BR-324/BA;Leste;Engavetamento;1;5;;;;;1
27/06/2014;07:29:00;50;sem vítima;558,2;BR-116/BA;Norte;Colisão Traseira;2;3;;;;;1
27/06/2014;06:18:00;33;sem vítima;739,2;BR-116/BA;Norte;Engavetamento;2;3;;;;;1
29/06/2014;00:10:00;1;sem vítima;463,2;BR-116/BA;Sul;Saida de Pista;1;1;;;;;1
29/06/2014;15:06:00;144;sem vítima;479;BR-116/BA;Sul;Colisão Lateral;1;4;;;;;1
30/06/2014;18:38:00;272;com vítima;5,3;BR-116/BA - ContSuFS;;Colisão Frontal;1;2;;1;;;2
30/06/2014;14:30:00;201;sem vítima;613;BR-324/BA;Leste;Colisão Lateral;1;2;;;;;1
30/06/2014;16:23:00;232;com vítima;580,2;BR-116/BA;Norte;Tombamento;1;1;1;;;;1
30/06/2014;11:30:00;144;sem vítima;651;BR-116/BA;Sul;Colisão Traseira;1;38;;;;;1
30/06/2014;17:11:00;244;com vítima;658,2;BR-116/BA;Norte;Tombamento;1;2;1;;;;1
30/06/2014;08:55:00;87;sem vítima;798;BR-116/BA;Norte;Sequência;1;4;;;;;1
30/06/2014;18:38:00;271;sem vítima;821,02;BR-116/BA;Sul;Colisão Lateral;1;2;;;;;1
01/07/2014;16:06:00;191;sem vítima;1,02;BR-116/BA - ContSuFS;;Colisão Traseira;1;2;;;;;1
01/07/2014;13:26:00;153;sem vítima;3;BR-116/BA - ContSuFS;;Colisão Traseira;1;2;;;;;1
01/07/2014;20:52:00;250;sem vítima;642,3;BR-116/BA;Norte;Saida de Pista;1;1;;;;;1
01/07/2014;05:26:00;24;sem vítima;870,4;BR-116/BA;Sul;Saida de Pista;1;2;;;;;1
02/07/2014;15:11:00;149;sem vítima;474;BR-116/BA;Sul;Colisão Traseira;2;3;;;;;1
02/07/2014;20:58:00;214;sem vítima;483,25;BR-116/BA;Sul;Colisão Traseira;2;2;;;;;1
02/07/2014;14:22:00;137;sem vítima;599;BR-324/BA;Leste;Colisão Lateral;1;3;;;;;1
03/07/2014;20:41:00;248;sem vítima;1;BA-526;Sul;Saida de Pista;1;1;;;;;1
03/07/2014;07:16:00;39;sem vítima;2,3;BR-116/BA - Cont VC;;Colisão Lateral;1;5;;;;;1
03/07/2014;14:30:00;170;sem vítima;518;BR-324/BA;Leste;Engavetamento;1;11;;;;;1
03/07/2014;05:08:00;22;sem vítima;597;BR-324/BA;Leste;Colisão Traseira;2;2;;;;;1
03/07/2014;16:46:00;199;com vítima;736;BR-116/BA;Norte;Tombamento;1;1;;;1;;2
03/07/2014;17:00:00;269;sem vítima;736;BR-116/BA;Norte;Colisão Traseira;1;2;;;;;1
03/07/2014;16:30:00;196;com vítima;761;BR-116/BA;Norte;Engavetamento;3;2;;1;;;2
04/07/2014;18:06:00;225;sem vítima;518,3;BR-324/BA;Oeste;Colisão Traseira;1;2;;;;;1
04/07/2014;12:11:00;142;sem vítima;516;BR-116/BA;Sul;Colisão Traseira;2;2;;;;;1
04/07/2014;13:00:00;154;sem vítima;625,7;BR-324/BA;Oeste;Colisão Traseira;1;4;;;;;1
04/07/2014;14:29:00;164;sem vítima;626;BR-324/BA;Leste;Sequência;1;11;;;;;1
05/07/2014;22:06:00;226;com vítima;22,8;BR-116/BA - Cont VC;;Saida de Pista;2;1;2;;;;1
05/07/2014;10:09:00;91;com vítima;523;BR-324/BA;Leste;Colisão Transversal;1;1;;1;;;2
05/07/2014;16:07:00;157;sem vítima;555;BR-324/BA;Leste;Saida de Pista;1;1;;;;;1
05/07/2014;07:25:00;47;sem vítima;562;BR-324/BA;Oeste;Saida de Pista;1;1;;;;;1
05/07/2014;14:38:00;142;sem vítima;570;BR-324/BA;Oeste;Colisão Traseira;1;2;;;;;1
05/07/2014;08:54:00;78;com vítima;573;BR-324/BA;Oeste;Engavetamento;1;8;3;1;;;2
05/07/2014;08:49:00;102;sem vítima;573;BR-324/BA;Oeste;Saida de Pista;1;2;;;;;1
05/07/2014;09:12:00;81;sem vítima;574;BR-324/BA;Oeste;Engavetamento;1;3;;;;;1
05/07/2014;07:01:00;38;sem vítima;619;BR-324/BA;Oeste;Saida de Pista;1;1;;;;;1
06/07/2014;06:41:00;52;sem vítima;466;BR-116/BA;Sul;Colisão Traseira;2;2;;;;;1
06/07/2014;21:43:00;208;sem vítima;566,4;BR-116/BA;Norte;Colisão Traseira;2;2;;;;;1
06/07/2014;11:24:00;103;com vítima;650;BR-116/BA;Sul;Colisão Traseira;1;3;3;1;;;2
06/07/2014;10:34:00;90;com vítima;678;BR-116/BA;Norte;Atropelamento de Pedestre;1;1;;;1;;2
06/07/2014;11:58:00;110;sem vítima;842,5;BR-116/BA;Sul;Engavetamento;2;7;;;;;1
06/07/2014;11:25:00;104;sem vítima;881;BR-116/BA;Norte;Colisão Traseira;1;3;;;;;1
07/07/2014;17:48:00;201;sem vítima;433;BR-116/BA;Norte;Colisão Lateral;2;7;;;;;1
07/07/2014;04:42:00;26;sem vítima;545,2;BR-324/BA;Oeste;Colisão Traseira;1;3;;;;;1
07/07/2014;18:56:00;223;com vítima;617;BR-324/BA;Oeste;Colisão Lateral;1;1;1;;;;1
07/07/2014;12:16:00;137;com vítima;546;BR-116/BA;Norte;Colisão Traseira;1;50;;;;1;3
07/07/2014;10:04:00;110;sem vítima;567;BR-116/BA;Norte;Colisão Traseira;1;3;;;;;1
07/07/2014;23:22:00;268;sem vítima;591;BR-116/BA;Sul;Saida de Pista;1;1;;;;;1
08/07/2014;05:26:00;29;com vítima;456;BR-116/BA;Sul;Colisão Lateral;2;1;;1;;;2
08/07/2014;14:33:00;162;sem vítima;564,3;BR-324/BA;Oeste;Sequência;1;1;;;;;1
08/07/2014;13:25:00;151;sem vítima;615;BR-324/BA;Oeste;Choque - Veiculo parado no acostamento;1;2;;;;;1
08/07/2014;04:30:00;23;sem vítima;670,2;BR-116/BA;Norte;Atropelamento de Animal;1;2;;;;;1
08/07/2014;02:17:00;16;sem vítima;733;BR-116/BA;Norte;Saida de Pista;1;1;;;;;1
09/07/2014;18:19:00;217;com vítima;523;BR-324/BA;Oeste;Engavetamento;1;5;1;;;;1
09/07/2014;07:35:00;45;sem vítima;563;BR-324/BA;Leste;Colisão Traseira;1;2;;;;;1
10/07/2014;16:34:00;216;com vítima;583,4;BR-116/BA;Sul;Saida de Pista;1;0;;;;1;3
10/07/2014;11:19:00;142;com vítima;771;BR-116/BA;Sul;Colisão Traseira;2;2;1;;;;1
11/07/2014;11:42:00;133;com vítima;427;BR-116/BA;Sul;Colisão Frontal;1;1;2;1;;;2
11/07/2014;14:50:00;160;sem vítima;560,3;BR-324/BA;Oeste;Colisão Lateral;1;2;;;;;1
11/07/2014;14:55:00;161;sem vítima;613;BR-324/BA;Leste;Colisão Lateral;1;5;;;;;1
11/07/2014;14:59:00;163;sem vítima;613;BR-324/BA;Leste;Colisão Lateral;1;2;;;;;1
11/07/2014;04:47:00;32;com vítima;590;BR-116/BA;Norte;Colisão Traseira;1;4;1;;;;1
11/07/2014;02:03:00;17;sem vítima;670,1;BR-116/BA;Sul;Atropelamento de Animal;1;3;;;;;1
12/07/2014;11:32:00;111;sem vítima;841,5;BR-116/BA;Norte;Colisão Transversal;1;2;;;;;1
13/07/2014;13:14:00;115;sem vítima;2;BR-116/BA - ContSuFS;;Engavetamento;1;4;;;;;1
13/07/2014;11:28:00;97;sem vítima;547;BR-324/BA;Oeste;Colisão Traseira;1;2;;;;;1
13/07/2014;18:36:00;177;sem vítima;619,3;BR-324/BA;Oeste;Saida de Pista;1;1;;;;;1
13/07/2014;09:55:00;86;sem vítima;611,5;BR-116/BA;Norte;Colisão Lateral;1;2;;;;;1
13/07/2014;15:25:00;146;sem vítima;713;BR-116/BA;Norte;Colisão Traseira;2;2;;;;;1
14/07/2014;16:55:00;186;sem vítima;8,5;BA-526;Sul;Colisão Transversal;1;3;;;;;1
14/07/2014;09:39:00;95;com vítima;559,1;BR-324/BA;Leste;Colisão Traseira;1;18;;;1;;2
14/07/2014;09:40:00;108;sem vítima;559,1;BR-324/BA;Leste;Saida de Pista;1;1;;;;;1
14/07/2014;09:26:00;86;sem vítima;559,5;BR-324/BA;Leste;Saida de Pista;1;3;;;;;1
14/07/2014;09:19:00;82;sem vítima;475;BR-116/BA;Sul;Colisão Traseira;1;3;;;;;1
14/07/2014;17:02:00;187;sem vítima;608;BR-324/BA;Leste;Colisão Lateral;1;2;;;;;1
14/07/2014;01:06:00;9;sem vítima;890;BR-116/BA;Sul;Saida de Pista;1;1;;;;;1
15/07/2014;13:28:00;129;sem vítima;439;BR-116/BA;Sul;Saida de Pista;1;1;;;;;1
15/07/2014;13:25:00;127;sem vítima;532;BR-324/BA;Oeste;Saida de Pista;3;3;;;;;1
15/07/2014;21:03:00;204;sem vítima;660;BR-116/BA;Norte;Saida de Pista;1;3;;;;;1
17/07/2014;10:10:00;108;sem vítima;592;BR-116/BA;Sul;Saida de Pista;1;1;;;;;1
17/07/2014;11:05:00;120;sem vítima;613;BR-116/BA;Sul;Engavetamento;3;3;;;;;1
18/07/2014;08:53:00;79;sem vítima;519,7;BR-324/BA;Oeste;Saida de Pista;1;2;;;;;1
18/07/2014;12:47:00;147;sem vítima;526;BR-324/BA;Oeste;Colisão Lateral;1;2;;;;;1
18/07/2014;12:26:00;141;sem vítima;547;BR-324/BA;Oeste;Colisão Traseira;1;2;;;;;1
18/07/2014;14:46:00;165;com vítima;599,2;BR-116/BA;Sul;Colisão Frontal;1;4;;1;;1;3
19/07/2014;17:42:00;194;com vítima;441,9;BR-116/BA;Sul;Tombamento;1;1;;1;;;2
19/07/2014;10:57:00;103;sem vítima;844;BR-116/BA;Norte;Colisão Traseira;2;2;;;;;1
20/07/2014;21:55:00;236;sem vítima;626,1;BR-324/BA;Oeste;Colisão Traseira;1;2;;;;;1
20/07/2014;21:05:00;230;sem vítima;644,2;BR-116/BA;Norte;Tombamento;1;2;;;;;1
21/07/2014;16:29:00;207;sem vítima;439,2;BR-116/BA;Sul;Colisão Traseira;1;2;;;;;1
21/07/2014;16:54:00;214;sem vítima;528,6;BR-324/BA;Oeste;Engavetamento;2;20;;;;;1
21/07/2014;17:59:00;234;sem vítima;553;BR-324/BA;Oeste;Saida de Pista;1;2;;;;;1
21/07/2014;10:10:00;116;sem vítima;562;BR-324/BA;Leste;Colisão Traseira;1;6;;;;;1
21/07/2014;19:41:00;260;sem vítima;574;BR-116/BA;Sul;Colisão Traseira;1;5;;;;;1
21/07/2014;12:36:00;162;sem vítima;817;BR-116/BA;Sul;Colisão Transversal;1;31;;;;;1
21/07/2014;21:22:00;281;com vítima;857;BR-116/BA;Sul;Colisão Lateral;2;0;4;1;;1;3
22/07/2014;13:42:00;164;sem vítima;563,5;BR-324/BA;Oeste;Saida de Pista;1;1;;;;;1
22/07/2014;23:53:00;283;sem vítima;910,3;BR-116/BA;Sul;Colisão Traseira;2;2;;;;;1
23/07/2014;15:32:00;190;sem vítima;620;BR-324/BA;Leste;Colisão Frontal;1;2;;;;;1
24/07/2014;16:14:00;212;sem vítima;574,6;BR-324/BA;Leste;Sequência;2;4;;;;;1
24/07/2014;16:35:00;224;sem vítima;635,5;BR-116/BA;Norte;Colisão Traseira;2;2;;;;;1
24/07/2014;06:12:00;35;sem vítima;773;BR-116/BA;Sul;Colisão Traseira;2;2;;;;;1
25/07/2014;05:14:00;31;sem vítima;0;BR-116/BA - ContSuFS;;Colisão Lateral;1;3;;;;;1
25/07/2014;15:53:00;177;sem vítima;7,1;BR-116/BA - ContSuFS;;Colisão Lateral;1;2;;;;;1
25/07/2014;13:31:00;142;com vítima;434;BR-116/BA;Norte;Choque - Defensa, barreira ou "submarino";1;1;2;;;;1
25/07/2014;15:56:00;178;sem vítima;572;BR-324/BA;Oeste;Colisão Lateral;1;2;;;;;1
25/07/2014;15:56:00;179;sem vítima;574,3;BR-324/BA;Oeste;Saida de Pista;1;1;;;;;1
25/07/2014;05:02:00;29;sem vítima;479;BR-116/BA;Sul;Tombamento;1;1;;;;;1
25/07/2014;14:54:00;160;sem vítima;580;BR-324/BA;Leste;Saida de Pista;1;1;;;;;1
25/07/2014;21:15:00;286;sem vítima;613;BR-324/BA;Leste;Choque Contra Objeto Fixo;1;3;;;;;1