data;horario;n_da_ocorrencia;tipo_de_ocorrencia;km;trecho;sentido;tipo_de_acidente;caminhao;ilesos;levemente_feridos;moderadamente_feridos;gravemente_feridos;mortos;3
17/09/2014;04:01:00;21;com vítima;615,5;BR-324/BA;Leste;Colisão Lateral;1;1;;;1;;2
17/09/2014;17:12:00;208;com vítima;591;BR-116/BA;Norte;Colisão Frontal;2;1;;;1;;2
17/09/2014;03:25:00;20;sem vítima;910,5;BR-116/BA;Sul;Colisão Traseira;2;3;;;;;1
18/09/2014;18:34:00;221;sem vítima;446,3;BR-116/BA;Sul;Colisão Traseira;2;2;;;;;1
18/09/2014;13:48:00;156;com vítima;542,3;BR-324/BA;Leste;Colisão Lateral;1;2;2;;;;1
18/09/2014;07:27:00;49;sem vítima;625,7;BR-324/BA;Leste;Engavetamento;1;5;;;;;1
18/09/2014;10:37:00;108;sem vítima;693,1;BR-116/BA;Norte;Colisão Traseira;2;2;;;;;1
18/09/2014;13:50:00;157;com vítima;885,6;BR-116/BA;Norte;Saida de Pista;1;0;1;;;;1
19/09/2014;19:22:00;276;sem vítima;561;BR-324/BA;Oeste;Colisão Traseira;1;2;;;;;1
19/09/2014;07:08:00;46;sem vítima;599;BR-324/BA;Oeste;Choque - Veiculo parado na pista;1;2;;;;;1
19/09/2014;12:35:00;151;sem vítima;614,2;BR-324/BA;Leste;Colisão Lateral;1;2;;;;;1
19/09/2014;15:13:00;182;sem vítima;555;BR-116/BA;Sul;Colisão Traseira;2;2;;;;;1
19/09/2014;09:06:00;88;sem vítima;707,4;BR-116/BA;Sul;Colisão Lateral;1;5;;;;;1
19/09/2014;10:12:00;112;sem vítima;838;BR-116/BA;Norte;Colisão Lateral;2;3;;;;;1
20/09/2014;13:59:00;163;com vítima;545,1;BR-324/BA;Oeste;Saida de Pista;1;1;;1;;;2
20/09/2014;21:48:00;264;com vítima;608,3;BR-116/BA;Norte;Colisão Frontal;2;1;1;;;1;3
20/09/2014;09:05:00;87;sem vítima;795,5;BR-116/BA;Norte;Colisão Lateral;2;3;;;;;1
20/09/2014;13:00:00;148;com vítima;925;BR-116/BA;Sul;Colisão Lateral;2;1;1;;;;1
21/09/2014;15:02:00;175;com vítima;430,5;BR-116/BA;Sul;Colisão Frontal;2;2;;;;1;3
21/09/2014;18:22:00;231;com vítima;807,3;BR-116/BA;Norte;Colisão Frontal;1;2;;;;1;3
22/09/2014;05:47:00;41;sem vítima;534;BR-324/BA;Leste;Saida de Pista;1;2;;;;;1
22/09/2014;06:45:00;59;com vítima;803,55;BR-116/BA;Sul;Colisão Traseira;1;11;1;;;;1
22/09/2014;18:06:00;286;com vítima;882,7;BR-116/BA;Sul;Saida de Pista;1;1;1;;;;1
23/09/2014;11:04:00;115;com vítima;6,1;BR-116/BA - ContSuFS;;Colisão Transversal;1;1;1;;;;1
23/09/2014;12:09:00;140;sem vítima;615,8;BR-324/BA;Leste;Colisão Lateral;1;2;;;;;1
24/09/2014;00:48:00;7;sem vítima;564;BR-324/BA;Oeste;Saida de Pista;1;1;;;;;1
25/09/2014;10:23:00;109;sem vítima;599;BR-324/BA;Oeste;Colisão Traseira;2;2;;;;;1
25/09/2014;04:40:00;19;com vítima;553,3;BR-116/BA;Norte;Colisão Traseira;1;1;3;;;;1
25/09/2014;08:44:00;77;com vítima;736;BR-116/BA;Norte;Tombamento;1;0;1;;;;1
25/09/2014;11:18:00;128;sem vítima;828,1;BR-116/BA;Norte;Tombamento;2;2;;;;;1
26/09/2014;13:58:00;168;com vítima;572;BR-324/BA;Oeste;Saida de Pista;1;1;1;;;;1
26/09/2014;17:03:00;230;sem vítima;577,1;BR-324/BA;Oeste;Colisão Traseira;1;5;;;;;1
26/09/2014;12:24:00;154;sem vítima;613;BR-324/BA;Leste;Colisão Lateral;1;6;;;;;1
26/09/2014;11:23:00;144;sem vítima;613,2;BR-324/BA;Leste;Colisão Traseira;1;4;;;;;1
26/09/2014;07:15:00;60;sem vítima;617,35;BR-324/BA;Oeste;Colisão Lateral;1;2;;;;;1
26/09/2014;18:46:00;259;sem vítima;558,6;BR-116/BA;Sul;Colisão Traseira;2;2;;;;;1
26/09/2014;09:07:00;102;sem vítima;639;BR-116/BA;Norte;Engavetamento;2;5;;;;;1
26/09/2014;17:30:00;231;com vítima;647,2;BR-116/BA;Sul;Engavetamento;2;9;1;;;;1
27/09/2014;11:54:00;118;sem vítima;0;BR-116/BA - ContSuFS;;Colisão Lateral;1;2;;;;;1
27/09/2014;08:39:00;65;sem vítima;435;BR-116/BA;Norte;Atropelamento de Animal;1;1;;;;;1
27/09/2014;11:00:00;98;sem vítima;560;BR-324/BA;Oeste;Colisão Lateral;2;2;;;;;1
27/09/2014;02:21:00;14;sem vítima;588,1;BR-324/BA;Leste;Tombamento;1;1;;;;;1
27/09/2014;14:33:00;142;com vítima;610;BR-324/BA;Leste;Saida de Pista;1;1;1;;;;1
27/09/2014;11:42:00;112;com vítima;664,5;BR-116/BA;Norte;Colisão Traseira;2;0;;2;;;2
27/09/2014;09:16:00;75;sem vítima;910;BR-116/BA;Norte;Colisão Traseira;2;2;;;;;1
28/09/2014;04:17:00;35;com vítima;428;BR-116/BA;Norte;Saida de Pista;1;0;1;;;;1
28/09/2014;18:03:00;204;com vítima;670,3;BR-116/BA;Norte;Saida de Pista;1;0;;;1;;2
29/09/2014;18:24:00;267;sem vítima;2;BR-116/BA - ContSuFS;;Colisão Traseira;1;8;;;;;1
29/09/2014;09:16:00;106;sem vítima;541;BR-324/BA;Oeste;Choque - Veiculo parado no acostamento;1;2;;;;;1
29/09/2014;09:45:00;116;sem vítima;461;BR-116/BA;Norte;Colisão Traseira;2;3;;;;;1
29/09/2014;02:25:00;40;sem vítima;575,8;BR-324/BA;Oeste;Choque - Objeto sobre a pista;1;1;;;;;1
29/09/2014;15:17:00;222;sem vítima;616,9;BR-324/BA;Leste;Colisão Traseira;1;2;;;;;1
29/09/2014;06:15:00;58;sem vítima;547;BR-116/BA;Norte;Engavetamento;1;3;;;;;1
29/09/2014;09:54:00;120;sem vítima;582;BR-116/BA;Norte;Colisão Traseira;2;2;;;;;1
29/09/2014;19:29:00;280;sem vítima;603,3;BR-116/BA;Norte;Colisão Traseira;2;2;;;;;1
29/09/2014;13:51:00;197;com vítima;633,6;BR-116/BA;Sul;Colisão Lateral;1;1;2;;;;1
30/09/2014;16:54:00;218;sem vítima;580;BR-324/BA;Oeste;Colisão Lateral;1;3;;;;;1
30/09/2014;15:56:00;198;sem vítima;607;BR-324/BA;Leste;Colisão Lateral;1;2;;;;;1
30/09/2014;17:15:00;225;sem vítima;521,3;BR-116/BA;Norte;Engavetamento;1;10;;;;;1
30/09/2014;12:38:00;153;sem vítima;647,7;BR-116/BA;Sul;Colisão Traseira;2;2;;;;;1
30/09/2014;17:44:00;235;sem vítima;742,5;BR-116/BA;Norte;Tombamento;1;2;;;;;1
01/10/2014;07:09:00;37;com vítima;17,3;BR-116/BA - Cont VC;;Colisão Traseira;1;1;;1;;;2
01/10/2014;09:02:00;70;sem vítima;642,8;BR-116/BA;Sul;Colisão Lateral;3;44;;;;;1
01/10/2014;14:51:00;155;com vítima;654,3;BR-116/BA;Norte;Tombamento;1;0;;;;1;3
02/10/2014;16:10:00;170;sem vítima;523,1;BR-324/BA;Leste;Tombamento;1;1;;;;;1
02/10/2014;12:40:00;130;sem vítima;566;BR-324/BA;Leste;Saida de Pista;1;1;;;;;1
02/10/2014;05:52:00;24;com vítima;580,1;BR-324/BA;Leste;Saida de Pista;1;0;;1;;;2
02/10/2014;07:30:00;44;sem vítima;553,8;BR-116/BA;Norte;Colisão Traseira;1;2;;;;;1
02/10/2014;12:55:00;133;sem vítima;873,3;BR-116/BA;Norte;Colisão Traseira;1;26;;;;;1
02/10/2014;14:39:00;152;sem vítima;909,4;BR-116/BA;Norte;Colisão Lateral;1;2;;;;;1
03/10/2014;08:53:00;66;sem vítima;547,9;BR-324/BA;Oeste;Colisão Traseira;2;2;;;;;1
03/10/2014;16:15:00;183;sem vítima;557;BR-324/BA;Oeste;Engavetamento;1;10;;;;;1
03/10/2014;12:00:00;125;com vítima;561;BR-324/BA;Oeste;Choque - Veiculo parado no acostamento;1;2;;;;1;3
03/10/2014;13:05:00;142;com vítima;561,8;BR-324/BA;Oeste;Saida de Pista;1;0;1;;;;1
03/10/2014;17:15:00;210;sem vítima;565;BR-324/BA;Oeste;Colisão Traseira;2;2;;;;;1
03/10/2014;20:39:00;253;sem vítima;571;BR-324/BA;Oeste;Saida de Pista;1;2;;;;;1
03/10/2014;10:55:00;106;com vítima;644;BR-116/BA;Sul;Engavetamento;6;6;;1;;;2
03/10/2014;08:22:00;61;sem vítima;651,7;BR-116/BA;Norte;Colisão Traseira;1;17;;;;;1
03/10/2014;07:07:00;37;com vítima;791;BR-116/BA;Sul;Colisão Frontal;1;1;;1;;2;3
04/10/2014;11:26:00;109;com vítima;563,1;BR-324/BA;Oeste;Saida de Pista;1;3;;;;1;3
04/10/2014;10:10:00;90;sem vítima;566;BR-324/BA;Oeste;Colisão Lateral;2;6;;;;;1
04/10/2014;07:45:00;51;sem vítima;574,2;BR-324/BA;Oeste;Colisão Traseira;1;3;;;;;1
04/10/2014;22:51:00;273;sem vítima;556,1;BR-116/BA;Norte;Engavetamento;3;3;;;;;1
04/10/2014;01:08:00;8;com vítima;596,5;BR-116/BA;Sul;Tombamento;1;0;1;;;;1
04/10/2014;02:11:00;13;com vítima;627,3;BR-116/BA;Sul;Colisão Traseira;1;1;1;;;;1
04/10/2014;13:25:00;136;com vítima;795,2;BR-116/BA;Sul;Colisão Lateral;1;0;1;;;;1
04/10/2014;06:07:00;34;com vítima;795,5;BR-116/BA;Sul;Tombamento;1;1;1;;;;1
04/10/2014;23:47:00;285;com vítima;836,6;BR-116/BA;Norte;Colisão Traseira;2;1;1;;;;1
05/10/2014;08:09:00;57;com vítima;836;BR-116/BA;Norte;Engavetamento;2;2;1;1;;;2
05/10/2014;16:57:00;151;sem vítima;925,5;BR-116/BA;Norte;Colisão Traseira;1;2;;;;;1
06/10/2014;18:21:00;255;sem vítima;542,1;BR-324/BA;Oeste;Colisão Traseira;1;2;;;;;1
06/10/2014;16:53:00;227;sem vítima;566,2;BR-324/BA;Leste;Engavetamento;1;41;;;;;1
06/10/2014;12:49:00;163;sem vítima;613,2;BR-324/BA;Oeste;Colisão Traseira;2;2;;;;;1
06/10/2014;09:59:00;118;sem vítima;910;BR-116/BA;Norte;Colisão Traseira;2;4;;;;;1
07/10/2014;14:10:00;180;sem vítima;616;BR-324/BA;Leste;Colisão Lateral;1;2;;;;;1
07/10/2014;11:52:00;145;sem vítima;640;BR-116/BA;Norte;Colisão Traseira;1;2;;;;;1
08/10/2014;09:16:00;77;sem vítima;551,2;BR-324/BA;Oeste;Colisão Transversal;1;2;;;;;1
08/10/2014;06:19:00;25;sem vítima;615;BR-324/BA;Leste;Choque - Outros;1;2;;;;;1
08/10/2014;22:38:00;264;sem vítima;565,8;BR-116/BA;Sul;Colisão Traseira;2;2;;;;;1
09/10/2014;13:03:00;141;sem vítima;461,8;BR-116/BA;Norte;Engavetamento;3;3;;;;;1
09/10/2014;04:48:00;25;sem vítima;564,8;BR-324/BA;Oeste;Tombamento;1;2;;;;;1
09/10/2014;15:22:00;170;sem vítima;601;BR-324/BA;Leste;Colisão Lateral;1;2;;;;;1
09/10/2014;09:23:00;90;sem vítima;610,9;BR-324/BA;Oeste;Colisão Traseira;1;7;;;;;1
10/10/2014;06:58:00;42;sem vítima;1,1;BR-116/BA - ContSuFS;;Colisão Traseira;1;16;;;;;1
10/10/2014;06:39:00;37;sem vítima;1,5;BR-116/BA - ContSuFS;;Colisão Transversal;1;2;;;;;1
10/10/2014;19:02:00;262;sem vítima;518,1;BR-324/BA;Oeste;Colisão Lateral;1;2;;;;;1
10/10/2014;08:44:00;71;com vítima;543,1;BR-324/BA;Oeste;Colisão Lateral;1;1;;;;1;3
10/10/2014;04:00:00;18;com vítima;521,2;BR-116/BA;Norte;Tombamento;1;0;1;;;;1
10/10/2014;11:21:00;120;sem vítima;616,4;BR-324/BA;Oeste;Colisão Lateral;1;2;;;;;1
11/10/2014;09:01:00;80;sem vítima;556;BR-324/BA;Oeste;Colisão Lateral;1;6;;;;;1
11/10/2014;14:35:00;156;com vítima;594;BR-324/BA;Oeste;Atropelamento de Pedestre;1;1;;;1;;2
11/10/2014;10:06:00;98;sem vítima;610;BR-324/BA;Oeste;Colisão Traseira;1;3;;;;;1
11/10/2014;11:35:00;129;sem vítima;614;BR-324/BA;Leste;Tombamento;1;1;;;;;1
11/10/2014;10:54:00;110;sem vítima;698;BR-116/BA;Norte;Choque - Veiculo parado na pista;2;2;;;;;1
11/10/2014;03:43:00;21;com vítima;851,1;BR-116/BA;Sul;Colisão Frontal;1;1;;1;;1;3
12/10/2014;16:43:00;167;sem vítima;441,1;BR-116/BA;Sul;Saida de Pista;1;1;;;;;1
12/10/2014;11:36:00;106;sem vítima;547,2;BR-116/BA;Norte;Colisão Traseira;2;2;;;;;1
12/10/2014;08:24:00;51;sem vítima;859,2;BR-116/BA;Norte;Colisão Lateral;2;2;;;;;1
13/10/2014;13:10:00;151;sem vítima;611,9;BR-324/BA;Oeste;Colisão Traseira;1;2;;;;;1
13/10/2014;05:32:00;30;sem vítima;614,1;BR-324/BA;Leste;Colisão Lateral;1;3;;;;;1
13/10/2014;17:48:00;227;sem vítima;545;BR-116/BA;Norte;Colisão Traseira;1;2;;;;;1
13/10/2014;11:05:00;117;sem vítima;843,2;BR-116/BA;Sul;Colisão Traseira;1;2;;;;;1
14/10/2014;17:49:00;191;sem vítima;618,2;BR-116/BA;Sul;Engavetamento;3;6;;;;;1
14/10/2014;10:10:00;95;com vítima;896;BR-116/BA;Sul;Colisão Traseira;1;19;1;;;;1
15/10/2014;10:59:00;133;sem vítima;614,8;BR-324/BA;Oeste;Colisão Lateral;1;2;;;;;1
15/10/2014;18:15:00;244;com vítima;594;BR-116/BA;Norte;Tombamento;1;0;;2;;;2
16/10/2014;08:47:00;96;sem vítima;0,6;BR-116/BA - ContSuFS;;Engavetamento;1;5;;;;;1
16/10/2014;15:24:00;194;sem vítima;518,2;BR-324/BA;Oeste;Colisão Traseira;1;2;;;;;1
16/10/2014;03:30:00;17;com vítima;504,1;BR-116/BA;Sul;Saida de Pista;1;3;1;;;;1
16/10/2014;16:05:00;208;sem vítima;518;BR-116/BA;Norte;Colisão Traseira;2;2;;;;;1
17/10/2014;00:51:00;3;sem vítima;544,05;BR-324/BA;Leste;Saida de Pista;1;1;;;;;1
17/10/2014;18:02:00;251;sem vítima;607;BR-324/BA;Oeste;Colisão Lateral;2;2;;;;;1
17/10/2014;11:50:00;143;com vítima;539;BR-116/BA;Sul;Colisão Lateral;1;1;;1;;;2
18/10/2014;15:45:00;161;sem vítima;542;BR-324/BA;Oeste;Colisão Traseira;1;2;;;;;1
18/10/2014;12:09:00;116;sem vítima;600;BR-116/BA;Norte;Saida de Pista;1;1;;;;;1
18/10/2014;18:27:00;209;sem vítima;657,1;BR-116/BA;Sul;Colisão Transversal;3;47;;;;;1
18/10/2014;17:41:00;199;sem vítima;837,2;BR-116/BA;Norte;Engavetamento;1;8;;;;;1
19/10/2014;15:15:00;160;com vítima;510;BR-116/BA;Norte;Saida de Pista;1;0;1;;;;1
19/10/2014;09:16:00;78;sem vítima;801;BR-116/BA;Sul;Colisão Lateral;1;2;;;;;1
19/10/2014;07:39:00;39;sem vítima;835,2;BR-116/BA;Sul;Colisão Lateral;1;2;;;;;1
20/10/2014;07:12:00;47;sem vítima;2,2;BR-116/BA - Cont VC;;Colisão Lateral;1;2;;;;;1
20/10/2014;11:42:00;134;sem vítima;894,02;BR-116/BA;Sul;Colisão Traseira;1;4;;;;;1
21/10/2014;05:26:00;17;com vítima;482;BR-116/BA;Norte;Colisão Traseira;2;2;1;;;;1
21/10/2014;22:33:00;280;sem vítima;601;BR-116/BA;Norte;Tombamento;1;1;;;;;1
22/10/2014;17:04:00;214;sem vítima;1,5;BR-116/BA - Cont VC;;Colisão Lateral;1;5;;;;;1
22/10/2014;21:42:00;253;sem vítima;539,5;BR-324/BA;Oeste;Colisão Lateral;1;2;;;;;1
22/10/2014;12:47:00;149;sem vítima;541,2;BR-324/BA;Leste;Colisão Lateral;1;2;;;;;1
22/10/2014;11:49:00;137;sem vítima;608,3;BR-324/BA;Oeste;Colisão Lateral;1;2;;;;;1
22/10/2014;11:48:00;136;sem vítima;615,2;BR-324/BA;Leste;Colisão Lateral;1;3;;;;;1
22/10/2014;14:48:00;182;sem vítima;617,3;BR-324/BA;Leste;Colisão Transversal;1;2;;;;;1
23/10/2014;07:58:00;60;sem vítima;427,55;BR-116/BA;Sul;Colisão Lateral;1;2;;;;;1
23/10/2014;07:41:00;53;com vítima;858;BR-116/BA;Sul;Colisão Transversal;1;1;;1;;;2
24/10/2014;08:47:00;80;sem vítima;1,4;BR-116/BA - ContSuFS;;Colisão Lateral;1;2;;;;;1
24/10/2014;08:18:00;73;sem vítima;551,3;BR-324/BA;Leste;Choque - Veiculo parado na pista;2;3;;;;;1
24/10/2014;14:00:00;166;sem vítima;635,1;BR-116/BA;Sul;Colisão Traseira;2;2;;;;;1
24/10/2014;19:10:00;245;sem vítima;715,1;BR-116/BA;Norte;Saida de Pista;1;1;;;;;1
25/10/2014;17:07:00;235;sem vítima;541;BR-324/BA;Oeste;Colisão Traseira;1;2;;;;;1
25/10/2014;12:32:00;147;sem vítima;562;BR-324/BA;Oeste;Saida de Pista;1;2;;;;;1
25/10/2014;16:32:00;225;com vítima;478;BR-116/BA;Norte;Colisão Frontal;1;1;;1;;;2
25/10/2014;14:11:00;178;com vítima;611,5;BR-324/BA;Oeste;Colisão Traseira;1;1;;;1;;2
25/10/2014;13:31:00;159;sem vítima;622,1;BR-324/BA;Leste;Colisão Lateral;1;4;;;;;1
25/10/2014;09:46:00;98;sem vítima;817;BR-116/BA;Norte;Engavetamento;3;3;;;;;1
26/10/2014;20:57:00;234;sem vítima;14,5;BR-116/BA - Cont VC;;Colisão Traseira;1;3;;;;;1
26/10/2014;16:15:00;154;sem vítima;602,3;BR-116/BA;Norte;Tombamento;1;1;;;;;1
26/10/2014;10:09:00;61;com vítima;621,6;BR-116/BA;Norte;Saida de Pista;1;2;1;;;;1
27/10/2014;06:26:00;35;sem vítima;0,8;BR-116/BA - ContSuFS;;Colisão Lateral;1;2;;;;;1
27/10/2014;12:48:00;156;com vítima;8;BA-526;Norte;Colisão Frontal;1;1;;;1;;2
27/10/2014;07:23:00;50;sem vítima;427;BR-116/BA;Norte;Colisão Traseira;1;3;;;;;1
27/10/2014;13:47:00;168;sem vítima;522;BR-324/BA;Leste;Colisão Traseira;1;2;;;;;1
27/10/2014;07:44:00;59;sem vítima;452,8;BR-116/BA;Sul;Colisão Transversal;2;2;;;;;1
27/10/2014;14:55:00;183;com vítima;669,3;BR-116/BA;Sul;Atropelamento de Animal;1;1;;;1;;2
27/10/2014;13:29:00;162;sem vítima;900;BR-116/BA;Sul;Saida de Pista;1;1;;;;;1
28/10/2014;13:49:00;200;sem vítima;531,2;BR-324/BA;Oeste;Colisão Traseira;2;2;;;;;1
28/10/2014;16:50:00;236;sem vítima;570,2;BR-324/BA;Leste;Colisão Lateral;2;2;;;;;1
28/10/2014;11:52:00;166;sem vítima;613;BR-324/BA;Oeste;Colisão Traseira;1;2;;;;;1
28/10/2014;08:35:00;74;sem vítima;569,2;BR-116/BA;Sul;Tombamento;1;1;;;;;1
28/10/2014;22:30:00;316;sem vítima;608,1;BR-116/BA;Sul;Choque - Veiculo parado na pista;2;2;;;;;1
28/10/2014;22:49:00;320;com vítima;919,8;BR-116/BA;Norte;Choque - Talude;1;0;;1;;;2
29/10/2014;08:37:00;54;sem vítima;1,8;BR-116/BA - ContSuFS;;Colisão Lateral;1;3;;;;;1
29/10/2014;15:01:00;175;com vítima;610,8;BR-324/BA;Oeste;Colisão Traseira;2;1;;1;;;2
29/10/2014;20:24:00;247;sem vítima;773;BR-116/BA;Sul;Colisão Lateral;1;2;;;;;1
29/10/2014;10:29:00;85;com vítima;784,8;BR-116/BA;Norte;Saida de Pista;1;2;2;;;;1
29/10/2014;23:39:00;272;sem vítima;919;BR-116/BA;Sul;Tombamento;1;1;;;;;1
30/10/2014;07:52:00;53;com vítima;436;BR-116/BA;Sul;Saida de Pista;1;1;1;;;;1
30/10/2014;14:49:00;154;sem vítima;542,1;BR-324/BA;Oeste;Colisão Lateral;1;10;;;;;1
30/10/2014;16:49:00;184;com vítima;500,05;BR-116/BA;Norte;Colisão Transversal;1;1;;;;1;3
30/10/2014;06:06:00;22;sem vítima;719;BR-116/BA;Sul;Tombamento;1;1;;;;;1
30/10/2014;04:46:00;15;com vítima;767,8;BR-116/BA;Sul;Colisão Traseira;2;1;;1;;;2
31/10/2014;18:28:00;252;sem vítima;550;BR-324/BA;Leste;Colisão Lateral;1;2;;;;;1
31/10/2014;20:09:00;273;sem vítima;462;BR-116/BA;Sul;Colisão Traseira;1;2;;;;;1
31/10/2014;09:00:00;77;sem vítima;581;BR-116/BA;Sul;Saida de Pista;1;1;;;;;1
01/11/2014;19:14:00;228;com vítima;578,15;BR-116/BA;Sul;Queda de Moto;1;1;;1;;;2
01/11/2014;16:49:00;194;sem vítima;710;BR-116/BA;Norte;Colisão Lateral;1;4;;;;;1
02/11/2014;10:53:00;100;com vítima;613;BR-116/BA;Sul;Engavetamento;5;3;2;;;;1
02/11/2014;00:23:00;5;sem vítima;657,3;BR-116/BA;Norte;Tombamento;1;1;;;;;1
02/11/2014;18:29:00;196;sem vítima;853,2;BR-116/BA;Norte;Colisão Lateral;1;6;;;;;1
02/11/2014;03:06:00;17;sem vítima;910,5;BR-116/BA;Sul;Atropelamento de Animal;1;1;;;;;1
02/11/2014;01:26:00;10;sem vítima;915,5;BR-116/BA;Norte;Tombamento;1;1;;;;;1
03/11/2014;15:25:00;180;sem vítima;602,3;BR-324/BA;Leste;Colisão Traseira;1;3;;;;;1
03/11/2014;05:54:00;23;com vítima;595,3;BR-116/BA;Sul;Saida de Pista;1;0;2;;;;1
03/11/2014;10:52:00;109;sem vítima;718,2;BR-116/BA;Sul;Tombamento;1;1;;;;;1
03/11/2014;07:11:00;42;sem vítima;785,3;BR-116/BA;Sul;Saida de Pista;1;1;;;;;1
04/11/2014;13:48:00;178;sem vítima;522,6;BR-324/BA;Leste;Colisão Traseira;1;2;;;;;1
04/11/2014;14:02:00;179;sem vítima;611;BR-324/BA;Leste;Colisão Traseira;1;2;;;;;1
04/11/2014;15:48:00;201;sem vítima;611,05;BR-324/BA;Leste;Colisão Lateral;1;3;;;;;1
04/11/2014;07:43:00;75;com vítima;702;BR-116/BA;Sul;Saida de Pista;1;0;;;;1;3
04/11/2014;17:07:00;217;com vítima;742;BR-116/BA;Sul;Saida de Pista;1;0;;1;;;2
04/11/2014;17:27:00;225;com vítima;755,8;BR-116/BA;Sul;Saida de Pista;1;0;1;;;;1
05/11/2014;17:48:00;220;com vítima;450,2;BR-116/BA;Norte;Colisão Frontal;1;1;;2;;1;3
05/11/2014;06:21:00;34;sem vítima;541;BR-324/BA;Leste;Saida de Pista;1;3;;;;;1
05/11/2014;17:21:00;215;sem vítima;828,15;BR-116/BA;Norte;Colisão Lateral;1;2;;;;;1
06/11/2014;07:33:00;42;sem vítima;2,3;BR-116/BA - ContSuFS;;Saida de Pista;1;1;;;;;1
06/11/2014;23:25:00;253;com vítima;9,5;BR-116/BA - Cont VC;;Colisão Lateral;1;1;;1;;;2
06/11/2014;18:38:00;200;sem vítima;518;BR-324/BA;Oeste;Colisão Lateral;1;2;;;;;1
06/11/2014;19:10:00;210;sem vítima;518;BR-324/BA;Oeste;Colisão Lateral;1;2;;;;;1
06/11/2014;13:59:00;145;sem vítima;527;BR-324/BA;Oeste;Tombamento;1;1;;;;;1
06/11/2014;03:06:00;12;sem vítima;736,2;BR-116/BA;Norte;Tombamento;1;1;;;;;1
06/11/2014;05:59:00;22;sem vítima;791;BR-116/BA;Sul;Colisão Traseira;2;2;;;;;1
06/11/2014;12:13:00;124;sem vítima;929;BR-116/BA;Norte;Colisão Lateral;1;51;;;;;1
07/11/2014;13:58:00;153;sem vítima;538,3;BR-324/BA;Oeste;Engavetamento;1;5;;;;;1
07/11/2014;03:33:00;16;sem vítima;549,5;BR-324/BA;Leste;Capotamento;1;2;;;;;1
07/11/2014;15:14:00;173;sem vítima;459;BR-116/BA;Norte;Colisão Transversal;2;2;;;;;1
07/11/2014;16:53:00;191;sem vítima;592,3;BR-324/BA;Oeste;Colisão Lateral;1;2;;;;;1
07/11/2014;15:40:00;187;com vítima;665,2;BR-116/BA;Norte;Colisão Traseira;2;1;1;;;;1
07/11/2014;15:40:00;179;com vítima;665,3;BR-116/BA;Norte;Saida de Pista;1;0;;;;1;3
07/11/2014;18:14:00;216;sem vítima;777,3;BR-116/BA;Sul;Colisão Traseira;2;2;;;;;1
07/11/2014;16:56:00;193;sem vítima;814;BR-116/BA;Norte;Colisão Transversal;1;2;;;;;1
08/11/2014;15:50:00;159;sem vítima;6;BR-116/BA - Cont VC;;Colisão Transversal;1;2;;;;;1
08/11/2014;14:00:00;137;com vítima;527;BR-116/BA;Norte;Colisão Traseira;2;2;1;;;;1
08/11/2014;23:48:00;245;com vítima;853,6;BR-116/BA;Sul;Engavetamento;3;2;;;;1;3
08/11/2014;15:17:00;149;com vítima;863,7;BR-116/BA;Norte;Colisão Frontal;2;0;;;;5;3
08/11/2014;06:28:00;33;sem vítima;896;BR-116/BA;Norte;Colisão Lateral;2;2;;;;;1
09/11/2014;01:25:00;7;sem vítima;584,8;BR-116/BA;Sul;Tombamento;1;2;;;;;1
09/11/2014;01:25:00;254;com vítima;584,8;BR-116/BA;Sul;Tombamento;1;0;;;1;1;3
09/11/2014;18:33:00;182;sem vítima;755,2;BR-116/BA;Norte;Atropelamento de Animal;1;2;;;;;1
10/11/2014;16:01:00;196;sem vítima;1,1;BR-116/BA - ContSuFS;;Colisão Lateral;1;2;;;;;1
10/11/2014;10:37:00;102;sem vítima;7;BR-116/BA - ContSuFS;;Colisão Lateral;2;2;;;;;1
10/11/2014;14:17:00;159;sem vítima;537;BR-324/BA;Leste;Colisão Lateral;2;2;;;;;1
10/11/2014;01:04:00;5;sem vítima;471,8;BR-116/BA;Sul;Atropelamento de Animal;1;1;;;;;1
10/11/2014;01:04:00;4;sem vítima;472,5;BR-116/BA;Norte;Atropelamento de Animal;1;1;;;;;1
10/11/2014;13:34:00;145;sem vítima;601;BR-324/BA;Oeste;Colisão Traseira;1;2;;;;;1
10/11/2014;08:48:00;72;com vítima;832;BR-116/BA;Sul;Engavetamento;1;8;5;1;;;2
11/11/2014;13:49:00;142;sem vítima;606,5;BR-324/BA;Oeste;Colisão Traseira;1;2;;;;;1
12/11/2014;09:47:00;107;sem vítima;618;BR-324/BA;Leste;Colisão Traseira;1;7;;;;;1
12/11/2014;23:35:00;287;sem vítima;684;BR-116/BA;Norte;Tombamento;1;1;;;;;1
13/11/2014;08:07:00;66;sem vítima;484,2;BR-116/BA;Sul;Colisão Traseira;2;3;;;;;1
14/11/2014;22:22:00;283;sem vítima;16,5;BR-116/BA - Cont VC;;Colisão Lateral;1;2;;;;;1
14/11/2014;11:59:00;136;sem vítima;540;BR-324/BA;Oeste;Colisão Traseira;1;5;;;;;1
14/11/2014;21:26:00;273;com vítima;466;BR-116/BA;Sul;Colisão Traseira;1;37;11;2;1;;2
14/11/2014;11:34:00;124;sem vítima;611;BR-324/BA;Oeste;Colisão Lateral;3;3;;;;;1
14/11/2014;10:27:00;98;com vítima;592;BR-116/BA;Sul;Colisão Lateral;1;0;3;;;;1
14/11/2014;15:45:00;190;com vítima;671;BR-116/BA;Sul;Colisão Frontal;1;2;;;1;;2