data;horario;n_da_ocorrencia;tipo_de_ocorrencia;km;trecho;sentido;tipo_de_acidente;caminhao;ilesos;levemente_feridos;moderadamente_feridos;gravemente_feridos;mortos;3
14/11/2014;11:10:00;112;sem vítima;912;BR-116/BA;Sul;Colisão Lateral;2;2;;;;;1
15/11/2014;15:00:00;176;sem vítima;521,5;BR-324/BA;Oeste;Colisão Transversal;1;3;;;;;1
15/11/2014;12:07:00;140;com vítima;474,4;BR-116/BA;Norte;Saida de Pista;1;5;1;;;1;3
15/11/2014;06:07:00;27;com vítima;591,3;BR-116/BA;Norte;Tombamento;1;0;;1;;;2
15/11/2014;18:38:00;239;com vítima;736;BR-116/BA;Norte;Tombamento;1;0;2;;;;1
16/11/2014;16:18:00;165;com vítima;789;BR-116/BA;Sul;Colisão Traseira;1;3;1;;;;1
16/11/2014;15:35:00;143;sem vítima;837,8;BR-116/BA;Norte;Choque - Veiculo parado na pista;2;3;;;;;1
17/11/2014;19:10:00;237;sem vítima;555,5;BR-324/BA;Leste;Saida de Pista;1;2;;;;;1
17/11/2014;05:32:00;23;sem vítima;595,2;BR-324/BA;Leste;Colisão Traseira;1;2;;;;;1
17/11/2014;08:59:00;79;sem vítima;599,2;BR-324/BA;Oeste;Colisão Traseira;1;2;;;;;1
17/11/2014;06:05:00;28;sem vítima;538,5;BR-116/BA;Norte;Engavetamento;3;3;;;;;1
17/11/2014;09:23:00;89;sem vítima;839,3;BR-116/BA;Norte;Engavetamento;2;3;;;;;1
18/11/2014;09:14:00;52;sem vítima;591,1;BR-324/BA;Oeste;Colisão Traseira;1;2;;;;;1
18/11/2014;08:52:00;46;sem vítima;616,3;BR-324/BA;Leste;Colisão Traseira;1;2;;;;;1
18/11/2014;11:26:00;95;sem vítima;547;BR-116/BA;Norte;Saida de Pista;1;1;;;;;1
18/11/2014;14:49:00;146;sem vítima;766,9;BR-116/BA;Sul;Engavetamento;3;6;;;;;1
19/11/2014;17:27:00;195;sem vítima;5;BR-116/BA - ContSuFS;;Colisão Lateral;1;2;;;;;1
19/11/2014;20:21:00;240;sem vítima;567,2;BR-324/BA;Oeste;Tombamento;1;1;;;;;1
20/11/2014;19:17:00;234;sem vítima;543,2;BR-324/BA;Oeste;Colisão Lateral;1;2;;;;;1
20/11/2014;09:47:00;81;sem vítima;562,9;BR-324/BA;Oeste;Saida de Pista;1;1;;;;;1
20/11/2014;18:06:00;218;sem vítima;564;BR-324/BA;Oeste;Saida de Pista;1;1;;;;;1
20/11/2014;05:22:00;21;sem vítima;462,1;BR-116/BA;Norte;Colisão Traseira;1;2;;;;;1
20/11/2014;04:37:00;15;sem vítima;587;BR-324/BA;Oeste;Saida de Pista;1;1;;;;;1
20/11/2014;18:24:00;224;com vítima;517;BR-116/BA;Norte;Colisão Transversal;1;1;;1;;;2
20/11/2014;11:42:00;120;sem vítima;609,7;BR-324/BA;Oeste;Colisão Traseira;1;2;;;;;1
20/11/2014;22:05:00;257;sem vítima;859,3;BR-116/BA;Norte;Colisão Traseira;2;2;;;;;1
20/11/2014;07:55:00;48;com vítima;930,1;BR-116/BA;Norte;Colisão Lateral;2;1;1;;;;1
21/11/2014;08:22:00;61;sem vítima;551;BR-324/BA;Oeste;Colisão Traseira;2;2;;;;;1
21/11/2014;10:48:00;108;sem vítima;556;BR-324/BA;Leste;Saida de Pista;1;1;;;;;1
21/11/2014;08:13:00;59;sem vítima;561,05;BR-324/BA;Leste;Colisão Lateral;1;4;;;;;1
21/11/2014;16:37:00;198;sem vítima;622;BR-324/BA;Oeste;Colisão Traseira;1;2;;;;;1
21/11/2014;15:44:00;184;com vítima;622,1;BR-324/BA;Leste;Tombamento;1;1;;2;;;2
21/11/2014;00:19:00;1;com vítima;531;BR-116/BA;Sul;Saida de Pista;1;0;1;;;;1
21/11/2014;09:16:00;76;com vítima;621,2;BR-116/BA;Sul;Engavetamento;3;2;1;1;;;2
21/11/2014;15:08:00;171;sem vítima;846,3;BR-116/BA;Norte;Engavetamento;1;7;;;;;1
22/11/2014;13:47:00;149;sem vítima;2,4;BR-116/BA - ContSuFS;;Saida de Pista;1;1;;;;;1
22/11/2014;23:58:00;264;sem vítima;685;BR-116/BA;Sul;Saida de Pista;1;1;;;;;1
22/11/2014;19:32:00;226;com vítima;778;BR-116/BA;Norte;Atropelamento de Pedestre;1;1;;1;;;2
23/11/2014;22:11:00;224;sem vítima;3,5;BR-116/BA - ContSuFS;;Colisão Traseira;1;2;;;;;1
23/11/2014;10:12:00;78;sem vítima;445,95;BR-116/BA;Sul;Colisão Traseira;1;5;;;;;1
23/11/2014;16:59:00;155;sem vítima;448,5;BR-116/BA;Sul;Colisão Traseira;1;2;;;;;1
23/11/2014;22:40:00;231;com vítima;651,1;BR-116/BA;Norte;Engavetamento;3;2;;1;;1;3
23/11/2014;06:57:00;38;sem vítima;730;BR-116/BA;Norte;Colisão Lateral;2;2;;;;;1
24/11/2014;10:42:00;123;sem vítima;426,2;BR-116/BA;Sul;Colisão Transversal;1;2;;;;;1
24/11/2014;11:13:00;128;sem vítima;609;BR-324/BA;Oeste;Engavetamento;3;19;;;;;1
24/11/2014;09:02:00;90;com vítima;613,6;BR-324/BA;Oeste;Saida de Pista;1;1;;1;1;1;3
26/11/2014;07:28:00;36;sem vítima;521;BR-324/BA;Oeste;Colisão Lateral;2;2;;;;;1
26/11/2014;13:41:00;136;sem vítima;547;BR-324/BA;Oeste;Colisão Traseira;2;2;;;;;1
26/11/2014;08:59:00;68;com vítima;603;BR-324/BA;Oeste;Queda de Moto;1;1;1;;;;1
26/11/2014;16:15:00;178;sem vítima;607,2;BR-324/BA;Leste;Colisão Traseira;1;2;;;;;1
26/11/2014;11:53:00;110;sem vítima;679;BR-116/BA;Sul;Colisão Lateral;2;2;;;;;1
27/11/2014;14:02:00;154;sem vítima;534,2;BR-324/BA;Oeste;Colisão Traseira;2;2;;;;;1
27/11/2014;01:08:00;4;sem vítima;570,3;BR-116/BA;Sul;Engavetamento;3;4;;;;;1
27/11/2014;02:23:00;8;sem vítima;852;BR-116/BA;Sul;Saida de Pista;1;1;;;;;1
28/11/2014;18:54:00;242;sem vítima;1;BR-116/BA - ContSuFS;;Colisão Traseira;1;2;;;;;1
28/11/2014;22:22:00;284;sem vítima;617;BR-324/BA;Oeste;Colisão Lateral;1;2;;;;;1
28/11/2014;21:42:00;280;sem vítima;619;BR-324/BA;Oeste;Colisão Lateral;1;2;;;;;1
29/11/2014;18:10:00;222;sem vítima;431,15;BR-116/BA;Norte;Colisão Traseira;1;2;;;;;1
29/11/2014;12:37:00;133;sem vítima;510,6;BR-116/BA;Sul;Saida de Pista;1;1;;;;;1
29/11/2014;11:02:00;109;sem vítima;625;BR-324/BA;Leste;Engavetamento;1;6;;;;;1
29/11/2014;07:45:00;61;sem vítima;611,2;BR-116/BA;Sul;Colisão Frontal;2;2;;;;;1
29/11/2014;15:53:00;182;sem vítima;873,2;BR-116/BA;Norte;Colisão Traseira;2;2;;;;;1
01/12/2014;23:31:00;302;sem vítima;615;BR-116/BA;Sul;Colisão Traseira;1;33;;;;;1
01/12/2014;11:16:00;134;com vítima;813,6;BR-116/BA;Sul;Colisão Traseira;2;1;1;;;;1
01/12/2014;15:10:00;183;com vítima;817,2;BR-116/BA;Norte;Engavetamento;2;7;1;;;;1
02/12/2014;15:09:00;170;sem vítima;535;BR-324/BA;Oeste;Colisão Lateral;1;2;;;;;1
02/12/2014;18:29:00;210;sem vítima;599,4;BR-324/BA;Leste;Colisão Lateral;1;2;;;;;1
02/12/2014;18:22:00;209;sem vítima;605;BR-324/BA;Leste;Colisão Lateral;1;2;;;;;1
02/12/2014;16:49:00;189;sem vítima;606,5;BR-324/BA;Leste;Colisão Lateral;1;5;;;;;1
02/12/2014;07:00:00;39;sem vítima;609;BR-324/BA;Oeste;Colisão Traseira;1;2;;;;;1
02/12/2014;00:20:00;2;sem vítima;615;BR-116/BA;Sul;Colisão Frontal;1;33;;;;;1
02/12/2014;17:57:00;202;sem vítima;633,4;BR-116/BA;Norte;Colisão Lateral;1;3;;;;;1
02/12/2014;10:52:00;117;sem vítima;869,5;BR-116/BA;Norte;Colisão Traseira;2;2;;;;;1
03/12/2014;07:39:00;53;sem vítima;2,2;BR-116/BA - ContSuFS;Sul;Colisão Traseira;1;4;;;;;1
03/12/2014;11:37:00;137;sem vítima;428,1;BR-116/BA;Norte;Colisão Traseira;1;4;;;;;1
03/12/2014;18:13:00;225;sem vítima;581;BR-116/BA;Sul;Saida de Pista;1;2;;;;;1
04/12/2014;09:13:00;94;sem vítima;2,1;BR-116/BA - ContSuFS;Sul;Colisão Traseira;1;2;;;;;1
04/12/2014;13:04:00;166;sem vítima;430,9;BR-116/BA;Sul;Saida de Pista;1;2;;;;;1
04/12/2014;08:10:00;73;sem vítima;551;BR-324/BA;Leste;Colisão Lateral;1;2;;;;;1
05/12/2014;08:22:00;80;sem vítima;534,2;BR-324/BA;Oeste;Colisão Traseira;1;2;;;;;1
05/12/2014;06:43:00;43;sem vítima;542,2;BR-324/BA;Oeste;Colisão Traseira;1;2;;;;;1
05/12/2014;09:30:00;97;sem vítima;551,1;BR-324/BA;Leste;Colisão Lateral;1;5;;;;;1
05/12/2014;12:16:00;148;sem vítima;605,3;BR-324/BA;Oeste;Colisão Lateral;1;3;;;;;1
06/12/2014;08:10:00;61;com vítima;0,1;BR-116/BA - ContSuFS;Sul;Colisão Lateral;1;2;;;1;;2
06/12/2014;09:20:00;73;sem vítima;431,9;BR-116/BA;Sul;Colisão Traseira;2;2;;;;;1
06/12/2014;15:57:00;186;sem vítima;538;BR-324/BA;Oeste;Colisão Lateral;1;1;;;;;1
06/12/2014;10:36:00;96;sem vítima;557;BR-324/BA;Leste;Colisão Traseira;2;2;;;;;1
06/12/2014;00:48:00;1;sem vítima;570;BR-324/BA;Oeste;Saida de Pista;1;1;;;;;1
06/12/2014;15:27:00;180;sem vítima;612;BR-324/BA;Oeste;Colisão Lateral;1;2;;;;;1
06/12/2014;18:33:00;231;sem vítima;827,3;BR-116/BA;Sul;Colisão Traseira;2;3;;;;;1
07/12/2014;03:36:00;16;sem vítima;584;BR-324/BA;Leste;Saida de Pista;1;1;;;;;1
07/12/2014;18:46:00;202;sem vítima;595;BR-116/BA;Norte;Saida de Pista;1;1;;;;;1
07/12/2014;15:49:00;161;com vítima;619,5;BR-116/BA;Norte;Engavetamento;3;2;2;;;;1
07/12/2014;14:50:00;149;com vítima;829,5;BR-116/BA;Sul;Colisão Frontal;2;1;;1;1;;2
08/12/2014;11:02:00;120;sem vítima;571;BR-324/BA;Oeste;Saida de Pista;1;1;;;;;1
08/12/2014;06:35:00;39;com vítima;529;BR-116/BA;Sul;Colisão Lateral;1;43;;1;;;2
08/12/2014;14:05:00;169;sem vítima;873,3;BR-116/BA;Norte;Colisão Traseira;2;2;;;;;1
08/12/2014;07:01:00;44;com vítima;926,5;BR-116/BA;Norte;Choque - Veiculo parado no acostamento;1;2;;1;;;2
09/12/2014;20:21:00;257;com vítima;2,1;BR-116/BA - ContSuFS;Sul;Colisão Transversal;1;1;1;;;;1
09/12/2014;15:37:00;171;sem vítima;450,8;BR-116/BA;Norte;Engavetamento;2;4;;;;;1
09/12/2014;02:41:00;10;sem vítima;547;BR-324/BA;Oeste;Tombamento;1;1;;;;;1
09/12/2014;10:48:00;103;sem vítima;736,2;BR-116/BA;Norte;Tombamento;1;1;;;;;1
09/12/2014;18:44:00;228;com vítima;821;BR-116/BA;Norte;Colisão Traseira;1;2;;;1;;2
10/12/2014;07:07:00;43;com vítima;521,9;BR-324/BA;Oeste;Colisão Traseira;1;1;1;;;;1
10/12/2014;13:23:00;160;sem vítima;533;BR-324/BA;Oeste;Engavetamento;2;3;;;;;1
10/12/2014;07:22:00;51;sem vítima;705,3;BR-116/BA;Sul;Colisão Frontal;1;3;;;;;1
11/12/2014;13:12:00;133;sem vítima;531,4;BR-324/BA;Oeste;Colisão Lateral;1;3;;;;;1
11/12/2014;12:56:00;126;com vítima;553,3;BR-116/BA;Norte;Tombamento;1;0;1;;;;1
11/12/2014;07:31:00;48;com vítima;921,3;BR-116/BA;Norte;Tombamento;1;0;;;;1;3
12/12/2014;00:52:00;7;sem vítima;482;BR-116/BA;Norte;Colisão Traseira;1;4;;;;;1
12/12/2014;16:40:00;194;sem vítima;599;BR-324/BA;Oeste;Colisão Traseira;2;2;;;;;1
13/12/2014;05:21:00;32;sem vítima;585,2;BR-324/BA;Leste;Colisão Traseira;1;2;;;;;1
13/12/2014;10:14:00;97;sem vítima;586,2;BR-324/BA;Oeste;Colisão Lateral;1;4;;;;;1
13/12/2014;14:24:00;170;sem vítima;591,1;BR-324/BA;Oeste;Colisão Lateral;1;5;;;;;1
13/12/2014;11:09:00;118;com vítima;606,2;BR-324/BA;Oeste;Engavetamento;3;21;1;1;;;2
13/12/2014;12:56:00;138;sem vítima;606,3;BR-324/BA;Leste;Colisão Traseira;1;2;;;;;1
13/12/2014;17:50:00;211;sem vítima;542,2;BR-116/BA;Sul;Colisão Lateral;1;5;;;;;1
13/12/2014;21:48:00;272;com vítima;642,1;BR-116/BA;Norte;Colisão Lateral;1;2;1;;;;1
13/12/2014;05:24:00;33;com vítima;729,3;BR-116/BA;Sul;Colisão Lateral;1;1;3;1;1;;2
14/12/2014;19:34:00;201;sem vítima;525;BR-324/BA;Oeste;Colisão Traseira;1;2;;;;;1
14/12/2014;16:10:00;168;sem vítima;570;BR-116/BA;Norte;Tombamento;1;1;;;;;1
14/12/2014;13:00:00;116;sem vítima;818,8;BR-116/BA;Norte;Tombamento;1;1;;;;;1
15/12/2014;20:35:00;262;sem vítima;426,2;BR-116/BA;Norte;Colisão Traseira;1;6;;;;;1
15/12/2014;14:27:00;169;sem vítima;562,4;BR-324/BA;Oeste;Saida de Pista;1;1;;;;;1
15/12/2014;13:06:00;152;sem vítima;614,12;BR-324/BA;Leste;Colisão Lateral;1;26;;;;;1
15/12/2014;09:57:00;100;sem vítima;626,1;BR-324/BA;Leste;Colisão Lateral;1;2;;;;;1
15/12/2014;03:28:00;22;com vítima;878,8;BR-116/BA;Norte;Colisão Traseira;2;1;;;;1;3
15/12/2014;10:12:00;104;com vítima;922,6;BR-116/BA;Norte;Saida de Pista;1;0;1;;;;1
16/12/2014;08:43:00;63;sem vítima;28;BR-116/BA - Cont VC;Sul;Colisão Lateral;2;2;;;;;1
16/12/2014;22:42:00;237;sem vítima;758;BR-116/BA;Norte;Colisão Traseira;2;2;;;;;1
17/12/2014;23:21:00;291;sem vítima;527,5;BR-324/BA;Leste;Saida de Pista;2;3;;;;;1
17/12/2014;07:21:00;61;com vítima;562,3;BR-324/BA;Oeste;Saida de Pista;1;0;1;2;;;2
17/12/2014;07:26:00;63;sem vítima;562,3;BR-324/BA;Oeste;Colisão Traseira;2;2;;;;;1
17/12/2014;02:21:00;10;com vítima;539,25;BR-116/BA;Norte;Colisão Traseira;1;1;2;;;;1
17/12/2014;16:16:00;201;sem vítima;598,8;BR-116/BA;Norte;Colisão Traseira;2;2;;;;;1
17/12/2014;00:18:00;3;sem vítima;604,3;BR-116/BA;Norte;Choque - Veiculo parado na pista;1;2;;;;;1
17/12/2014;10:43:00;128;sem vítima;860,3;BR-116/BA;Norte;Colisão Lateral;2;2;;;;;1
17/12/2014;11:08:00;138;com vítima;891,9;BR-116/BA;Sul;Sequência;4;4;;1;;;2
18/12/2014;01:26:00;6;sem vítima;443,4;BR-116/BA;Sul;Colisão Traseira;1;2;;;;;1
18/12/2014;06:18:00;28;sem vítima;496;BR-116/BA;Norte;Colisão Traseira;2;2;;;;;1
18/12/2014;09:54:00;71;com vítima;656,7;BR-116/BA;Norte;Colisão Lateral;3;2;6;;;;1
18/12/2014;03:14:00;17;sem vítima;702;BR-116/BA;Norte;Saida de Pista;1;1;;;;;1
18/12/2014;05:51:00;25;sem vítima;756;BR-116/BA;Sul;Colisão Traseira;1;2;;;;;1
19/12/2014;17:06:00;210;sem vítima;531,1;BR-324/BA;Oeste;Colisão Lateral;1;3;;;;;1
19/12/2014;13:42:00;167;sem vítima;550,3;BR-324/BA;Leste;Colisão Traseira;1;3;;;;;1
19/12/2014;09:11:00;89;com vítima;495,3;BR-116/BA;Norte;Colisão Lateral;1;2;;2;;;2
19/12/2014;16:48:00;206;sem vítima;614,5;BR-324/BA;Leste;Colisão Traseira;1;2;;;;;1
19/12/2014;14:06:00;172;com vítima;617,4;BR-324/BA;Oeste;Colisão Traseira;2;1;;1;;;2
19/12/2014;18:59:00;227;com vítima;643,3;BR-116/BA;Norte;Colisão Lateral;1;34;1;;;;1
19/12/2014;05:31:00;22;com vítima;923,8;BR-116/BA;Sul;Colisão Frontal;2;1;1;;;;1
20/12/2014;18:12:00;243;sem vítima;543,1;BR-324/BA;Oeste;Engavetamento;2;3;;;;;1
20/12/2014;14:05:00;173;com vítima;603,8;BR-324/BA;Oeste;Saida de Pista;1;0;;1;;;2
20/12/2014;04:06:00;19;sem vítima;566;BR-116/BA;Norte;Colisão Traseira;2;2;;;;;1
20/12/2014;14:49:00;183;sem vítima;713;BR-116/BA;Norte;Colisão Lateral;1;2;;;;;1
20/12/2014;16:54:00;215;com vítima;810,8;BR-116/BA;Sul;Colisão Lateral;1;1;2;1;;;2
20/12/2014;06:25:00;32;com vítima;923,5;BR-116/BA;Norte;Colisão Traseira;2;2;;2;;;2
20/12/2014;08:41:00;65;sem vítima;928;BR-116/BA;Sul;Colisão Traseira;2;2;;;;;1
21/12/2014;04:50:00;19;sem vítima;588,1;BR-116/BA;Norte;Saida de Pista;1;2;;;;;1
21/12/2014;07:50:00;55;sem vítima;728,2;BR-116/BA;Norte;Saida de Pista;1;2;;;;;1
22/12/2014;08:20:00;74;sem vítima;518;BR-324/BA;Oeste;Colisão Traseira;1;2;;;;;1
22/12/2014;19:55:00;270;com vítima;486,5;BR-116/BA;Norte;Colisão Traseira;1;1;;1;;;2
23/12/2014;16:42:00;213;sem vítima;550,9;BR-324/BA;Leste;Colisão Traseira;1;4;;;;;1
23/12/2014;01:59:00;8;sem vítima;591;BR-324/BA;Leste;Saida de Pista;1;1;;;;;1
23/12/2014;10:53:00;119;sem vítima;617;BR-324/BA;Leste;Colisão Lateral;1;2;;;;;1
23/12/2014;06:54:00;50;sem vítima;527,2;BR-116/BA;Norte;Colisão Traseira;1;6;;;;;1
23/12/2014;09:17:00;95;sem vítima;566,2;BR-116/BA;Sul;Colisão Traseira;1;5;;;;;1
23/12/2014;13:46:00;169;com vítima;702,1;BR-116/BA;Sul;Colisão Frontal;1;1;;2;1;2;3
23/12/2014;19:10:00;250;com vítima;754,6;BR-116/BA;Sul;Engavetamento;2;5;5;;;1;3
23/12/2014;07:27:00;56;com vítima;786,9;BR-116/BA;Sul;Colisão Traseira;2;3;1;;;;1
24/12/2014;05:49:00;37;sem vítima;594;BR-116/BA;Norte;Colisão Traseira;1;2;;;;;1
24/12/2014;21:31:00;260;sem vítima;656;BR-116/BA;Norte;Saida de Pista;1;1;;;;;1
25/12/2014;15:22:00;100;sem vítima;640,1;BR-116/BA;Norte;Colisão Lateral;2;2;;;;;1
25/12/2014;11:37:00;70;sem vítima;727,2;BR-116/BA;Norte;Saida de Pista;1;1;;;;;1
25/12/2014;04:10:00;18;sem vítima;789;BR-116/BA;Norte;Tombamento;1;1;;;;;1
26/12/2014;07:24:00;47;sem vítima;519;BR-324/BA;Oeste;Colisão Traseira;1;2;;;;;1
26/12/2014;09:58:00;91;com vítima;521;BR-324/BA;Oeste;Atropelamento de Pedestre;1;1;;;;1;3
26/12/2014;06:18:00;32;sem vítima;461,1;BR-116/BA;Sul;Saida de Pista;1;1;;;;;1
26/12/2014;19:07:00;205;sem vítima;567;BR-116/BA;Norte;Colisão Lateral;1;3;;;;;1
26/12/2014;14:15:00;147;sem vítima;695;BR-116/BA;Sul;Colisão Lateral;1;2;;;;;1
26/12/2014;11:09:00;106;sem vítima;766,2;BR-116/BA;Sul;Colisão Traseira;1;41;;;;;1
28/12/2014;07:48:00;50;sem vítima;482,2;BR-116/BA;Norte;Colisão Traseira;1;5;;;;;1
28/12/2014;14:21:00;111;sem vítima;599;BR-324/BA;Leste;Colisão Traseira;1;2;;;;;1
28/12/2014;13:02:00;95;com vítima;621;BR-324/BA;Leste;Colisão Traseira;1;1;;;1;;2
28/12/2014;11:01:00;74;sem vítima;558,1;BR-116/BA;Sul;Colisão Traseira;1;7;;;;;1
28/12/2014;16:17:00;142;sem vítima;712,2;BR-116/BA;Sul;Colisão Lateral;1;2;;;;;1
29/12/2014;11:38:00;113;com vítima;541,7;BR-324/BA;Oeste;Tombamento;1;0;2;1;;;2
29/12/2014;10:17:00;99;com vítima;655;BR-116/BA;Sul;Colisão Lateral;1;5;1;1;1;1;3
29/12/2014;06:09:00;30;sem vítima;770,15;BR-116/BA;Norte;Colisão Lateral;1;7;;;;;1
30/12/2014;14:50:00;133;sem vítima;427,35;BR-116/BA;Sul;Colisão Traseira;1;5;;;;;1
02/01/2015;15:30:00;123;sem vítima;536;BR-324/BA;Oeste;Colisão Traseira;2;2;;;;;1
03/01/2015;19:47:00;202;sem vítima;586,5;BR-116/BA;Norte;Colisão Lateral;1;3;;;;;1
05/01/2015;05:29:00;26;sem vítima;562,5;BR-116/BA;Norte;Saida de Pista;1;6;;;;;1
06/01/2015;19:18:00;246;sem vítima;543;BR-324/BA;Oeste;Colisão Lateral;1;2;;;;;1
06/01/2015;12:36:00;152;sem vítima;604,1;BR-116/BA;Sul;Colisão Traseira;2;2;;;;;1
06/01/2015;15:09:00;193;sem vítima;819;BR-116/BA;Norte;Tombamento;1;2;;;;;1
07/01/2015;11:43:00;121;sem vítima;447,5;BR-116/BA;Norte;Colisão Lateral;1;4;;;;;1
07/01/2015;10:43:00;91;com vítima;530;BR-324/BA;Leste;Choque Contra Objeto Fixo;1;0;;;1;;2
07/01/2015;08:32:00;66;sem vítima;606;BR-324/BA;Leste;Engavetamento;1;4;;;;;1
07/01/2015;06:45:00;36;sem vítima;772;BR-116/BA;Norte;Saida de Pista;1;1;;;;;1
07/01/2015;02:46:00;19;com vítima;788,9;BR-116/BA;Norte;Colisão Transversal;1;1;1;;;2;3
08/01/2015;22:28:00;278;sem vítima;16,8;BR-116/BA - Cont VC;Sul;Colisão Lateral;1;2;;;;;1
08/01/2015;16:05:00;201;sem vítima;519,4;BR-324/BA;Oeste;Colisão Lateral;2;3;;;;;1
08/01/2015;13:54:00;173;sem vítima;549,1;BR-324/BA;Leste;Saida de Pista;1;2;;;;;1
08/01/2015;15:26:00;190;sem vítima;619,1;BR-324/BA;Oeste;Saida de Pista;1;1;;;;;1
09/01/2015;10:10:00;83;sem vítima;563;BR-324/BA;Leste;Saida de Pista;1;1;;;;;1
09/01/2015;07:19:00;33;sem vítima;609,7;BR-324/BA;Oeste;Colisão Traseira;1;24;;;;;1
09/01/2015;06:11:00;21;sem vítima;714,2;BR-116/BA;Sul;Colisão Lateral;2;4;;;;;1
10/01/2015;11:02:00;109;sem vítima;560,1;BR-324/BA;Oeste;Colisão Transversal;1;6;;;;;1
10/01/2015;18:25:00;217;com vítima;502,2;BR-116/BA;Sul;Colisão Lateral;1;7;;;1;4;3
10/01/2015;07:05:00;34;sem vítima;508,4;BR-116/BA;Norte;Colisão Traseira;1;2;;;;;1
10/01/2015;14:51:00;170;sem vítima;864,2;BR-116/BA;Sul;Engavetamento;3;3;;;;;1
11/01/2015;06:27:00;26;sem vítima;457;BR-116/BA;Sul;Colisão Traseira;1;5;;;;;1
11/01/2015;10:20:00;84;sem vítima;847;BR-116/BA;Sul;Colisão Traseira;1;4;;;;;1
11/01/2015;04:15:00;20;sem vítima;923,3;BR-116/BA;Norte;Colisão Traseira;2;2;;;;;1
12/01/2015;08:25:00;58;sem vítima;437;BR-116/BA;Norte;Colisão Lateral;1;3;;;;;1
12/01/2015;08:37:00;62;sem vítima;545,9;BR-324/BA;Oeste;Choque - Veiculo parado na pista;2;2;;;;;1
12/01/2015;07:27:00;30;sem vítima;591,3;BR-324/BA;Leste;Colisão Traseira;1;48;;;;;1
12/01/2015;08:25:00;59;com vítima;710,2;BR-116/BA;Sul;Colisão Traseira;1;1;;2;;;2
12/01/2015;15:51:00;163;sem vítima;795;BR-116/BA;Norte;Colisão Traseira;1;2;;;;;1
13/01/2015;22:10:00;264;sem vítima;451,5;BR-116/BA;Norte;Atropelamento de Animal;1;1;;;;;1
13/01/2015;16:43:00;218;sem vítima;623,4;BR-324/BA;Oeste;Engavetamento;1;3;;;;;1
13/01/2015;06:29:00;25;sem vítima;842,5;BR-116/BA;Sul;Saida de Pista;1;2;;;;;1
14/01/2015;07:53:00;59;com vítima;605,3;BR-324/BA;Oeste;Choque - Outros;1;1;;;1;;2
15/01/2015;16:25:00;183;sem vítima;29;BR-116/BA - Cont VC;Sul;Colisão Lateral;1;2;;;;;1
15/01/2015;14:56:00;159;sem vítima;615,2;BR-324/BA;Leste;Colisão Traseira;1;2;;;;;1
16/01/2015;10:38:00;110;sem vítima;566,2;BR-116/BA;Norte;Colisão Traseira;2;2;;;;;1
16/01/2015;02:49:00;16;sem vítima;616;BR-116/BA;Sul;Atropelamento de Animal;1;1;;;;;1
17/01/2015;10:36:00;86;sem vítima;645;BR-116/BA;Sul;Colisão Traseira;1;2;;;;;1
18/01/2015;05:37:00;33;sem vítima;728,2;BR-116/BA;Sul;Saida de Pista;1;1;;;;;1
18/01/2015;14:21:00;123;sem vítima;832,5;BR-116/BA;Sul;Colisão Lateral;1;5;;;;;1
18/01/2015;11:00:00;88;sem vítima;833,2;BR-116/BA;Sul;Colisão Lateral;2;3;;;;;1
18/01/2015;08:04:00;52;sem vítima;837,2;BR-116/BA;Norte;Engavetamento;3;3;;;;;1
18/01/2015;05:22:00;29;sem vítima;908,8;BR-116/BA;Norte;Atropelamento de Animal;1;1;;;;;1
19/01/2015;06:45:00;36;sem vítima;533;BR-324/BA;Leste;Colisão Traseira;2;2;;;;;1
19/01/2015;15:53:00;187;sem vítima;533;BR-324/BA;Oeste;Colisão Traseira;1;2;;;;;1
19/01/2015;06:55:00;39;sem vítima;653,9;BR-116/BA;Norte;Colisão Traseira;2;2;;;;;1
20/01/2015;06:51:00;26;sem vítima;535,1;BR-324/BA;Leste;Colisão Lateral;1;2;;;;;1
20/01/2015;16:30:00;195;sem vítima;551,2;BR-324/BA;Oeste;Colisão Lateral;2;2;;;;;1
20/01/2015;09:07:00;70;sem vítima;599,3;BR-324/BA;Leste;Engavetamento;2;8;;;;;1
21/01/2015;08:05:00;39;sem vítima;522;BR-324/BA;Leste;Colisão Traseira;1;4;;;;;1
21/01/2015;15:25:00;196;sem vítima;607,4;BR-324/BA;Oeste;Saida de Pista;1;1;;;;;1
21/01/2015;13:04:00;154;com vítima;682,1;BR-116/BA;Sul;Colisão Frontal;2;2;1;2;;;2
21/01/2015;15:16:00;192;com vítima;735;BR-116/BA;Norte;Colisão Traseira;1;1;2;;;;1
21/01/2015;15:09:00;188;sem vítima;828;BR-116/BA;Norte;Tombamento;1;1;;;;;1
21/01/2015;04:42:00;17;sem vítima;831,1;BR-116/BA;Norte;Atropelamento de Animal;1;2;;;;;1
21/01/2015;09:13:00;60;sem vítima;901;BR-116/BA;Norte;Saida de Pista;1;5;;;;;1
22/01/2015;12:06:00;127;sem vítima;621,15;BR-324/BA;Leste;Saida de Pista;1;1;;;;;1
22/01/2015;14:53:00;161;sem vítima;587,2;BR-116/BA;Norte;Saida de Pista;1;1;;;;;1
22/01/2015;18:46:00;216;sem vítima;593,2;BR-116/BA;Sul;Saida de Pista;1;2;;;;;1
22/01/2015;16:56:00;188;com vítima;617,05;BR-116/BA;Norte;Colisão Lateral;2;1;1;;;;1
23/01/2015;09:33:00;75;sem vítima;530;BR-324/BA;Oeste;Colisão Lateral;1;2;;;;;1
23/01/2015;19:43:00;252;sem vítima;551;BR-324/BA;Oeste;Colisão Traseira;1;2;;;;;1