data;horario;n_da_ocorrencia;tipo_de_ocorrencia;km;trecho;sentido;tipo_de_acidente;caminhao;ilesos;levemente_feridos;moderadamente_feridos;gravemente_feridos;mortos;3
23/01/2015;15:37:00;193;com vítima;506;BR-116/BA;Sul;Engavetamento;1;8;1;;;;1
23/01/2015;16:54:00;213;sem vítima;615;BR-324/BA;Leste;Colisão Lateral;1;8;;;;;1
23/01/2015;13:04:00;148;sem vítima;619,1;BR-324/BA;Oeste;Colisão Lateral;1;6;;;;;1
23/01/2015;06:51:00;34;com vítima;643,7;BR-116/BA;Norte;Saida de Pista;1;1;1;;;;1
23/01/2015;11:19:00;114;com vítima;644;BR-116/BA;Sul;Colisão Traseira;2;1;;;;2;3
23/01/2015;16:32:00;208;sem vítima;828;BR-116/BA;Sul;Colisão Traseira;2;3;;;;;1
23/01/2015;04:30:00;20;sem vítima;902;BR-116/BA;Sul;Saida de Pista;1;1;;;;;1
23/01/2015;07:19:00;38;com vítima;917;BR-116/BA;Norte;Saida de Pista;1;0;1;;;;1
24/01/2015;22:02:00;209;com vítima;547,2;BR-324/BA;Oeste;Colisão Traseira;2;2;;2;;;2
24/01/2015;14:52:00;135;com vítima;459,2;BR-116/BA;Norte;Colisão Lateral;1;1;;1;;;2
24/01/2015;14:31:00;128;com vítima;591;BR-324/BA;Oeste;Saida de Pista;1;0;;1;;;2
24/01/2015;08:57:00;60;sem vítima;655,6;BR-116/BA;Sul;Engavetamento;3;3;;;;;1
24/01/2015;09:19:00;69;sem vítima;910,02;BR-116/BA;Norte;Outros;2;2;;;;;1
25/01/2015;02:34:00;13;com vítima;467;BR-116/BA;Sul;Colisão Traseira;2;1;;2;1;;2
25/01/2015;21:58:00;203;com vítima;488,3;BR-116/BA;Sul;Tombamento;1;0;1;;;;1
25/01/2015;14:44:00;124;com vítima;709,5;BR-116/BA;Sul;Atropelamento de Pedestre;1;1;1;;;;1
25/01/2015;15:42:00;138;sem vítima;711,2;BR-116/BA;Norte;Saida de Pista;1;1;;;;;1
25/01/2015;18:32:00;173;com vítima;762,9;BR-116/BA;Sul;Colisão Lateral;1;5;;;;1;3
25/01/2015;07:37:00;51;com vítima;852;BR-116/BA;Norte;Colisão Frontal;2;0;;;;2;3
25/01/2015;18:51:00;175;sem vítima;865,5;BR-116/BA;Norte;Colisão Traseira;2;4;;;;;1
26/01/2015;20:32:00;237;sem vítima;560,1;BR-324/BA;Oeste;Colisão Traseira;1;4;;;;;1
26/01/2015;13:01:00;130;sem vítima;562,2;BR-324/BA;Oeste;Tombamento;1;4;;;;;1
26/01/2015;12:59:00;128;com vítima;562,4;BR-324/BA;Oeste;Saida de Pista;1;0;3;;;;1
26/01/2015;06:07:00;25;sem vítima;696,5;BR-116/BA;Norte;Saida de Pista;1;1;;;;;1
26/01/2015;00:39:00;4;sem vítima;778;BR-116/BA;Sul;Colisão Lateral;1;2;;;;;1
27/01/2015;15:44:00;198;sem vítima;492;BR-116/BA;Sul;Engavetamento;3;5;;;;;1
28/01/2015;00:18:00;1;com vítima;573;BR-324/BA;Leste;Colisão Traseira;1;1;3;3;;;2
28/01/2015;21:37:00;252;sem vítima;642;BR-116/BA;Norte;Saida de Pista;1;3;;;;;1
28/01/2015;20:51:00;243;com vítima;643,2;BR-116/BA;Sul;Colisão Traseira;2;1;2;;;;1
29/01/2015;06:53:00;25;sem vítima;551;BR-324/BA;Leste;Colisão Traseira;2;3;;;;;1
29/01/2015;17:56:00;219;sem vítima;608;BR-324/BA;Leste;Colisão Traseira;1;3;;;;;1
29/01/2015;10:15:00;104;sem vítima;613,7;BR-324/BA;Oeste;Colisão Traseira;2;2;;;;;1
29/01/2015;20:23:00;250;com vítima;614,1;BR-324/BA;Leste;Atropelamento de Pedestre;1;2;;;;1;3
30/01/2015;12:15:00;145;sem vítima;530,5;BR-324/BA;Oeste;Colisão Lateral;1;5;;;;;1
30/01/2015;21:54:00;291;sem vítima;518,5;BR-116/BA;Sul;Atropelamento de Animal;1;2;;;;;1
30/01/2015;21:39:00;287;sem vítima;601,2;BR-116/BA;Norte;Tombamento;1;2;;;;;1
31/01/2015;12:13:00;113;sem vítima;3,8;BR-116/BA - ContSuFS;Sul;Colisão Lateral;2;4;;;;;1
31/01/2015;10:25:00;72;com vítima;624;BR-324/BA;Leste;Engavetamento;1;6;;1;;;2
31/01/2015;06:45:00;30;sem vítima;568,8;BR-116/BA;Sul;Tombamento;1;1;;;;;1
31/01/2015;00:51:00;3;sem vítima;718,4;BR-116/BA;Norte;Tombamento;1;1;;;;;1
31/01/2015;08:27:00;44;sem vítima;755;BR-116/BA;Sul;Engavetamento;3;4;;;;;1
01/02/2015;23:41:00;235;sem vítima;654,2;BR-116/BA;Norte;Colisão Traseira;2;2;;;;;1
02/02/2015;22:35:00;254;sem vítima;564,2;BR-324/BA;Oeste;Sequência;2;4;;;;;1
02/02/2015;13:26:00;170;sem vítima;595,2;BR-116/BA;Norte;Saida de Pista;1;1;;;;;1
02/02/2015;16:45:00;197;com vítima;627,3;BR-116/BA;Sul;Colisão Traseira;1;1;1;;;;1
02/02/2015;09:27:00;81;sem vítima;710,5;BR-116/BA;Norte;Colisão Traseira;2;2;;;;;1
02/02/2015;07:06:00;33;sem vítima;873,5;BR-116/BA;Sul;Colisão Traseira;2;2;;;;;1
02/02/2015;17:04:00;202;sem vítima;923,3;BR-116/BA;Norte;Tombamento;1;1;;;;;1
03/02/2015;16:20:00;173;sem vítima;526,45;BR-324/BA;Leste;Colisão Traseira;2;3;;;;;1
03/02/2015;12:24:00;121;sem vítima;537;BR-324/BA;Oeste;Colisão Traseira;1;9;;;;;1
03/02/2015;19:01:00;208;sem vítima;537,2;BR-324/BA;Leste;Colisão Lateral;1;2;;;;;1
03/02/2015;21:11:00;227;sem vítima;562,001;BR-116/BA;Norte;Colisão Lateral;1;5;;;;;1
03/02/2015;21:17:00;228;com vítima;812;BR-116/BA;Norte;Colisão Transversal;1;1;2;;;;1
04/02/2015;19:02:00;244;com vítima;434,1;BR-116/BA;Norte;Colisão Frontal;1;1;;;;2;3
04/02/2015;15:42:00;187;sem vítima;534;BR-324/BA;Oeste;Colisão Lateral;1;5;;;;;1
04/02/2015;04:35:00;18;com vítima;541,5;BR-324/BA;Leste;Colisão Traseira;1;23;4;;;;1
04/02/2015;19:13:00;247;sem vítima;625,3;BR-324/BA;Leste;Colisão Traseira;1;2;;;;;1
05/02/2015;09:27:00;81;com vítima;468,5;BR-116/BA;Sul;Tombamento;2;1;;;1;;2
05/02/2015;14:23:00;140;sem vítima;574,2;BR-324/BA;Oeste;Colisão Lateral;2;2;;;;;1
05/02/2015;22:13:00;262;sem vítima;528,1;BR-116/BA;Norte;Colisão Traseira;2;2;;;;;1
05/02/2015;08:59:00;69;com vítima;542,2;BR-116/BA;Sul;Colisão Transversal;2;3;;1;;;2
05/02/2015;22:39:00;265;sem vítima;642,15;BR-116/BA;Sul;Saida de Pista;1;3;;;;;1
05/02/2015;07:42:00;36;sem vítima;795,8;BR-116/BA;Norte;Colisão Traseira;2;2;;;;;1
05/02/2015;17:20:00;193;com vítima;809,5;BR-116/BA;Sul;Colisão Traseira;1;1;1;;;;1
06/02/2015;09:05:00;74;sem vítima;550;BR-324/BA;Leste;Colisão Traseira;1;2;;;;;1
06/02/2015;09:55:00;98;sem vítima;619,8;BR-324/BA;Leste;Colisão Lateral;1;3;;;;;1
06/02/2015;12:05:00;147;com vítima;892,8;BR-116/BA;Sul;Colisão Lateral;2;2;2;;;;1
07/02/2015;10:48:00;110;com vítima;490,2;BR-116/BA;Norte;Colisão Traseira;1;2;4;;;;1
07/02/2015;10:08:00;101;sem vítima;614,1;BR-324/BA;Leste;Colisão Lateral;1;3;;;;;1
07/02/2015;14:36:00;167;sem vítima;615,9;BR-116/BA;Norte;Saida de Pista;1;2;;;;;1
07/02/2015;07:26:00;50;sem vítima;685,2;BR-116/BA;Norte;Colisão Traseira;1;2;;;;;1
08/02/2015;17:47:00;215;sem vítima;517,1;BR-116/BA;Sul;Tombamento;1;1;;;;;1
08/02/2015;22:01:00;256;com vítima;523,1;BR-116/BA;Norte;Colisão Lateral;1;1;;;2;1;3
08/02/2015;09:59:00;107;sem vítima;587;BR-116/BA;Norte;Engavetamento;2;6;;;;;1
08/02/2015;22:09:00;258;com vítima;673,2;BR-116/BA;Sul;Colisão Traseira;1;1;;;;1;3
08/02/2015;07:11:00;48;com vítima;820,5;BR-116/BA;Sul;Colisão Traseira;1;27;2;;;;1
08/02/2015;07:42:00;53;sem vítima;909,5;BR-116/BA;Norte;Colisão Traseira;1;22;;;;;1
08/02/2015;11:21:00;121;com vítima;909,7;BR-116/BA;Sul;Colisão Lateral;3;2;1;;;;1
09/02/2015;04:49:00;27;sem vítima;577,9;BR-324/BA;Leste;Saida de Pista;1;1;;;;;1
09/02/2015;22:02:00;296;com vítima;478,65;BR-116/BA;Sul;Colisão Frontal;2;5;;;;2;3
09/02/2015;01:35:00;13;com vítima;519;BR-116/BA;Sul;Colisão Lateral;1;1;;;1;;2
09/02/2015;12:36:00;161;com vítima;621,2;BR-116/BA;Norte;Saida de Pista;1;1;;1;;;2
10/02/2015;18:23:00;244;sem vítima;613,4;BR-324/BA;Leste;Colisão Traseira;1;2;;;;;1
11/02/2015;11:25:00;136;com vítima;457,15;BR-116/BA;Sul;Saida de Pista;1;1;1;;;;1
11/02/2015;07:44:00;55;com vítima;566;BR-324/BA;Oeste;Colisão Traseira;2;0;3;;;;1
11/02/2015;11:25:00;137;sem vítima;773,1;BR-116/BA;Norte;Colisão Traseira;2;2;;;;;1
11/02/2015;15:14:00;195;com vítima;813,9;BR-116/BA;Sul;Colisão Lateral;1;1;2;;;;1
11/02/2015;10:05:00;106;sem vítima;817,3;BR-116/BA;Sul;Colisão Lateral;1;3;;;;;1
12/02/2015;08:42:00;86;sem vítima;460,5;BR-116/BA;Norte;Colisão Transversal;2;2;;;;;1
12/02/2015;23:52:00;310;com vítima;900,7;BR-116/BA;Sul;Colisão Lateral;1;12;1;;;;1
13/02/2015;10:56:00;112;com vítima;442;BR-116/BA;Sul;Colisão Lateral;2;1;1;;;;1
13/02/2015;14:44:00;154;sem vítima;450,8;BR-116/BA;Norte;Engavetamento;1;5;;;;;1
13/02/2015;08:48:00;68;sem vítima;574;BR-324/BA;Leste;Tombamento;1;1;;;;;1
13/02/2015;06:11:00;31;sem vítima;750,1;BR-116/BA;Norte;Colisão Lateral;1;6;;;;;1
13/02/2015;15:12:00;167;sem vítima;814,8;BR-116/BA;Sul;Engavetamento;1;10;;;;;1
14/02/2015;08:53:00;90;sem vítima;524,2;BR-116/BA;Norte;Saida de Pista;1;1;;;;;1
14/02/2015;17:10:00;202;com vítima;612,8;BR-116/BA;Sul;Colisão Traseira;2;3;1;;;;1
14/02/2015;09:48:00;102;sem vítima;715,1;BR-116/BA;Sul;Colisão Lateral;2;2;;;;;1
14/02/2015;23:05:00;270;sem vítima;782,5;BR-116/BA;Norte;Atropelamento de Animal;1;2;;;;;1
14/02/2015;21:58:00;258;sem vítima;818,2;BR-116/BA;Sul;Colisão Lateral;1;4;;;;;1
15/02/2015;01:53:00;6;sem vítima;654,8;BR-116/BA;Norte;Colisão Traseira;2;2;;;;;1
18/02/2015;07:31:00;48;com vítima;760,2;BR-116/BA;Norte;Colisão Traseira;1;9;6;1;2;1;3
19/02/2015;19:45:00;190;com vítima;13;BR-116/BA - Cont VC;Sul;Colisão Lateral;1;1;;;1;;2
20/02/2015;12:31:00;148;sem vítima;585,1;BR-324/BA;Oeste;Engavetamento;2;4;;;;;1
20/02/2015;07:07:00;38;com vítima;546,1;BR-116/BA;Norte;Colisão Transversal;1;1;2;;;;1
20/02/2015;09:21:00;89;sem vítima;863,7;BR-116/BA;Norte;Colisão Traseira;2;2;;;;;1
21/02/2015;15:00:00;142;com vítima;4;BR-116/BA - Cont VC;Norte;Colisão Transversal;1;1;1;;;;1
21/02/2015;16:06:00;167;sem vítima;873;BR-116/BA;Norte;Colisão Traseira;2;2;;;;;1
21/02/2015;15:23:00;153;sem vítima;908,2;BR-116/BA;Sul;Colisão Traseira;2;4;;;;;1
22/02/2015;22:21:00;199;com vítima;477,5;BR-116/BA;Norte;Colisão Frontal;1;2;;1;;;2
22/02/2015;09:07:00;60;sem vítima;882,2;BR-116/BA;Sul;Colisão Lateral;1;4;;;;;1
23/02/2015;22:17:00;282;com vítima;530,1;BR-324/BA;Leste;Tombamento;1;0;2;;;;1
23/02/2015;07:33:00;51;sem vítima;607,9;BR-324/BA;Leste;Colisão Traseira;1;2;;;;;1
23/02/2015;13:35:00;177;com vítima;518;BR-116/BA;Sul;Colisão Lateral;2;2;1;;;;1
23/02/2015;20:34:00;269;sem vítima;619;BR-116/BA;Sul;Colisão Traseira;1;2;;;;;1
24/02/2015;13:33:00;157;sem vítima;482,1;BR-116/BA;Norte;Colisão Traseira;1;5;;;;;1
25/02/2015;13:19:00;142;com vítima;441,95;BR-116/BA;Sul;Tombamento;1;0;;1;;;2
26/02/2015;12:43:00;140;sem vítima;448,1;BR-116/BA;Sul;Engavetamento;3;3;;;;;1
26/02/2015;03:36:00;11;sem vítima;478;BR-116/BA;Norte;Choque - Outros;1;1;;;;;1
26/02/2015;05:30:00;13;sem vítima;482,3;BR-116/BA;Norte;Saida de Pista;1;1;;;;;1
27/02/2015;23:45:00;298;sem vítima;479,15;BR-116/BA;Sul;Colisão Lateral;1;4;;;;;1
27/02/2015;19:42:00;249;sem vítima;567,05;BR-116/BA;Sul;Colisão Lateral;1;2;;;;;1
27/02/2015;11:07:00;122;sem vítima;734,5;BR-116/BA;Norte;Colisão Lateral;2;2;;;;;1
27/02/2015;22:52:00;288;sem vítima;771,2;BR-116/BA;Norte;Saida de Pista;1;1;;;;;1
27/02/2015;12:36:00;151;com vítima;799,7;BR-116/BA;Sul;Atropelamento de Pedestre;1;1;;;;1;3
27/02/2015;19:07:00;245;sem vítima;866,7;BR-116/BA;Sul;Colisão Lateral;1;3;;;;;1
28/02/2015;12:51:00;145;sem vítima;448,7;BR-116/BA;Sul;Colisão Traseira;2;2;;;;;1
28/02/2015;14:25:00;170;sem vítima;532,2;BR-324/BA;Oeste;Engavetamento;1;3;;;;;1
28/02/2015;08:51:00;80;sem vítima;519;BR-116/BA;Sul;Colisão Traseira;2;2;;;;;1
28/02/2015;16:52:00;212;sem vítima;542,7;BR-116/BA;Sul;Engavetamento;3;10;;;;;1
28/02/2015;18:01:00;233;com vítima;648,4;BR-116/BA;Sul;Colisão Frontal;1;1;;1;1;;2
28/02/2015;10:02:00;98;com vítima;782,05;BR-116/BA;Sul;Colisão Lateral;1;2;1;;;;1
28/02/2015;02:12:00;10;sem vítima;831,5;BR-116/BA;Sul;Atropelamento de Animal;1;1;;;;;1
01/03/2015;14:10:00;149;sem vítima;563,2;BR-324/BA;Oeste;Saida de Pista;1;1;;;;;1
01/03/2015;15:01:00;159;com vítima;573,6;BR-324/BA;Oeste;Saida de Pista;1;0;1;;;;1
01/03/2015;14:20:00;151;sem vítima;592,6;BR-116/BA;Norte;Tombamento;1;1;;;;;1
01/03/2015;07:32:00;49;sem vítima;736;BR-116/BA;Norte;Tombamento;1;1;;;;;1
01/03/2015;03:13:00;15;sem vítima;844,4;BR-116/BA;Sul;Colisão Lateral;2;2;;;;;1
01/03/2015;19:44:00;216;com vítima;846;BR-116/BA;Norte;Colisão Lateral;1;1;;1;;;2
02/03/2015;19:32:00;232;sem vítima;540,2;BR-324/BA;Oeste;Atropelamento de Animal;1;1;;;;;1
02/03/2015;21:17:00;248;sem vítima;557,6;BR-324/BA;Oeste;Colisão Traseira;1;2;;;;;1
03/03/2015;15:12:00;172;sem vítima;520;BR-324/BA;Leste;Colisão Traseira;1;3;;;;;1
03/03/2015;16:10:00;180;sem vítima;533,2;BR-324/BA;Leste;Choque - Defensa, barreira ou "submarino";1;1;;;;;1
03/03/2015;12:13:00;125;sem vítima;550,3;BR-324/BA;Oeste;Colisão Lateral;1;5;;;;;1
03/03/2015;09:23:00;72;com vítima;513;BR-116/BA;Sul;Colisão Lateral;1;4;;1;;;2
03/03/2015;03:11:00;14;sem vítima;613;BR-324/BA;Leste;Colisão Transversal;1;2;;;;;1
03/03/2015;13:51:00;147;sem vítima;549,8;BR-116/BA;Norte;Colisão Transversal;2;2;;;;;1
04/03/2015;17:00:00;205;sem vítima;4,9;BR-116/BA - ContSuFS;Sul;Choque - Defensa, barreira ou "submarino";1;1;;;;;1
04/03/2015;18:25:00;218;sem vítima;525;BR-324/BA;Oeste;Colisão Traseira;1;2;;;;;1
04/03/2015;04:09:00;16;sem vítima;575,5;BR-324/BA;Oeste;Colisão Traseira;1;4;;;;;1
04/03/2015;11:42:00;138;sem vítima;744,99;BR-116/BA;Norte;Saida de Pista;1;1;;;;;1
05/03/2015;15:40:00;165;com vítima;710,4;BR-116/BA;Norte;Saida de Pista;1;0;;1;;;2
06/03/2015;21:49:00;263;sem vítima;590,2;BR-324/BA;Leste;Colisão Traseira;1;2;;;;;1
06/03/2015;14:16:00;163;sem vítima;495,1;BR-116/BA;Norte;Colisão Traseira;1;3;;;;;1
06/03/2015;15:54:00;188;sem vítima;509,05;BR-116/BA;Norte;Saida de Pista;1;1;;;;;1
06/03/2015;16:55:00;207;com vítima;531,8;BR-116/BA;Norte;Tombamento;1;0;;;;1;3
07/03/2015;06:56:00;40;sem vítima;518;BR-324/BA;Oeste;Tombamento;1;1;;;;;1
07/03/2015;13:22:00;135;com vítima;547;BR-324/BA;Oeste;Colisão Traseira;1;1;;1;1;;2
07/03/2015;10:11:00;95;sem vítima;478;BR-116/BA;Sul;Colisão Lateral;1;6;;;;;1
07/03/2015;17:33:00;183;sem vítima;722;BR-116/BA;Sul;Colisão Traseira;2;2;;;;;1
07/03/2015;12:34:00;127;sem vítima;755,2;BR-116/BA;Norte;Colisão Lateral;1;5;;;;;1
07/03/2015;06:16:00;29;com vítima;862,2;BR-116/BA;Norte;Colisão Frontal;1;1;;;;1;3
07/03/2015;12:32:00;126;sem vítima;909,2;BR-116/BA;Sul;Colisão Traseira;2;3;;;;;1
08/03/2015;18:18:00;168;sem vítima;801,2;BR-116/BA;Sul;Colisão Frontal;2;2;;;;;1
09/03/2015;19:12:00;241;com vítima;531;BR-116/BA;Sul;Colisão Lateral;1;1;;1;;;2
10/03/2015;08:25:00;65;sem vítima;520,1;BR-324/BA;Leste;Colisão Traseira;2;2;;;;;1
10/03/2015;14:52:00;189;sem vítima;614;BR-324/BA;Leste;Colisão Traseira;1;2;;;;;1
10/03/2015;05:16:00;26;sem vítima;642,1;BR-116/BA;Norte;Saida de Pista;1;2;;;;;1
11/03/2015;08:34:00;58;sem vítima;7,5;BR-116/BA - Cont VC;Sul;Colisão Traseira;2;3;;;;;1
11/03/2015;16:38:00;188;sem vítima;519;BR-324/BA;Oeste;Colisão Traseira;2;2;;;;;1
11/03/2015;09:27:00;74;sem vítima;551,2;BR-324/BA;Leste;Colisão Lateral;1;3;;;;;1
11/03/2015;09:47:00;79;sem vítima;551,3;BR-324/BA;Leste;Colisão Lateral;1;2;;;;;1
12/03/2015;14:09:00;186;com vítima;426,6;BR-116/BA;Sul;Colisão Transversal;1;1;2;;;;1
12/03/2015;17:47:00;249;sem vítima;526,2;BR-324/BA;Oeste;Colisão Lateral;1;2;;;;;1
12/03/2015;10:17:00;116;sem vítima;568,2;BR-324/BA;Leste;Engavetamento;2;3;;;;;1
12/03/2015;15:02:00;204;sem vítima;572,3;BR-116/BA;Sul;Colisão Lateral;1;3;;;;;1
12/03/2015;06:06:00;32;sem vítima;756,2;BR-116/BA;Sul;Colisão Traseira;1;2;;;;;1
13/03/2015;17:43:00;237;com vítima;546,9;BR-324/BA;Oeste;Colisão Traseira;1;1;1;;;;1
13/03/2015;07:45:00;58;sem vítima;570,6;BR-324/BA;Leste;Colisão Lateral;1;4;;;;;1
13/03/2015;21:19:00;289;sem vítima;640,5;BR-116/BA;Norte;Saida de Pista;1;1;;;;;1
14/03/2015;16:51:00;206;sem vítima;770,6;BR-116/BA;Norte;Colisão Traseira;1;2;;;;;1
15/03/2015;12:04:00;104;sem vítima;581;BR-116/BA;Norte;Tombamento;1;1;;;;;1
15/03/2015;15:23:00;135;sem vítima;837,4;BR-116/BA;Norte;Colisão Traseira;2;2;;;;;1
16/03/2015;09:57:00;105;sem vítima;525,3;BR-324/BA;Oeste;Capotamento;1;3;;;;;1
16/03/2015;14:30:00;171;sem vítima;528,7;BR-324/BA;Oeste;Colisão Traseira;1;2;;;;;1
16/03/2015;10:01:00;110;sem vítima;618,2;BR-324/BA;Leste;Engavetamento;1;4;;;;;1
16/03/2015;15:30:00;184;sem vítima;614,2;BR-116/BA;Norte;Colisão Traseira;2;2;;;;;1
16/03/2015;08:14:00;68;sem vítima;643,4;BR-116/BA;Norte;Colisão Lateral;1;16;;;;;1
16/03/2015;04:09:00;12;sem vítima;828,1;BR-116/BA;Sul;Atropelamento de Animal;1;1;;;;;1
17/03/2015;06:09:00;21;sem vítima;584;BR-116/BA;Sul;Colisão Lateral;2;2;;;;;1
17/03/2015;07:29:00;34;sem vítima;644;BR-116/BA;Sul;Colisão Lateral;4;4;;;;;1
18/03/2015;05:29:00;26;sem vítima;551,8;BR-324/BA;Leste;Colisão Lateral;1;5;;;;;1
18/03/2015;11:52:00;129;sem vítima;605;BR-324/BA;Oeste;Choque - Veiculo parado no acostamento;1;2;;;;;1
18/03/2015;06:01:00;30;sem vítima;574,4;BR-116/BA;Norte;Colisão Traseira;1;6;;;;;1
19/03/2015;14:19:00;148;sem vítima;621;BR-324/BA;Oeste;Choque Contra Objeto Fixo;1;1;;;;;1
19/03/2015;10:38:00;94;com vítima;819,1;BR-116/BA;Sul;Tombamento;1;0;1;;;;1
20/03/2015;01:51:00;20;sem vítima;451,3;BR-116/BA;Norte;Atropelamento de Animal;1;1;;;;;1
20/03/2015;01:51:00;23;sem vítima;451,3;BR-116/BA;Norte;Atropelamento de Animal;1;1;;;;;1
20/03/2015;11:08:00;152;sem vítima;672,1;BR-116/BA;Norte;Colisão Lateral;1;3;;;;;1
20/03/2015;21:48:00;294;com vítima;900,1;BR-116/BA;Norte;Colisão Lateral;1;1;;1;;;2
20/03/2015;09:12:00;100;sem vítima;922,6;BR-116/BA;Norte;Colisão Lateral;1;10;;;;;1
21/03/2015;16:47:00;188;sem vítima;557;BR-324/BA;Leste;Colisão Traseira;1;2;;;;;1
21/03/2015;12:56:00;135;sem vítima;562;BR-324/BA;Oeste;Saida de Pista;1;2;;;;;1
21/03/2015;12:56:00;167;com vítima;562;BR-324/BA;Oeste;Saida de Pista;1;0;;;1;1;3
21/03/2015;13:13:00;139;sem vítima;570,3;BR-324/BA;Oeste;Saida de Pista;1;2;;;;;1
21/03/2015;11:16:00;112;sem vítima;615,8;BR-324/BA;Oeste;Choque Contra Objeto Fixo;1;1;;;;;1
21/03/2015;15:31:00;169;sem vítima;593;BR-116/BA;Sul;Saida de Pista;1;3;;;;;1
22/03/2015;16:49:00;174;sem vítima;621,3;BR-324/BA;Leste;Engavetamento;1;3;;;;;1
22/03/2015;07:28:00;39;sem vítima;698,05;BR-116/BA;Norte;Colisão Traseira;2;2;;;;;1
22/03/2015;16:18:00;163;sem vítima;929,1;BR-116/BA;Norte;Saida de Pista;1;1;;;;;1
23/03/2015;10:25:00;104;sem vítima;578,3;BR-116/BA;Norte;Saida de Pista;1;1;;;;;1
23/03/2015;14:27:00;182;com vítima;771,5;BR-116/BA;Sul;Saida de Pista;1;0;1;;;;1
24/03/2015;15:16:00;162;sem vítima;559,4;BR-324/BA;Oeste;Saida de Pista;1;1;;;;;1
24/03/2015;17:30:00;189;com vítima;866,8;BR-116/BA;Norte;Atropelamento de Pedestre;1;1;;;;1;3
25/03/2015;09:36:00;81;sem vítima;527,3;BR-324/BA;Oeste;Colisão Lateral;1;2;;;;;1
25/03/2015;11:47:00;135;sem vítima;528,2;BR-324/BA;Oeste;Colisão Traseira;1;2;;;;;1
25/03/2015;10:40:00;112;sem vítima;533,2;BR-324/BA;Oeste;Engavetamento;1;5;;;;;1
26/03/2015;13:19:00;164;sem vítima;518;BR-324/BA;Leste;Colisão Lateral;1;2;;;;;1
26/03/2015;11:02:00;118;sem vítima;531,8;BR-324/BA;Oeste;Colisão Traseira;1;2;;;;;1
26/03/2015;09:06:00;77;sem vítima;533;BR-324/BA;Oeste;Saida de Pista;1;1;;;;;1
27/03/2015;09:51:00;100;com vítima;543,2;BR-324/BA;Oeste;Colisão Lateral;1;1;2;;;;1
27/03/2015;23:44:00;349;sem vítima;567,2;BR-324/BA;Leste;Saida de Pista;1;1;;;;;1
27/03/2015;17:29:00;248;sem vítima;682,6;BR-116/BA;Norte;Colisão Lateral;2;3;;;;;1
28/03/2015;11:30:00;155;sem vítima;528,8;BR-324/BA;Oeste;Colisão Traseira;1;2;;;;;1
28/03/2015;15:17:00;216;com vítima;611,1;BR-324/BA;Oeste;Saida de Pista;1;1;2;;;;1
28/03/2015;08:58:00;95;sem vítima;699,1;BR-116/BA;Sul;Colisão Traseira;1;2;;;;;1
29/03/2015;09:18:00;75;sem vítima;548,6;BR-116/BA;Sul;Saida de Pista;1;1;;;;;1
29/03/2015;18:03:00;203;sem vítima;637,2;BR-116/BA;Norte;Engavetamento;3;3;;;;;1
29/03/2015;17:14:00;190;com vítima;669,7;BR-116/BA;Sul;Colisão Frontal;1;1;;;;1;3
29/03/2015;09:20:00;77;sem vítima;819;BR-116/BA;Norte;Tombamento;1;1;;;;;1
30/03/2015;13:14:00;180;sem vítima;0;BR-116/BA - ContSuFS;Sul;Colisão Lateral;1;4;;;;;1
30/03/2015;09:03:00;96;sem vítima;522,8;BR-324/BA;Oeste;Colisão Lateral;1;3;;;;;1
30/03/2015;07:22:00;58;com vítima;465,1;BR-116/BA;Norte;Colisão Lateral;1;47;4;;;;1
30/03/2015;07:34:00;63;com vítima;555,4;BR-116/BA;Norte;Colisão Lateral;1;2;1;;;;1
31/03/2015;11:18:00;108;sem vítima;429,2;BR-116/BA;Sul;Saida de Pista;1;1;;;;;1
31/03/2015;14:34:00;163;sem vítima;518,3;BR-324/BA;Oeste;Colisão Traseira;1;2;;;;;1
31/03/2015;12:19:00;126;sem vítima;561;BR-324/BA;Oeste;Colisão Lateral;1;3;;;;;1
31/03/2015;21:04:00;232;sem vítima;572;BR-324/BA;Leste;Saida de Pista;1;1;;;;;1
31/03/2015;17:17:00;192;sem vítima;817,5;BR-116/BA;Sul;Engavetamento;1;3;;;;;1
31/03/2015;15:47:00;176;sem vítima;851,2;BR-116/BA;Norte;Colisão Traseira;1;5;;;;;1
31/03/2015;22:49:00;251;sem vítima;858,8;BR-116/BA;Sul;Atropelamento de Animal;1;2;;;;;1
01/04/2015;06:53:00;51;sem vítima;658,5;BR-116/BA;Sul;Colisão Lateral;1;2;;;;;1
01/04/2015;06:53:00;52;sem vítima;815,3;BR-116/BA;Norte;Colisão Traseira;2;2;;;;;1
01/04/2015;12:15:00;174;sem vítima;796;BR-116/BA;Norte;Colisão Traseira;2;2;;;;;1
01/04/2015;14:05:00;196;sem vítima;530,1;BR-324/BA;Oeste;Outros;1;3;;;;;1
01/04/2015;16:55:00;247;sem vítima;536,8;BR-324/BA;Oeste;Saida de Pista;1;1;;;;;1
01/04/2015;17:10:00;255;sem vítima;643,6;BR-116/BA;Sul;Saida de Pista;1;2;;;;;1
02/04/2015;04:09:00;16;com vítima;556,1;BR-116/BA;Sul;Colisão Lateral;2;1;;1;;;2
02/04/2015;04:46:00;24;sem vítima;574;BR-324/BA;Leste;Saida de Pista;1;1;;;;;1
02/04/2015;14:55:00;203;sem vítima;520;BR-324/BA;Oeste;Colisão Lateral;1;4;;;;;1
02/04/2015;16:28:00;239;sem vítima;581,1;BR-324/BA;Oeste;Colisão Lateral;1;5;;;;;1
02/04/2015;21:30:00;340;sem vítima;700,8;BR-116/BA;Sul;Saida de Pista;1;2;;;;;1