data;horario;n_da_ocorrencia;tipo_de_ocorrencia;km;trecho;sentido;tipo_de_acidente;caminhao;ilesos;levemente_feridos;moderadamente_feridos;gravemente_feridos;mortos;3
02/04/2015;22:53:00;354;sem vítima;613;BR-324/BA;Leste;Colisão Traseira;1;2;;;;;1
03/04/2015;14:24:00;153;com vítima;463,05;BR-116/BA;Sul;Colisão Lateral;1;1;1;1;;;2
04/04/2015;21:59:00;219;sem vítima;625;BR-324/BA;Oeste;Colisão Traseira;1;2;;;;;1
05/04/2015;12:41:00;150;sem vítima;1,8;BR-116/BA - ContSuFS;Norte;Colisão Lateral;1;5;;;;;1
05/04/2015;14:31:00;185;sem vítima;547,3;BR-324/BA;Leste;Colisão Lateral;1;9;;;;;1
05/04/2015;17:06:00;249;sem vítima;540,4;BR-116/BA;Norte;Colisão Transversal;1;2;;;;;1
06/04/2015;07:21:00;69;sem vítima;665,05;BR-116/BA;Norte;Colisão Traseira;1;3;;;;;1
06/04/2015;10:19:00;119;sem vítima;624;BR-324/BA;Oeste;Colisão Traseira;1;2;;;;;1
06/04/2015;10:33:00;121;sem vítima;559,6;BR-324/BA;Leste;Colisão Traseira;1;2;;;;;1
06/04/2015;17:19:00;255;sem vítima;618,8;BR-324/BA;Leste;Colisão Lateral;1;3;;;;;1
06/04/2015;17:38:00;265;sem vítima;618,8;BR-324/BA;Leste;Colisão Lateral;1;2;;;;;1
07/04/2015;07:03:00;45;com vítima;659,4;BR-116/BA;Norte;Colisão Lateral;2;2;;1;;;2
07/04/2015;15:31:00;220;sem vítima;527,1;BR-324/BA;Oeste;Colisão Traseira;1;5;;;;;1
08/04/2015;05:32:00;24;sem vítima;439,2;BR-116/BA;Sul;Outros;1;1;;;;;1
08/04/2015;07:45:00;53;com vítima;5,1;BA-526;Sul;Colisão Lateral;1;1;2;;;;1
08/04/2015;21:04:00;248;sem vítima;909;BR-116/BA;Sul;Colisão Traseira;1;2;;;;;1
09/04/2015;08:37:00;89;sem vítima;543,1;BR-324/BA;Oeste;Colisão Lateral;1;2;;;;;1
09/04/2015;10:00:00;138;sem vítima;546,2;BR-324/BA;Leste;Colisão Traseira;1;2;;;;;1
09/04/2015;20:29:00;296;com vítima;789,5;BR-116/BA;Sul;Colisão Frontal;1;2;;1;1;1;3
09/04/2015;22:44:00;318;sem vítima;547;BR-324/BA;Oeste;Saida de Pista;1;1;;;;;1
09/04/2015;23:56:00;329;com vítima;921,5;BR-116/BA;Norte;Saida de Pista;1;0;1;;;;1
10/04/2015;06:30:00;31;com vítima;593;BR-324/BA;Oeste;Tombamento;1;0;1;;;;1
10/04/2015;16:18:00;203;sem vítima;563,5;BR-324/BA;Oeste;Saida de Pista;1;1;;;;;1
10/04/2015;18:02:00;238;sem vítima;527;BR-324/BA;Leste;Colisão Lateral;1;2;;;;;1
10/04/2015;21:28:00;289;sem vítima;900;BR-116/BA;Sul;Colisão Lateral;1;5;;;;;1
10/04/2015;21:53:00;290;sem vítima;574;BR-324/BA;Leste;Saida de Pista;1;1;;;;;1
10/04/2015;23:05:00;297;sem vítima;457,2;BR-116/BA;Norte;Outros;1;1;;;;;1
10/04/2015;23:45:00;302;sem vítima;438,1;BR-116/BA;Norte;Tombamento;1;2;;;;;1
11/04/2015;00:40:00;4;sem vítima;439,5;BR-116/BA;Sul;Saida de Pista;1;1;;;;;1
11/04/2015;04:46:00;18;sem vítima;506,05;BR-116/BA;Sul;Saida de Pista;1;2;;;;;1
11/04/2015;14:48:00;176;sem vítima;786;BR-116/BA;Sul;Colisão Lateral;1;2;;;;;1
11/04/2015;17:24:00;209;sem vítima;829;BR-116/BA;Sul;Colisão Traseira;2;2;;;;;1
11/04/2015;22:05:00;259;com vítima;539,2;BR-324/BA;Leste;Colisão Traseira;1;1;1;1;;;2
12/04/2015;05:04:00;35;com vítima;0,8;BR-116/BA - Cont VC;Norte;Outros;1;1;;;;1;3
12/04/2015;08:57:00;81;sem vítima;596,4;BR-116/BA;Sul;Saida de Pista;1;1;;;;;1
12/04/2015;11:06:00;113;com vítima;10,2;BR-116/BA - Cont VC;Sul;Saida de Pista;2;2;2;;1;;2
12/04/2015;15:21:00;153;com vítima;588,1;BR-116/BA;Sul;Colisão Lateral;2;5;7;2;;1;3
13/04/2015;04:27:00;12;sem vítima;534,05;BR-324/BA;Leste;Saida de Pista;1;1;;;;;1
13/04/2015;09:57:00;90;sem vítima;564,1;BR-324/BA;Oeste;Saida de Pista;1;4;;;;;1
13/04/2015;11:03:00;117;sem vítima;559,7;BR-324/BA;Oeste;Colisão Traseira;1;2;;;;;1
14/04/2015;13:41:00;159;sem vítima;555,2;BR-116/BA;Norte;Saida de Pista;1;1;;;;;1
14/04/2015;14:08:00;166;sem vítima;574;BR-324/BA;Oeste;Colisão Traseira;1;2;;;;;1
14/04/2015;14:25:00;168;com vítima;608,1;BR-324/BA;Oeste;Engavetamento;1;17;1;;;;1
14/04/2015;15:52:00;191;sem vítima;459,3;BR-116/BA;Sul;Colisão Traseira;1;12;;;;;1
15/04/2015;14:47:00;201;sem vítima;561,8;BR-324/BA;Oeste;Colisão Traseira;1;3;;;;;1
15/04/2015;17:21:00;242;sem vítima;909;BR-116/BA;Norte;Colisão Traseira;2;2;;;;;1
16/04/2015;07:32:00;47;sem vítima;594;BR-324/BA;Leste;Saida de Pista;1;1;;;;;1
16/04/2015;10:39:00;109;com vítima;653;BR-116/BA;Sul;Tombamento;1;0;;;;1;3
16/04/2015;15:07:00;167;sem vítima;560,3;BR-324/BA;Oeste;Colisão Lateral;1;4;;;;;1
16/04/2015;15:32:00;171;sem vítima;590,7;BR-324/BA;Leste;Colisão Lateral;1;2;;;;;1
16/04/2015;16:22:00;177;sem vítima;537,4;BR-324/BA;Oeste;Saida de Pista;1;1;;;;;1
17/04/2015;02:44:00;16;sem vítima;592,8;BR-324/BA;Leste;Saida de Pista;1;1;;;;;1
17/04/2015;08:11:00;71;sem vítima;549;BR-116/BA;Sul;Colisão Traseira;2;3;;;;;1
17/04/2015;08:45:00;82;sem vítima;559,5;BR-324/BA;Oeste;Colisão Traseira;2;2;;;;;1
17/04/2015;14:24:00;186;sem vítima;433,3;BR-116/BA;Sul;Colisão Traseira;1;4;;;;;1
17/04/2015;20:22:00;280;com vítima;516,8;BR-116/BA;Norte;Colisão Traseira;1;1;1;;;;1
18/04/2015;13:12:00;139;com vítima;1,2;BR-116/BA - ContSuFS;Sul;Colisão Transversal;1;2;1;;;;1
18/04/2015;14:38:00;157;com vítima;460,6;BR-116/BA;Sul;Colisão Traseira;2;1;1;;;;1
19/04/2015;06:19:00;26;com vítima;748,4;BR-116/BA;Norte;Tombamento;1;2;2;;;;1
19/04/2015;18:19:00;173;sem vítima;836;BR-116/BA;Norte;Colisão Traseira;2;2;;;;;1
20/04/2015;03:31:00;18;sem vítima;432;BR-116/BA;Norte;Tombamento;1;1;;;;;1
20/04/2015;05:01:00;24;sem vítima;467,2;BR-116/BA;Norte;Colisão Traseira;2;2;;;;;1
20/04/2015;16:01:00;179;sem vítima;874,8;BR-116/BA;Norte;Engavetamento;3;3;;;;;1
21/04/2015;14:22:00;124;sem vítima;640,3;BR-116/BA;Norte;Colisão Lateral;1;2;;;;;1
22/04/2015;14:09:00;181;sem vítima;526,2;BR-324/BA;Oeste;Colisão Traseira;2;2;;;;;1
22/04/2015;14:21:00;185;sem vítima;675,6;BR-116/BA;Norte;Engavetamento;1;35;;;;;1
23/04/2015;07:59:00;64;sem vítima;591,6;BR-116/BA;Sul;Colisão Traseira;1;2;;;;;1
23/04/2015;17:48:00;258;sem vítima;551;BR-324/BA;Leste;Engavetamento;1;3;;;;;1
24/04/2015;04:28:00;17;sem vítima;548,5;BR-116/BA;Sul;Saida de Pista;1;2;;;;;1
24/04/2015;18:17:00;223;sem vítima;607;BR-324/BA;Leste;Colisão Lateral;1;3;;;;;1
24/04/2015;22:06:00;271;com vítima;520;BR-116/BA;Sul;Colisão Frontal;1;1;;;;1;3
25/04/2015;08:09:00;58;sem vítima;518,1;BR-324/BA;Oeste;Colisão Lateral;1;2;;;;;1
25/04/2015;15:38:00;161;sem vítima;586,6;BR-116/BA;Norte;Colisão Lateral;1;4;;;;;1
25/04/2015;16:37:00;183;com vítima;655,3;BR-116/BA;Norte;Engavetamento;4;4;;3;;;2
25/04/2015;22:39:00;256;com vítima;653,1;BR-116/BA;Sul;Atropelamento de Pedestre;2;0;;;1;1;3
26/04/2015;05:55:00;29;sem vítima;886,1;BR-116/BA;Sul;Saida de Pista;1;1;;;;;1
26/04/2015;06:57:00;43;sem vítima;20,9;BR-116/BA - Cont VC;Sul;Choque Contra Objeto Fixo;1;2;;;;;1
26/04/2015;10:08:00;91;com vítima;910,5;BR-116/BA;Sul;Colisão Lateral;3;2;1;;;;1
26/04/2015;12:50:00;132;com vítima;589,3;BR-116/BA;Sul;Colisão Lateral;1;5;1;;;;1
27/04/2015;14:09:00;171;sem vítima;566;BR-324/BA;Oeste;Colisão Lateral;2;2;;;;;1
27/04/2015;18:08:00;230;com vítima;703;BR-116/BA;Sul;Tombamento;1;0;;2;;;2
27/04/2015;18:23:00;233;com vítima;528;BR-116/BA;Norte;Colisão Frontal;1;1;;;;1;3
28/04/2015;05:02:00;30;com vítima;595,2;BR-324/BA;Leste;Colisão Traseira;1;13;1;;;;1
28/04/2015;09:24:00;96;sem vítima;559,2;BR-324/BA;Leste;Colisão Lateral;1;2;;;;;1
28/04/2015;16:57:00;213;sem vítima;640;BR-116/BA;Norte;Tombamento;1;1;;;;;1
29/04/2015;07:11:00;35;sem vítima;569;BR-116/BA;Sul;Tombamento;1;1;;;;;1
29/04/2015;13:35:00;162;sem vítima;541,8;BR-324/BA;Leste;Colisão Lateral;1;3;;;;;1
29/04/2015;17:26:00;225;com vítima;643,3;BR-116/BA;Sul;Tombamento;1;0;2;;;;1
30/04/2015;15:48:00;190;sem vítima;617,8;BR-324/BA;Oeste;Colisão Lateral;1;5;;;;;1
30/04/2015;18:37:00;238;sem vítima;619;BR-324/BA;Oeste;Colisão Traseira;2;2;;;;;1
30/04/2015;20:13:00;257;sem vítima;11;BR-116/BA - Cont VC;Sul;Colisão Lateral;1;2;;;;;1
01/05/2015;10:03:00;83;sem vítima;561,9;BR-324/BA;Oeste;Saida de Pista;1;1;;;;;1
01/05/2015;14:52:00;150;com vítima;879,3;BR-116/BA;Sul;Colisão Lateral;1;1;1;;;;1
01/05/2015;15:02:00;153;sem vítima;633,1;BR-116/BA;Norte;Colisão Lateral;1;2;;;;;1
01/05/2015;18:25:00;199;sem vítima;622,98;BR-324/BA;Leste;Engavetamento;1;3;;;;;1
02/05/2015;00:50:00;5;com vítima;599;BR-324/BA;Leste;Colisão Traseira;1;1;1;;;;1
02/05/2015;04:45:00;19;com vítima;696;BR-116/BA;Norte;Colisão Frontal;1;2;;;;3;3
02/05/2015;07:39:00;43;com vítima;836,5;BR-116/BA;Norte;Colisão Transversal;1;1;1;;;;1
02/05/2015;07:40:00;44;sem vítima;907;BR-116/BA;Sul;Atropelamento de Animal;1;2;;;;;1
02/05/2015;14:45:00;128;sem vítima;579;BR-116/BA;Norte;Tombamento;1;2;;;;;1
02/05/2015;16:50:00;162;com vítima;547;BR-324/BA;Leste;Saida de Pista;1;1;2;;;;1
02/05/2015;19:13:00;179;sem vítima;642,4;BR-116/BA;Norte;Saida de Pista;1;1;;;;;1
02/05/2015;23:49:00;209;sem vítima;544;BR-116/BA;Norte;Saida de Pista;1;1;;;;;1
03/05/2015;18:40:00;190;sem vítima;477,9;BR-116/BA;Sul;Saida de Pista;1;1;;;;;1
04/05/2015;15:03:00;203;sem vítima;638,2;BR-116/BA;Norte;Colisão Lateral;2;2;;;;;1
05/05/2015;07:40:00;38;sem vítima;0;BR-116/BA - ContSuFS;Norte;Saida de Pista;1;1;;;;;1
05/05/2015;09:07:00;73;sem vítima;617,6;BR-324/BA;Oeste;Colisão Traseira;2;2;;;;;1
05/05/2015;10:13:00;101;com vítima;460,3;BR-116/BA;Sul;Colisão Transversal;1;1;3;;1;;2
05/05/2015;17:37:00;225;com vítima;520,7;BR-324/BA;Oeste;Sequência;1;2;;1;;;2
05/05/2015;18:11:00;231;com vítima;875;BR-116/BA;Norte;Tombamento;1;0;;1;;;2
06/05/2015;06:26:00;20;com vítima;570;BR-116/BA;Norte;Choque - Talude;1;0;1;;;1;3
06/05/2015;07:27:00;34;com vítima;540,8;BR-116/BA;Sul;Colisão Lateral;2;2;2;;;;1
06/05/2015;16:57:00;202;sem vítima;0;BA-528;Sul;Colisão Lateral;1;2;;;;;1
06/05/2015;19:51:00;246;sem vítima;561;BR-324/BA;Leste;Colisão Lateral;1;17;;;;;1
07/05/2015;06:53:00;39;sem vítima;910;BR-116/BA;Sul;Colisão Traseira;2;3;;;;;1
07/05/2015;08:04:00;63;sem vítima;549,9;BR-324/BA;Leste;Colisão Lateral;1;7;;;;;1
07/05/2015;11:39:00;127;sem vítima;610,9;BR-324/BA;Oeste;Colisão Lateral;1;4;;;;;1
07/05/2015;12:28:00;136;sem vítima;520,2;BR-324/BA;Leste;Colisão Traseira;2;2;;;;;1
07/05/2015;18:44:00;217;sem vítima;527;BR-116/BA;Sul;Saida de Pista;1;1;;;;;1
08/05/2015;05:35:00;20;sem vítima;614,6;BR-324/BA;Oeste;Colisão Lateral;1;6;;;;;1
08/05/2015;18:18:00;263;sem vítima;543;BR-324/BA;Leste;Colisão Lateral;1;2;;;;;1
09/05/2015;03:43:00;25;com vítima;615;BR-324/BA;Oeste;Colisão Traseira;1;5;;1;;;2
09/05/2015;04:54:00;28;com vítima;856,1;BR-116/BA;Sul;Colisão Lateral;2;2;1;;;;1
09/05/2015;05:44:00;39;sem vítima;538,1;BR-116/BA;Norte;Saida de Pista;1;2;;;;;1
09/05/2015;08:49:00;81;com vítima;537,9;BR-116/BA;Norte;Saida de Pista;1;3;1;;;;1
09/05/2015;13:06:00;161;sem vítima;651,05;BR-116/BA;Norte;Colisão Traseira;2;2;;;;;1
09/05/2015;18:26:00;225;com vítima;700;BR-116/BA;Sul;Tombamento;1;0;1;;;;1
10/05/2015;06:34:00;41;sem vítima;563,6;BR-324/BA;Oeste;Saida de Pista;1;2;;;;;1
10/05/2015;09:20:00;79;sem vítima;615,5;BR-324/BA;Oeste;Saida de Pista;1;1;;;;;1
10/05/2015;10:06:00;88;sem vítima;584,5;BR-116/BA;Sul;Saida de Pista;2;2;;;;;1
10/05/2015;13:51:00;136;com vítima;523,3;BR-324/BA;Leste;Colisão Traseira;1;3;1;;;;1
10/05/2015;16:46:00;174;com vítima;563;BR-324/BA;Oeste;Saida de Pista;1;1;1;1;;;2
11/05/2015;04:46:00;26;sem vítima;521,3;BR-324/BA;Leste;Tombamento;1;1;;;;;1
11/05/2015;07:26:00;56;sem vítima;621,8;BR-324/BA;Oeste;Engavetamento;1;24;;;;;1
11/05/2015;08:30:00;74;sem vítima;520,1;BR-324/BA;Leste;Colisão Traseira;1;3;;;;;1
11/05/2015;10:52:00;125;com vítima;652,4;BR-116/BA;Norte;Colisão Traseira;2;1;1;;;;1
11/05/2015;19:30:00;259;com vítima;736;BR-116/BA;Norte;Choque - Defensa, barreira ou "submarino";1;1;1;;;;1
11/05/2015;22:02:00;278;com vítima;524;BR-116/BA;Norte;Colisão Traseira;1;1;1;;;;1
12/05/2015;00:30:00;4;com vítima;595;BR-324/BA;Leste;Colisão Traseira;1;4;1;;;;1
12/05/2015;10:11:00;108;sem vítima;547;BR-324/BA;Leste;Saida de Pista;1;1;;;;;1
12/05/2015;14:34:00;196;sem vítima;563,2;BR-116/BA;Norte;Saida de Pista;1;1;;;;;1
12/05/2015;16:41:00;238;sem vítima;613;BR-324/BA;Oeste;Choque Contra Objeto Fixo;1;1;;;;;1
12/05/2015;19:50:00;292;sem vítima;602;BR-116/BA;Norte;Tombamento;1;1;;;;;1
13/05/2015;18:36:00;246;sem vítima;618;BR-324/BA;Oeste;Engavetamento;1;3;;;;;1
14/05/2015;08:17:00;61;sem vítima;566;BR-116/BA;Norte;Colisão Traseira;2;3;;;;;1
14/05/2015;16:49:00;229;sem vítima;593;BR-116/BA;Norte;Engavetamento;2;5;;;;;1
14/05/2015;19:14:00;268;sem vítima;602;BR-116/BA;Sul;Saida de Pista;1;1;;;;;1
14/05/2015;19:25:00;271;com vítima;873;BR-116/BA;Sul;Colisão Lateral;1;3;1;;;;1
15/05/2015;00:39:00;5;com vítima;728;BR-116/BA;Sul;Choque Contra Objeto Fixo;1;1;;1;;;2
15/05/2015;04:43:00;22;sem vítima;561;BR-324/BA;Oeste;Saida de Pista;1;1;;;;;1
15/05/2015;08:43:00;79;sem vítima;528,8;BR-324/BA;Leste;Colisão Lateral;1;2;;;;;1
15/05/2015;10:06:00;105;sem vítima;614;BR-116/BA;Norte;Colisão Traseira;2;2;;;;;1
15/05/2015;15:46:00;190;sem vítima;554;BR-116/BA;Sul;Colisão Lateral;1;2;;;;;1
16/05/2015;09:21:00;99;sem vítima;924,5;BR-116/BA;Sul;Engavetamento;3;3;;;;;1
16/05/2015;16:44:00;212;com vítima;642;BR-116/BA;Sul;Colisão Lateral;2;0;2;;;;1
16/05/2015;18:50:00;242;sem vítima;1,5;BR-116/BA - ContSuFS;Sul;Choque - Veiculo parado no acostamento;1;3;;;;;1
16/05/2015;19:52:00;256;sem vítima;597;BR-324/BA;Oeste;Colisão Traseira;1;2;;;;;1
17/05/2015;00:35:00;6;com vítima;579;BR-116/BA;Sul;Saida de Pista;1;0;2;;;;1
17/05/2015;08:30:00;78;sem vítima;793;BR-116/BA;Norte;Colisão Traseira;1;2;;;;;1
17/05/2015;10:57:00;112;com vítima;754;BR-116/BA;Norte;Colisão Lateral;1;1;1;;;;1
17/05/2015;16:18:00;188;com vítima;675;BR-116/BA;Sul;Colisão Frontal;2;2;;;1;1;3
17/05/2015;22:03:00;269;sem vítima;8;BR-116/BA - Cont VC;Norte;Colisão Lateral;1;2;;;;;1
18/05/2015;09:45:00;114;sem vítima;819;BR-116/BA;Norte;Tombamento;1;2;;;;;1
18/05/2015;12:15:00;152;sem vítima;546,2;BR-116/BA;Norte;Engavetamento;3;3;;;;;1
18/05/2015;16:08:00;211;sem vítima;615,5;BR-324/BA;Leste;Engavetamento;2;6;;;;;1
18/05/2015;16:13:00;214;com vítima;652;BR-116/BA;Norte;Colisão Frontal;2;0;1;1;;;2
18/05/2015;17:58:00;237;sem vítima;608;BR-324/BA;Leste;Colisão Lateral;1;2;;;;;1
19/05/2015;17:50:00;251;sem vítima;582;BR-324/BA;Oeste;Saida de Pista;1;1;;;;;1
20/05/2015;02:40:00;12;com vítima;11;BR-116/BA - Cont VC;Sul;Atropelamento de Animal;1;1;2;;;;1
20/05/2015;07:12:00;45;sem vítima;669,1;BR-116/BA;Sul;Colisão Lateral;1;2;;;;;1
20/05/2015;10:44:00;116;sem vítima;792,3;BR-116/BA;Sul;Colisão Traseira;2;3;;;;;1
20/05/2015;17:34:00;236;sem vítima;533,2;BR-324/BA;Oeste;Engavetamento;1;3;;;;;1
20/05/2015;23:15:00;301;sem vítima;455,3;BR-116/BA;Norte;Tombamento;1;1;;;;;1
21/05/2015;05:13:00;14;com vítima;455,5;BR-116/BA;Norte;Tombamento;1;0;;;;1;3
21/05/2015;10:32:00;107;sem vítima;581;BR-324/BA;Oeste;Saida de Pista;1;1;;;;;1
21/05/2015;19:07:00;232;com vítima;544;BR-116/BA;Norte;Colisão Lateral;1;1;1;;;;1
22/05/2015;13:52:00;179;com vítima;617,1;BR-324/BA;Oeste;Tombamento;1;0;2;;;;1
22/05/2015;16:49:00;221;sem vítima;589,3;BR-116/BA;Norte;Saida de Pista;1;1;;;;;1
22/05/2015;16:54:00;225;sem vítima;543,2;BR-116/BA;Sul;Colisão Lateral;1;4;;;;;1
22/05/2015;22:58:00;293;sem vítima;530;BR-324/BA;Oeste;Saida de Pista;1;1;;;;;1
23/05/2015;07:10:00;55;sem vítima;518;BR-116/BA;Sul;Colisão Lateral;3;4;;;;;1
23/05/2015;07:41:00;65;sem vítima;831;BR-116/BA;Norte;Engavetamento;2;6;;;;;1
24/05/2015;05:24:00;20;sem vítima;480,2;BR-116/BA;Sul;Tombamento;1;1;;;;;1
25/05/2015;05:28:00;21;sem vítima;428,9;BR-116/BA;Norte;Tombamento;1;1;;;;;1
25/05/2015;06:04:00;28;sem vítima;544,1;BR-324/BA;Leste;Colisão Traseira;2;2;;;;;1
25/05/2015;14:42:00;219;sem vítima;709,2;BR-116/BA;Norte;Colisão Traseira;2;2;;;;;1
25/05/2015;14:46:00;220;sem vítima;624,7;BR-116/BA;Sul;Engavetamento;2;6;;;;;1
26/05/2015;11:43:00;152;sem vítima;596;BR-116/BA;Norte;Colisão Lateral;2;2;;;;;1
26/05/2015;21:01:00;304;sem vítima;575;BR-324/BA;Leste;Colisão Lateral;2;3;;;;;1
27/05/2015;07:05:00;28;sem vítima;523,2;BR-324/BA;Leste;Colisão Lateral;1;2;;;;;1
27/05/2015;15:13:00;186;sem vítima;615,7;BR-324/BA;Oeste;Colisão Traseira;1;2;;;;;1
27/05/2015;15:15:00;187;sem vítima;572,2;BR-324/BA;Oeste;Colisão Lateral;1;2;;;;;1
27/05/2015;17:24:00;227;sem vítima;617;BR-324/BA;Oeste;Colisão Traseira;1;2;;;;;1
28/05/2015;15:36:00;218;sem vítima;602,5;BR-324/BA;Leste;Colisão Lateral;1;2;;;;;1
29/05/2015;04:55:00;23;com vítima;748,9;BR-116/BA;Sul;Saida de Pista;1;0;1;;;;1
29/05/2015;15:36:00;240;com vítima;542,1;BR-324/BA;Oeste;Colisão Traseira;1;3;1;;;;1
29/05/2015;15:56:00;248;sem vítima;659,2;BR-116/BA;Sul;Colisão Traseira;2;2;;;;;1
29/05/2015;19:15:00;297;sem vítima;642;BR-116/BA;Norte;Tombamento;1;1;;;;;1
30/05/2015;08:26:00;62;sem vítima;743,1;BR-116/BA;Norte;Atropelamento de Animal;1;1;;;;;1
30/05/2015;18:36:00;362;sem vítima;626;BR-116/BA;Norte;Colisão Traseira;2;2;;;;;1
30/05/2015;21:32:00;404;com vítima;621;BR-324/BA;Oeste;Colisão Traseira;1;1;1;1;;;2
31/05/2015;02:55:00;16;com vítima;589,4;BR-116/BA;Sul;Colisão Frontal;1;1;;1;;;2
31/05/2015;13:29:00;149;sem vítima;625,5;BR-324/BA;Oeste;Colisão Traseira;1;2;;;;;1
01/06/2015;09:18:00;105;sem vítima;541,9;BR-324/BA;Leste;Colisão Traseira;2;2;;;;;1
01/06/2015;10:05:00;116;sem vítima;566;BR-324/BA;Oeste;Saida de Pista;1;1;;;;;1
01/06/2015;11:32:00;167;sem vítima;617;BR-324/BA;Leste;Colisão Lateral;1;3;;;;;1
01/06/2015;13:07:00;187;sem vítima;617,9;BR-324/BA;Leste;Tombamento;1;1;;;;;1
01/06/2015;03:31:00;32;sem vítima;594,5;BR-116/BA;Norte;Tombamento;1;1;;;;;1
01/06/2015;00:46:00;3;com vítima;683,9;BR-116/BA;Norte;Saida de Pista;1;0;1;;;;1
02/06/2015;06:25:00;28;com vítima;578;BR-324/BA;Leste;Colisão Traseira;1;4;2;;;;1
02/06/2015;06:08:00;22;sem vítima;579;BR-324/BA;Leste;Colisão Transversal;1;3;;;;;1
02/06/2015;10:01:00;144;sem vítima;595;BR-324/BA;Leste;Colisão Traseira;2;2;;;;;1
02/06/2015;14:16:00;219;sem vítima;549,2;BR-116/BA;Sul;Engavetamento;2;4;;;;;1
03/06/2015;17:19:00;287;com vítima;522,3;BR-324/BA;Leste;Colisão Traseira;1;1;;1;;;2
03/06/2015;08:31:00;117;sem vítima;613,1;BR-324/BA;Leste;Colisão Lateral;1;3;;;;;1
03/06/2015;18:54:00;303;com vítima;614;BR-324/BA;Leste;Outros;1;0;1;;;;1
03/06/2015;15:27:00;263;sem vítima;736;BR-116/BA;Norte;Saida de Pista;1;1;;;;;1
04/06/2015;18:10:00;198;sem vítima;442;BR-116/BA;Sul;Saida de Pista;1;1;;;;;1
04/06/2015;18:44:00;207;com vítima;644,4;BR-116/BA;Sul;Sequência;2;43;2;;;;1
05/06/2015;07:47:00;45;sem vítima;7,1;BR-116/BA - Cont VC;Norte;Colisão Lateral;3;5;;;;;1
05/06/2015;10:22:00;92;com vítima;521,1;BR-116/BA;Norte;Colisão Traseira;1;1;2;;;;1
05/06/2015;19:31:00;214;sem vítima;838;BR-116/BA;Sul;Engavetamento;3;7;;;;;1
06/06/2015;14:20:00;172;com vítima;600;BR-116/BA;Norte;Sequência;1;1;1;;;;1
06/06/2015;07:01:00;44;sem vítima;639,5;BR-116/BA;Norte;Colisão Lateral;1;11;;;;;1
06/06/2015;01:25:00;9;sem vítima;681,8;BR-116/BA;Norte;Tombamento;1;1;;;;;1
06/06/2015;20:11:00;241;sem vítima;790;BR-116/BA;Sul;Colisão Lateral;1;3;;;;;1
06/06/2015;07:29:00;58;sem vítima;804,1;BR-116/BA;Norte;Colisão Traseira;1;29;;;;;1
07/06/2015;14:31:00;148;sem vítima;537,05;BR-324/BA;Leste;Colisão Lateral;1;2;;;;;1
08/06/2015;05:23:00;31;sem vítima;566,05;BR-324/BA;Leste;Saida de Pista;1;1;;;;;1
08/06/2015;20:06:00;277;sem vítima;618;BR-324/BA;Oeste;Colisão Traseira;2;3;;;;;1
08/06/2015;19:59:00;275;sem vítima;716;BR-116/BA;Norte;Colisão Traseira;4;4;;;;;1
08/06/2015;09:38:00;114;com vítima;817;BR-116/BA;Norte;Colisão Transversal;1;1;1;;;;1
09/06/2015;11:37:00;133;sem vítima;449,1;BR-116/BA;Sul;Colisão Traseira;2;2;;;;;1
09/06/2015;07:12:00;41;sem vítima;609,1;BR-116/BA;Sul;Colisão Lateral;2;3;;;;;1
09/06/2015;00:50:00;17;com vítima;787,8;BR-116/BA;Norte;Saida de Pista;1;0;2;;;;1
10/06/2015;18:54:00;252;sem vítima;530,1;BR-324/BA;Leste;Colisão Lateral;1;2;;;;;1
10/06/2015;12:31:00;150;sem vítima;563;BR-324/BA;Oeste;Saida de Pista;1;1;;;;;1
10/06/2015;14:51:00;198;sem vítima;620;BR-324/BA;Leste;Engavetamento;1;3;;;;;1
10/06/2015;01:06:00;6;sem vítima;921,2;BR-116/BA;Norte;Saida de Pista;1;1;;;;;1
11/06/2015;08:08:00;62;sem vítima;608;BR-324/BA;Oeste;Saida de Pista;1;1;;;;;1
12/06/2015;13:41:00;187;sem vítima;446,4;BR-116/BA;Sul;Colisão Lateral;1;3;;;;;1
12/06/2015;11:51:00;146;com vítima;568;BR-116/BA;Norte;Colisão Transversal;1;2;2;;;;1
12/06/2015;06:15:00;27;com vítima;606,5;BR-116/BA;Sul;Colisão Lateral;1;1;;3;;;2
12/06/2015;15:17:00;212;sem vítima;802;BR-116/BA;Norte;Colisão Traseira;1;3;;;;;1
13/06/2015;02:25:00;11;com vítima;586,12;BR-116/BA;Norte;Colisão Transversal;1;8;;;;1;3
13/06/2015;14:52:00;181;sem vítima;601;BR-116/BA;Norte;Tombamento;1;1;;;;;1
14/06/2015;21:28:00;260;com vítima;545;BR-116/BA;Sul;Colisão Lateral;1;3;;1;;;2
14/06/2015;21:54:00;265;sem vítima;592;BR-116/BA;Norte;Colisão Traseira;2;2;;;;;1
15/06/2015;13:56:00;183;sem vítima;569,3;BR-324/BA;Oeste;Colisão Lateral;1;3;;;;;1
15/06/2015;13:43:00;180;sem vítima;592,2;BR-324/BA;Oeste;Colisão Lateral;1;39;;;;;1
15/06/2015;07:50:00;60;sem vítima;632;BR-116/BA;Norte;Colisão Traseira;1;3;;;;;1
16/06/2015;00:15:00;1;sem vítima;589,5;BR-324/BA;Leste;Colisão Traseira;1;2;;;;;1
16/06/2015;06:07:00;36;com vítima;595,3;BR-324/BA;Leste;Colisão Lateral;3;2;2;;;1;3
16/06/2015;15:25:00;206;com vítima;616,9;BR-324/BA;Oeste;Engavetamento;2;2;;1;;;2