data;horario;n_da_ocorrencia;tipo_de_ocorrencia;km;trecho;sentido;tipo_de_acidente;caminhao;ilesos;levemente_feridos;moderadamente_feridos;gravemente_feridos;mortos;3
16/06/2015;06:05:00;35;sem vítima;540;BR-116/BA;Sul;Colisão Traseira;1;2;;;;;1
17/06/2015;10:24:00;99;sem vítima;602;BR-324/BA;Oeste;Colisão Lateral;1;5;;;;;1
17/06/2015;10:34:00;103;com vítima;589,2;BR-116/BA;Sul;Colisão Frontal;2;9;;1;;;2
17/06/2015;14:05:00;162;sem vítima;819,09;BR-116/BA;Norte;Tombamento;1;1;;;;;1
18/06/2015;11:33:00;140;sem vítima;569,2;BR-116/BA;Sul;Saida de Pista;1;2;;;;;1
18/06/2015;14:52:00;206;sem vítima;618,2;BR-116/BA;Norte;Saida de Pista;1;2;;;;;1
18/06/2015;15:40:00;215;sem vítima;634,2;BR-116/BA;Sul;Colisão Lateral;1;2;;;;;1
18/06/2015;22:39:00;305;sem vítima;645;BR-116/BA;Sul;Tombamento;1;1;;;;;1
19/06/2015;17:26:00;259;sem vítima;522;BR-324/BA;Oeste;Colisão Lateral;1;2;;;;;1
19/06/2015;17:01:00;239;sem vítima;617;BR-324/BA;Oeste;Colisão Traseira;1;8;;;;;1
20/06/2015;05:32:00;55;sem vítima;457,2;BR-116/BA;Norte;Saida de Pista;1;1;;;;;1
20/06/2015;11:41:00;189;sem vítima;599,3;BR-324/BA;Oeste;Colisão Traseira;1;2;;;;;1
20/06/2015;12:18:00;204;com vítima;548,8;BR-116/BA;Norte;Colisão Traseira;2;3;1;;;;1
20/06/2015;23:52:00;394;sem vítima;808,3;BR-116/BA;Sul;Atropelamento de Animal;1;4;;;;;1
20/06/2015;08:10:00;107;sem vítima;860;BR-116/BA;Norte;Colisão Lateral;1;3;;;;;1
20/06/2015;10:13:00;150;com vítima;872;BR-116/BA;Sul;Colisão Frontal;1;1;;;;2;3
21/06/2015;21:34:00;332;sem vítima;520;BR-324/BA;Oeste;Colisão Transversal;1;2;;;;;1
21/06/2015;09:48:00;136;sem vítima;581,5;BR-116/BA;Norte;Tombamento;1;2;;;;;1
21/06/2015;00:31:00;9;sem vítima;631;BR-116/BA;Sul;Atropelamento de Animal;1;1;;;;;1
21/06/2015;10:10:00;143;sem vítima;709,7;BR-116/BA;Sul;Colisão Lateral;1;2;;;;;1
21/06/2015;12:31:00;203;sem vítima;847,2;BR-116/BA;Norte;Colisão Lateral;1;3;;;;;1
22/06/2015;06:39:00;52;sem vítima;9,1;BR-116/BA - Cont VC;Norte;Saida de Pista;1;2;;;;;1
22/06/2015;04:35:00;24;sem vítima;464,2;BR-116/BA;Norte;Tombamento;1;1;;;;;1
22/06/2015;10:49:00;138;com vítima;571,2;BR-116/BA;Sul;Colisão Traseira;1;3;1;;;;1
22/06/2015;05:54:00;32;sem vítima;924,1;BR-116/BA;Norte;Saida de Pista;1;2;;;;;1
23/06/2015;10:56:00;130;sem vítima;571,5;BR-324/BA;Oeste;Colisão Lateral;1;2;;;;;1
23/06/2015;04:20:00;23;sem vítima;590;BR-324/BA;Leste;Tombamento;1;1;;;;;1
23/06/2015;04:25:00;25;com vítima;543;BR-116/BA;Sul;Colisão Lateral;1;2;1;;;;1
23/06/2015;00:43:00;8;sem vítima;640;BR-116/BA;Norte;Saida de Pista;1;1;;;;;1
23/06/2015;05:26:00;37;com vítima;696,6;BR-116/BA;Sul;Saida de Pista;1;0;;;1;;2
23/06/2015;05:26:00;139;com vítima;696,6;BR-116/BA;Sul;Saida de Pista;1;0;1;;;;1
24/06/2015;16:28:00;206;sem vítima;559,6;BR-324/BA;Oeste;Colisão Traseira;1;6;;;;;1
24/06/2015;02:52:00;27;sem vítima;555;BR-116/BA;Norte;Saida de Pista;1;1;;;;;1
25/06/2015;09:46:00;113;sem vítima;551;BR-324/BA;Leste;Colisão Traseira;2;3;;;;;1
25/06/2015;09:22:00;106;sem vítima;552,1;BR-324/BA;Leste;Colisão Traseira;1;2;;;;;1
25/06/2015;09:32:00;110;sem vítima;599;BR-324/BA;Leste;Colisão Lateral;1;2;;;;;1
25/06/2015;09:32:00;109;sem vítima;617;BR-324/BA;Oeste;Colisão Lateral;1;2;;;;;1
25/06/2015;06:01:00;43;sem vítima;773,3;BR-116/BA;Sul;Colisão Lateral;1;4;;;;;1
26/06/2015;14:56:00;182;sem vítima;521,6;BR-324/BA;Oeste;Colisão Traseira;1;2;;;;;1
26/06/2015;07:58:00;63;sem vítima;549;BR-324/BA;Leste;Choque Contra Objeto Fixo;1;1;;;;;1
26/06/2015;17:57:00;231;sem vítima;562,3;BR-324/BA;Oeste;Saida de Pista;1;1;;;;;1
27/06/2015;12:16:00;145;sem vítima;539;BR-116/BA;Sul;Tombamento;1;1;;;;;1
27/06/2015;16:38:00;207;sem vítima;566;BR-116/BA;Sul;Outros;1;4;;;;;1
27/06/2015;16:06:00;201;com vítima;680;BR-116/BA;Sul;Tombamento;1;1;1;;;;1
28/06/2015;14:56:00;171;com vítima;15,7;BR-116/BA - Cont VC;Sul;Colisão Transversal;1;4;2;;;;1
29/06/2015;13:24:00;161;sem vítima;562,9;BR-324/BA;Oeste;Colisão Lateral;1;4;;;;;1
29/06/2015;13:20:00;172;sem vítima;563;BR-324/BA;Leste;Colisão Traseira;2;2;;;;;1
29/06/2015;07:54:00;60;sem vítima;594,6;BR-324/BA;Leste;Colisão Lateral;1;3;;;;;1
29/06/2015;14:59:00;181;sem vítima;696,8;BR-116/BA;Sul;Saida de Pista;1;2;;;;;1
30/06/2015;05:18:00;27;sem vítima;429,2;BR-116/BA;Norte;Atropelamento de Animal;1;1;;;;;1
30/06/2015;20:32:00;268;sem vítima;595,1;BR-324/BA;Oeste;Saida de Pista;1;2;;;;;1
30/06/2015;10:03:00;113;sem vítima;594,2;BR-116/BA;Norte;Colisão Lateral;1;4;;;;;1
30/06/2015;07:27:00;52;sem vítima;641;BR-116/BA;Sul;Colisão Traseira;1;3;;;;;1
30/06/2015;11:42:00;142;sem vítima;715;BR-116/BA;Sul;Colisão Lateral;2;2;;;;;1
30/06/2015;02:03:00;14;sem vítima;798;BR-116/BA;Sul;Atropelamento de Animal;1;1;;;;;1
30/06/2015;23:34:00;292;sem vítima;847,8;BR-116/BA;Sul;Tombamento;1;1;;;;;1
01/07/2015;17:21:00;215;com vítima;6;BR-116/BA - ContSuFS;Norte;Colisão Lateral;1;3;1;;;;1
01/07/2015;20:43:00;262;sem vítima;16,8;BR-116/BA - Cont VC;Norte;Colisão Lateral;1;2;;;;;1
01/07/2015;04:18:00;21;sem vítima;614,1;BR-324/BA;Leste;Choque Contra Objeto Fixo;1;1;;;;;1
01/07/2015;11:59:00;138;com vítima;614,7;BR-324/BA;Oeste;Colisão Traseira;1;2;;;;1;3
01/07/2015;13:14:00;153;sem vítima;617,15;BR-324/BA;Oeste;Colisão Lateral;1;2;;;;;1
01/07/2015;03:30:00;19;sem vítima;644;BR-116/BA;Norte;Tombamento;1;1;;;;;1
01/07/2015;20:27:00;261;com vítima;817;BR-116/BA;Norte;Colisão Transversal;1;1;;1;;;2
02/07/2015;17:38:00;210;com vítima;526,3;BR-324/BA;Leste;Atropelamento de Pedestre;2;2;1;;;;1
02/07/2015;18:57:00;225;sem vítima;574,05;BR-116/BA;Norte;Tombamento;1;1;;;;;1
02/07/2015;02:12:00;12;com vítima;581;BR-116/BA;Sul;Saida de Pista;1;1;1;;;;1
03/07/2015;23:26:00;283;sem vítima;631;BR-116/BA;Norte;Atropelamento de Animal;1;1;;;;;1
03/07/2015;07:01:00;50;com vítima;670,03;BR-116/BA;Sul;Colisão Transversal;1;1;;;1;1;3
03/07/2015;10:05:00;109;sem vítima;702,1;BR-116/BA;Norte;Colisão Lateral;1;3;;;;;1
03/07/2015;07:37:00;60;sem vítima;843,5;BR-116/BA;Norte;Colisão Lateral;1;5;;;;;1
04/07/2015;09:32:00;91;com vítima;651;BR-116/BA;Sul;Engavetamento;2;2;3;;;;1
04/07/2015;06:31:00;34;com vítima;657;BR-116/BA;Sul;Sequência;3;2;2;1;;;2
05/07/2015;09:14:00;61;sem vítima;541;BR-116/BA;Sul;Colisão Traseira;2;2;;;;;1
05/07/2015;15:54:00;153;sem vítima;546;BR-116/BA;Sul;Colisão Lateral;1;3;;;;;1
05/07/2015;11:22:00;94;sem vítima;891;BR-116/BA;Sul;Saida de Pista;1;1;;;;;1
05/07/2015;09:38:00;67;sem vítima;910;BR-116/BA;Sul;Colisão Traseira;2;3;;;;;1
05/07/2015;03:45:00;12;com vítima;932,8;BR-116/BA;Norte;Saida de Pista;1;0;2;;;;1
07/07/2015;04:16:00;21;sem vítima;434,4;BR-116/BA;Sul;Saida de Pista;1;1;;;;;1
07/07/2015;13:59:00;170;sem vítima;562,1;BR-324/BA;Oeste;Saida de Pista;1;1;;;;;1
07/07/2015;07:15:00;45;sem vítima;565;BR-324/BA;Oeste;Colisão Traseira;1;2;;;;;1
07/07/2015;11:06:00;132;sem vítima;483;BR-116/BA;Sul;Colisão Traseira;2;4;;;;;1
07/07/2015;22:07:00;290;sem vítima;604;BR-324/BA;Oeste;Saida de Pista;1;1;;;;;1
07/07/2015;09:31:00;92;sem vítima;613;BR-324/BA;Leste;Colisão Lateral;1;5;;;;;1
07/07/2015;06:30:00;34;com vítima;616,1;BR-324/BA;Leste;Colisão Traseira;2;5;;;2;;2
08/07/2015;09:00:00;93;sem vítima;8;BA-526;Norte;Saida de Pista;1;1;;;;;1
08/07/2015;22:46:00;292;com vítima;456,9;BR-116/BA;Sul;Colisão Traseira;2;1;2;;;;1
08/07/2015;07:14:00;49;sem vítima;568,2;BR-324/BA;Leste;Saida de Pista;1;1;;;;;1
08/07/2015;05:49:00;37;sem vítima;573;BR-324/BA;Oeste;Saida de Pista;2;2;;;;;1
08/07/2015;09:41:00;110;sem vítima;573,9;BR-324/BA;Oeste;Saida de Pista;1;2;;;;;1
08/07/2015;17:46:00;239;sem vítima;612,4;BR-324/BA;Oeste;Colisão Traseira;1;2;;;;;1
09/07/2015;10:31:00;127;sem vítima;518,6;BR-324/BA;Oeste;Colisão Lateral;1;2;;;;;1
09/07/2015;17:30:00;236;com vítima;462;BR-116/BA;Norte;Atropelamento de Pedestre;1;1;1;;;;1
09/07/2015;21:28:00;285;sem vítima;600;BR-116/BA;Sul;Outros;1;2;;;;;1
09/07/2015;15:57:00;210;com vítima;708,2;BR-116/BA;Norte;Atropelamento de Pedestre;1;1;1;;;;1
09/07/2015;18:16:00;249;sem vítima;765;BR-116/BA;Sul;Colisão Transversal;1;2;;;;;1
10/07/2015;23:27:00;331;com vítima;2;BR-116/BA - Cont VC;Sul;Colisão Traseira;1;1;1;;;1;3
10/07/2015;05:21:00;25;com vítima;26,9;BR-116/BA - Cont VC;Norte;Colisão Lateral;1;2;1;;;;1
10/07/2015;09:13:00;91;sem vítima;533;BR-324/BA;Oeste;Colisão Lateral;2;3;;;;;1
10/07/2015;22:30:00;324;sem vítima;581;BR-116/BA;Sul;Saida de Pista;1;1;;;;;1
11/07/2015;10:00:00;81;sem vítima;573;BR-324/BA;Leste;Tombamento;1;1;;;;;1
11/07/2015;05:42:00;33;com vítima;562,8;BR-116/BA;Sul;Colisão Frontal;1;1;;3;1;2;3
11/07/2015;14:45:00;133;sem vítima;773,08;BR-116/BA;Norte;Colisão Lateral;1;4;;;;;1
12/07/2015;08:24:00;57;com vítima;890;BR-116/BA;Norte;Colisão Lateral;1;2;;1;;;2
13/07/2015;15:20:00;165;com vítima;519;BR-324/BA;Oeste;Colisão Lateral;1;1;;1;;;2
14/07/2015;07:21:00;33;sem vítima;530,2;BR-324/BA;Oeste;Saida de Pista;1;1;;;;;1
14/07/2015;11:51:00;147;sem vítima;539;BR-324/BA;Leste;Saida de Pista;1;3;;;;;1
14/07/2015;17:34:00;229;sem vítima;617,2;BR-324/BA;Oeste;Colisão Lateral;1;2;;;;;1
15/07/2015;10:16:00;115;sem vítima;426,8;BR-116/BA;Sul;Colisão Traseira;2;2;;;;;1
15/07/2015;06:36:00;38;sem vítima;473;BR-116/BA;Norte;Colisão Traseira;2;2;;;;;1
15/07/2015;11:21:00;138;sem vítima;597;BR-324/BA;Leste;Tombamento;1;1;;;;;1
15/07/2015;04:13:00;19;sem vítima;767,6;BR-116/BA;Norte;Saida de Pista;1;1;;;;;1
16/07/2015;08:05:00;61;sem vítima;622;BR-324/BA;Oeste;Colisão Traseira;1;3;;;;;1
16/07/2015;12:47:00;162;sem vítima;690;BR-116/BA;Sul;Colisão Traseira;2;4;;;;;1
17/07/2015;17:31:00;229;sem vítima;518;BR-324/BA;Leste;Colisão Lateral;1;2;;;;;1
17/07/2015;16:22:00;208;sem vítima;560;BR-324/BA;Oeste;Engavetamento;1;9;;;;;1
17/07/2015;13:27:00;167;com vítima;561,9;BR-324/BA;Oeste;Colisão Lateral;1;2;1;1;;;2
17/07/2015;13:20:00;164;sem vítima;596;BR-324/BA;Leste;Colisão Traseira;1;3;;;;;1
18/07/2015;07:36:00;57;sem vítima;509;BR-116/BA;Sul;Colisão Lateral;1;3;;;;;1
18/07/2015;13:56:00;182;sem vítima;623,7;BR-324/BA;Leste;Sequência;1;4;;;;;1
18/07/2015;09:21:00;94;com vítima;603,6;BR-116/BA;Sul;Outros;2;2;;1;;1;3
18/07/2015;05:32:00;32;sem vítima;644;BR-116/BA;Norte;Saida de Pista;1;1;;;;;1
19/07/2015;22:31:00;239;sem vítima;867;BR-116/BA;Norte;Tombamento;1;2;;;;;1
20/07/2015;04:47:00;19;sem vítima;557;BR-324/BA;Oeste;Saida de Pista;1;1;;;;;1
20/07/2015;07:49:00;62;sem vítima;561;BR-324/BA;Oeste;Colisão Lateral;1;4;;;;;1
20/07/2015;23:24:00;313;sem vítima;621,1;BR-116/BA;Sul;Engavetamento;2;28;;;;;1
20/07/2015;13:15:00;175;sem vítima;644,2;BR-116/BA;Norte;Saida de Pista;1;1;;;;;1
20/07/2015;04:51:00;20;sem vítima;767;BR-116/BA;Sul;Saida de Pista;1;2;;;;;1
21/07/2015;23:52:00;276;sem vítima;597;BR-324/BA;Leste;Colisão Traseira;2;3;;;;;1
21/07/2015;12:37:00;140;com vítima;640,3;BR-116/BA;Norte;Saida de Pista;1;0;1;;;;1
23/07/2015;11:12:00;127;sem vítima;25,1;BR-116/BA - Cont VC;Norte;Colisão Lateral;1;2;;;;;1
23/07/2015;14:04:00;174;sem vítima;562;BR-324/BA;Oeste;Capotamento;1;1;;;;;1
23/07/2015;12:11:00;145;sem vítima;564;BR-324/BA;Oeste;Saida de Pista;1;1;;;;;1
23/07/2015;10:37:00;116;com vítima;669,1;BR-116/BA;Norte;Saida de Pista;1;0;1;;;;1
24/07/2015;15:55:00;222;sem vítima;526,7;BR-324/BA;Oeste;Colisão Lateral;1;5;;;;;1
24/07/2015;15:30:00;211;sem vítima;477;BR-116/BA;Norte;Saida de Pista;1;1;;;;;1
24/07/2015;16:23:00;227;com vítima;615;BR-324/BA;Oeste;Colisão Lateral;1;1;;2;;;2
24/07/2015;13:50:00;165;com vítima;549;BR-116/BA;Norte;Colisão Transversal;1;1;1;;;;1
25/07/2015;14:36:00;183;sem vítima;7;BR-116/BA - ContSuFS;Sul;Colisão Traseira;1;2;;;;;1
25/07/2015;11:00:00;126;com vítima;11,3;BR-116/BA - Cont VC;Sul;Colisão Traseira;1;1;1;;;;1
25/07/2015;00:16:00;7;sem vítima;581;BR-324/BA;Leste;Saida de Pista;1;1;;;;;1
25/07/2015;15:31:00;204;com vítima;640,4;BR-116/BA;Sul;Colisão Lateral;2;1;2;;;;1
25/07/2015;15:28:00;203;sem vítima;641,8;BR-116/BA;Norte;Colisão Lateral;2;5;;;;;1
26/07/2015;03:07:00;22;sem vítima;551;BR-324/BA;Oeste;Colisão Lateral;2;2;;;;;1
26/07/2015;00:39:00;6;sem vítima;587,2;BR-116/BA;Norte;Saida de Pista;1;2;;;;;1
26/07/2015;14:08:00;161;sem vítima;635,6;BR-116/BA;Sul;Colisão Traseira;2;2;;;;;1
26/07/2015;16:19:00;185;sem vítima;778;BR-116/BA;Sul;Colisão Lateral;1;4;;;;;1
26/07/2015;16:40:00;192;sem vítima;819;BR-116/BA;Sul;Tombamento;1;1;;;;;1
27/07/2015;23:55:00;271;com vítima;463;BR-116/BA;Norte;Atropelamento de Pedestre;1;1;;;;1;3
27/07/2015;08:43:00;66;sem vítima;619;BR-324/BA;Oeste;Colisão Lateral;1;4;;;;;1
27/07/2015;10:31:00;106;sem vítima;813,95;BR-116/BA;Sul;Engavetamento;2;3;;;;;1
28/07/2015;07:30:00;47;sem vítima;594,3;BR-116/BA;Norte;Saida de Pista;1;3;;;;;1
28/07/2015;16:32:00;211;sem vítima;739;BR-116/BA;Norte;Colisão Lateral;2;3;;;;;1
29/07/2015;08:08:00;53;sem vítima;8,8;BR-116/BA - Cont VC;Norte;Colisão Transversal;2;2;;;;;1
30/07/2015;08:58:00;86;sem vítima;545;BR-324/BA;Oeste;Sequência;1;7;;;;;1
31/07/2015;19:03:00;263;sem vítima;551;BR-324/BA;Oeste;Colisão Lateral;1;3;;;;;1
31/07/2015;14:05:00;180;com vítima;618;BR-116/BA;Sul;Colisão Traseira;2;1;1;;;;1
31/07/2015;05:30:00;35;com vítima;755,6;BR-116/BA;Norte;Colisão Lateral;2;2;;;;2;3
01/08/2015;08:20:00;59;com vítima;566,5;BR-324/BA;Oeste;Engavetamento;1;5;2;1;;;2
01/08/2015;05:53:00;25;sem vítima;482,3;BR-116/BA;Norte;Colisão Traseira;1;2;;;;;1
02/08/2015;07:22:00;46;sem vítima;465,15;BR-116/BA;Sul;Colisão Traseira;2;2;;;;;1
02/08/2015;18:04:00;188;com vítima;491;BR-116/BA;Norte;Colisão Traseira;1;1;;;;1;3
03/08/2015;06:42:00;48;sem vítima;5,8;BR-116/BA - Cont VC;Sul;Colisão Traseira;1;2;;;;;1
03/08/2015;16:28:00;246;sem vítima;520,3;BR-324/BA;Leste;Colisão Lateral;1;2;;;;;1
03/08/2015;05:04:00;32;com vítima;480;BR-116/BA;Sul;Colisão Traseira;2;3;1;;;;1
03/08/2015;01:42:00;10;sem vítima;586;BR-324/BA;Leste;Saida de Pista;1;1;;;;;1
04/08/2015;18:38:00;224;sem vítima;551;BR-324/BA;Oeste;Colisão Lateral;1;7;;;;;1
04/08/2015;05:30:00;30;sem vítima;603;BR-324/BA;Leste;Saida de Pista;1;1;;;;;1
04/08/2015;22:11:00;273;com vítima;613;BR-324/BA;Leste;Choque - Veiculo parado na pista;1;1;;1;;;2
04/08/2015;16:03:00;189;sem vítima;641,8;BR-116/BA;Sul;Colisão Lateral;1;2;;;;;1
04/08/2015;19:06:00;237;sem vítima;646;BR-116/BA;Norte;Colisão Traseira;2;2;;;;;1
05/08/2015;14:17:00;199;com vítima;4,1;BR-116/BA - Cont VC;Norte;Colisão Transversal;1;1;;;;1;3
05/08/2015;23:54:00;353;com vítima;525,2;BR-324/BA;Oeste;Saida de Pista;1;0;;;;1;3
06/08/2015;03:52:00;19;sem vítima;561,6;BR-324/BA;Oeste;Saida de Pista;1;1;;;;;1
06/08/2015;10:29:00;103;sem vítima;609,2;BR-324/BA;Leste;Colisão Traseira;1;2;;;;;1
06/08/2015;14:07:00;148;sem vítima;611;BR-324/BA;Oeste;Colisão Traseira;2;8;;;;;1
06/08/2015;13:20:00;136;com vítima;752,8;BR-116/BA;Sul;Colisão Frontal;2;1;;1;;1;3
06/08/2015;19:12:00;202;sem vítima;757,2;BR-116/BA;Norte;Colisão Lateral;1;4;;;;;1
07/08/2015;09:03:00;89;com vítima;517;BR-116/BA;Sul;Colisão Frontal;1;1;;;;4;3
07/08/2015;07:19:00;47;com vítima;731;BR-116/BA;Norte;Colisão Traseira;2;1;1;;;;1
07/08/2015;07:31:00;54;com vítima;922;BR-116/BA;Norte;Colisão Traseira;2;1;;;;1;3
08/08/2015;00:44:00;5;sem vítima;560,1;BR-324/BA;Oeste;Colisão Traseira;1;2;;;;;1
08/08/2015;12:49:00;118;sem vítima;508;BR-116/BA;Sul;Saida de Pista;1;1;;;;;1
08/08/2015;10:43:00;95;sem vítima;579,1;BR-116/BA;Norte;Tombamento;1;1;;;;;1
08/08/2015;19:57:00;210;sem vítima;912;BR-116/BA;Norte;Colisão Lateral;1;2;;;;;1
09/08/2015;11:44:00;104;sem vítima;7;BR-116/BA - Cont VC;Norte;Colisão Traseira;2;2;;;;;1
09/08/2015;08:56:00;61;sem vítima;570;BR-116/BA;Sul;Saida de Pista;1;2;;;;;1
09/08/2015;08:14:00;50;sem vítima;644;BR-116/BA;Sul;Saida de Pista;1;1;;;;;1
09/08/2015;20:50:00;195;com vítima;836,1;BR-116/BA;Norte;Colisão Lateral;1;1;2;1;;;2
09/08/2015;23:30:00;217;com vítima;919,3;BR-116/BA;Sul;Tombamento;1;0;;;1;;2
10/08/2015;08:14:00;58;sem vítima;443;BR-116/BA;Sul;Colisão Traseira;2;2;;;;;1
10/08/2015;16:59:00;157;sem vítima;568,9;BR-324/BA;Leste;Engavetamento;1;7;;;;;1
10/08/2015;12:56:00;122;com vítima;599;BR-324/BA;Oeste;Colisão Traseira;2;2;;1;;1;3
10/08/2015;16:02:00;146;sem vítima;735;BR-116/BA;Norte;Tombamento;1;1;;;;;1
10/08/2015;18:35:00;176;sem vítima;742;BR-116/BA;Norte;Colisão Traseira;2;2;;;;;1
11/08/2015;15:42:00;209;sem vítima;604;BR-324/BA;Oeste;Colisão Lateral;1;6;;;;;1
12/08/2015;18:24:00;188;com vítima;17;BR-116/BA - Cont VC;Norte;Colisão Transversal;1;2;1;;;;1
12/08/2015;01:06:00;8;sem vítima;519,05;BR-324/BA;Oeste;Atropelamento de Animal;1;2;;;;;1
12/08/2015;19:11:00;202;sem vítima;574;BR-324/BA;Oeste;Colisão Traseira;2;2;;;;;1
12/08/2015;02:40:00;18;sem vítima;596,1;BR-324/BA;Leste;Colisão Traseira;2;2;;;;;1
12/08/2015;07:28:00;39;sem vítima;656,4;BR-116/BA;Norte;Saida de Pista;1;1;;;;;1
13/08/2015;18:40:00;272;sem vítima;3,1;BR-116/BA - ContSuFS;Sul;Colisão Lateral;1;10;;;;;1
13/08/2015;09:48:00;103;sem vítima;522;BR-324/BA;Leste;Colisão Lateral;1;2;;;;;1
13/08/2015;21:31:00;312;com vítima;562,3;BR-324/BA;Oeste;Tombamento;1;0;;;1;;2
13/08/2015;09:51:00;104;sem vítima;607;BR-324/BA;Leste;Engavetamento;1;3;;;;;1
13/08/2015;00:38:00;8;sem vítima;518;BR-116/BA;Sul;Saida de Pista;1;1;;;;;1
13/08/2015;09:47:00;101;com vítima;596,6;BR-116/BA;Norte;Saida de Pista;1;0;1;;;;1
13/08/2015;08:04:00;60;sem vítima;729;BR-116/BA;Sul;Engavetamento;3;3;;;;;1
13/08/2015;18:24:00;265;sem vítima;743,1;BR-116/BA;Sul;Colisão Traseira;2;3;;;;;1
13/08/2015;13:30:00;180;com vítima;748,5;BR-116/BA;Norte;Saida de Pista;1;0;1;;;;1
13/08/2015;19:48:00;287;sem vítima;756,6;BR-116/BA;Sul;Colisão Traseira;1;3;;;;;1
14/08/2015;07:24:00;42;com vítima;528;BR-324/BA;Leste;Engavetamento;2;5;2;;;;1
14/08/2015;17:00:00;155;sem vítima;551;BR-324/BA;Oeste;Colisão Lateral;1;3;;;;;1
14/08/2015;14:28:00;129;sem vítima;562;BR-324/BA;Oeste;Tombamento;1;1;;;;;1
14/08/2015;14:30:00;130;sem vítima;562;BR-324/BA;Oeste;Colisão Traseira;1;2;;;;;1
14/08/2015;16:35:00;150;sem vítima;587;BR-324/BA;Leste;Colisão Traseira;2;2;;;;;1
14/08/2015;06:19:00;30;com vítima;622;BR-324/BA;Leste;Engavetamento;1;7;1;;;;1
15/08/2015;19:48:00;207;sem vítima;459,2;BR-116/BA;Sul;Colisão Lateral;2;3;;;;;1
15/08/2015;09:49:00;84;sem vítima;556,2;BR-324/BA;Oeste;Engavetamento;1;4;;;;;1
15/08/2015;22:45:00;236;com vítima;461,8;BR-116/BA;Sul;Colisão Frontal;1;1;;;1;;2
15/08/2015;05:57:00;26;com vítima;498,8;BR-116/BA;Norte;Colisão Frontal;1;1;2;2;;1;3
15/08/2015;10:24:00;99;sem vítima;599,05;BR-324/BA;Oeste;Colisão Traseira;1;16;;;;;1
15/08/2015;15:09:00;155;sem vítima;607;BR-324/BA;Leste;Tombamento;1;1;;;;;1
15/08/2015;00:19:00;3;com vítima;921;BR-116/BA;Norte;Saida de Pista;2;2;;2;1;;2
16/08/2015;10:18:00;81;sem vítima;533,2;BR-324/BA;Leste;Colisão Traseira;1;4;;;;;1
16/08/2015;14:27:00;122;sem vítima;561,2;BR-324/BA;Oeste;Saida de Pista;1;2;;;;;1
17/08/2015;18:13:00;273;sem vítima;558,1;BR-324/BA;Oeste;Saida de Pista;1;1;;;;;1
17/08/2015;05:21:00;39;sem vítima;594;BR-324/BA;Leste;Colisão Traseira;1;10;;;;;1
17/08/2015;06:47:00;55;sem vítima;524;BR-116/BA;Norte;Colisão Lateral;1;2;;;;;1
17/08/2015;22:13:00;324;sem vítima;858,1;BR-116/BA;Norte;Saida de Pista;1;2;;;;;1
18/08/2015;12:20:00;125;sem vítima;0;BR-116/BA - ContSuFS;Sul;Colisão Lateral;1;2;;;;;1
18/08/2015;10:42:00;104;sem vítima;518,3;BR-324/BA;Oeste;Engavetamento;3;3;;;;;1
19/08/2015;07:29:00;38;sem vítima;495,5;BR-116/BA;Norte;Colisão Lateral;1;2;;;;;1
20/08/2015;16:46:00;179;sem vítima;584;BR-324/BA;Oeste;Colisão Traseira;1;3;;;;;1
20/08/2015;01:30:00;10;sem vítima;642,3;BR-116/BA;Norte;Saida de Pista;1;1;;;;;1
20/08/2015;14:14:00;148;sem vítima;877,2;BR-116/BA;Norte;Colisão Traseira;2;2;;;;;1
22/08/2015;12:27:00;123;sem vítima;576,1;BR-324/BA;Leste;Colisão Lateral;1;2;;;;;1
22/08/2015;21:56:00;241;com vítima;604,4;BR-116/BA;Norte;Saida de Pista;1;0;;;;1;3
22/08/2015;12:11:00;120;sem vítima;728,9;BR-116/BA;Norte;Engavetamento;3;4;;;;;1
23/08/2015;21:26:00;253;com vítima;456,95;BR-116/BA;Sul;Colisão Traseira;1;1;;2;;;2
23/08/2015;13:55:00;155;sem vítima;589,2;BR-116/BA;Sul;Colisão Traseira;3;3;;;;;1
23/08/2015;18:45:00;226;sem vítima;643,4;BR-116/BA;Norte;Saida de Pista;1;1;;;;;1
23/08/2015;09:27:00;90;sem vítima;728,3;BR-116/BA;Norte;Engavetamento;3;4;;;;;1
23/08/2015;21:31:00;255;com vítima;788,9;BR-116/BA;Sul;Colisão Traseira;1;3;;1;;;2
23/08/2015;10:14:00;103;sem vítima;844,1;BR-116/BA;Sul;Colisão Traseira;2;3;;;;;1
24/08/2015;11:10:00;102;sem vítima;584,3;BR-324/BA;Oeste;Colisão Lateral;1;5;;;;;1
24/08/2015;07:46:00;46;sem vítima;704,1;BR-116/BA;Sul;Colisão Traseira;2;3;;;;;1
24/08/2015;07:11:00;37;sem vítima;714,3;BR-116/BA;Norte;Colisão Traseira;1;2;;;;;1
25/08/2015;18:12:00;241;sem vítima;543;BR-324/BA;Oeste;Engavetamento;2;4;;;;;1
26/08/2015;01:53:00;8;sem vítima;548;BR-324/BA;Leste;Tombamento;1;2;;;;;1
27/08/2015;07:22:00;40;com vítima;449;BR-116/BA;Sul;Saida de Pista;1;0;3;;;;1
27/08/2015;18:13:00;200;sem vítima;615,2;BR-324/BA;Leste;Engavetamento;1;8;;;;;1
27/08/2015;23:20:00;259;sem vítima;620,01;BR-324/BA;Leste;Colisão Traseira;1;2;;;;;1
27/08/2015;10:51:00;103;sem vítima;662;BR-116/BA;Norte;Saida de Pista;1;1;;;;;1
27/08/2015;15:17:00;164;com vítima;806,5;BR-116/BA;Sul;Colisão Frontal;1;1;;1;;;2