data;horario;n_da_ocorrencia;tipo_de_ocorrencia;km;trecho;sentido;tipo_de_acidente;caminhao;ilesos;levemente_feridos;moderadamente_feridos;gravemente_feridos;mortos;3
23/03/2016;23:22:00;322;sem vítima;588,5;BR-324/BA;Leste;Colisão Traseira;1;2;;;;;1
23/03/2016;23:27:00;325;com vítima;677,3;BR-116/BA;Norte;Colisão Traseira;2;1;1;1;;;2
24/03/2016;06:09:00;31;com vítima;441,7;BR-116/BA;Sul;Tombamento;1;0;;1;;;2
24/03/2016;06:30:00;37;sem vítima;610,1;BR-324/BA;Oeste;Engavetamento;1;4;;;;;1
24/03/2016;08:36:00;89;sem vítima;429,1;BR-116/BA;Sul;Engavetamento;1;6;;;;;1
24/03/2016;16:02:00;256;sem vítima;616;BR-324/BA;Oeste;Colisão Traseira;1;34;;;;;1
27/03/2016;20:19:00;273;sem vítima;551;BR-324/BA;Leste;Colisão Lateral;1;5;;;;;1
28/03/2016;07:02:00;63;sem vítima;606,1;BR-324/BA;Leste;Choque Contra Objeto Fixo;1;1;;;;;1
28/03/2016;10:50:00;166;sem vítima;527,2;BR-324/BA;Oeste;Choque Contra Objeto Fixo;1;1;;;;;1
28/03/2016;20:17:00;313;sem vítima;563,7;BR-324/BA;Oeste;Saida de Pista;1;1;;;;;1
29/03/2016;05:31:00;15;sem vítima;548;BR-324/BA;Leste;Saida de Pista;1;1;;;;;1
29/03/2016;07:54:00;35;sem vítima;534,7;BR-116/BA;Sul;Colisão Traseira;2;2;;;;;1
29/03/2016;10:30:00;83;sem vítima;620;BR-324/BA;Oeste;Colisão Traseira;1;2;;;;;1
29/03/2016;12:38:00;124;com vítima;7;BR-116/BA - ContSuFS;Norte;Tombamento;1;0;;1;;;2
29/03/2016;16:37:00;171;sem vítima;672;BR-116/BA;Norte;Colisão Transversal;2;2;;;;;1
30/03/2016;04:42:00;21;sem vítima;594;BR-116/BA;Sul;Tombamento;1;1;;;;;1
31/03/2016;13:49:00;143;sem vítima;670;BR-116/BA;Norte;Colisão Lateral;1;2;;;;;1
31/03/2016;18:36:00;241;sem vítima;758;BR-116/BA;Norte;Atropelamento - Animal;1;1;;;;;1
31/03/2016;20:11:00;259;com vítima;747,2;BR-116/BA;Norte;Colisão Lateral;2;1;1;;;;1
31/03/2016;22:31:00;282;com vítima;572;BR-324/BA;Leste;Colisão Traseira;1;1;1;;;;1
01/04/2016;14:19:00;156;com vítima;626,5;BR-116/BA;Norte;Tombamento;1;0;1;;;;1
01/04/2016;19:01:00;232;com vítima;758;BR-116/BA;Sul;Colisão Frontal;1;1;;1;;;2
01/04/2016;19:23:00;235;com vítima;604;BR-324/BA;Oeste;Colisão Traseira;1;4;;1;;;2
02/04/2016;05:12:00;18;sem vítima;497;BR-116/BA;Norte;Saida de Pista;1;2;;;;;1
02/04/2016;05:54:00;23;sem vítima;602;BR-324/BA;Leste;Saida de Pista;1;4;;;;;1
02/04/2016;23:04:00;262;sem vítima;726;BR-116/BA;Sul;Colisão Lateral;2;3;;;;;1
04/04/2016;04:08:00;16;com vítima;565;BR-116/BA;Norte;Colisão Traseira;2;2;;1;;1;3
04/04/2016;20:06:00;256;sem vítima;574;BR-116/BA;Norte;Colisão Lateral;1;2;;;;;1
05/04/2016;10:32:00;117;com vítima;532,05;BR-324/BA;Leste;Choque Contra Objeto Fixo;1;0;1;;;;1
05/04/2016;12:24:00;152;com vítima;894,2;BR-116/BA;Sul;Colisão Traseira;1;1;1;1;;;2
05/04/2016;13:39:00;173;sem vítima;605,4;BR-324/BA;Oeste;Colisão Lateral;1;5;;;;;1
06/04/2016;13:47:00;138;sem vítima;604,4;BR-116/BA;Sul;Colisão Traseira;2;2;;;;;1
07/04/2016;08:19:00;75;sem vítima;573,2;BR-324/BA;Leste;Colisão Traseira;1;3;;;;;1
07/04/2016;11:52:00;160;sem vítima;525,1;BR-116/BA;Norte;Colisão Traseira;2;2;;;;;1
07/04/2016;14:12:00;201;sem vítima;520;BR-324/BA;Oeste;Colisão Traseira;1;4;;;;;1
07/04/2016;18:42:00;288;sem vítima;458,8;BR-116/BA;Sul;Colisão Lateral;1;5;;;;;1
08/04/2016;13:42:00;168;com vítima;722;BR-116/BA;Norte;Engavetamento;3;3;;1;;;2
08/04/2016;17:25:00;227;com vítima;900;BR-116/BA;Sul;Saida de Pista;2;2;1;;;;1
09/04/2016;08:01:00;65;com vítima;767;BR-116/BA;Norte;Colisão Transversal;1;1;;;;1;3
09/04/2016;17:23:00;222;com vítima;458;BR-116/BA;Sul;Colisão Traseira;1;2;2;;;;1
10/04/2016;23:34:00;231;com vítima;753;BR-116/BA;Sul;Colisão Traseira;2;1;1;;;;1
11/04/2016;03:07:00;8;com vítima;918,2;BR-116/BA;Norte;Colisão Traseira;2;1;;1;;;2
11/04/2016;04:18:00;15;com vítima;580;BR-324/BA;Leste;Colisão Traseira;2;2;;;2;1;3
11/04/2016;07:29:00;49;sem vítima;616,6;BR-324/BA;Leste;Engavetamento;1;4;;;;;1
11/04/2016;16:26:00;220;sem vítima;773,2;BR-116/BA;Norte;Choque Contra Objeto Fixo;1;1;;;;;1
11/04/2016;18:05:00;250;sem vítima;14,5;BR-116/BA - Cont VC;Sul;Colisão Traseira;1;5;;;;;1
12/04/2016;23:44:00;271;sem vítima;427;BR-116/BA;Norte;Atropelamento - Animal;1;2;;;;;1
13/04/2016;13:53:00;204;com vítima;589,2;BR-116/BA;Norte;Saida de Pista;1;0;1;;;;1
13/04/2016;16:01:00;233;com vítima;601;BR-116/BA;Norte;Colisão Frontal;2;4;;1;;;2
14/04/2016;04:19:00;31;sem vítima;615,8;BR-324/BA;Leste;Colisão Traseira;1;2;;;;;1
14/04/2016;07:23:00;59;sem vítima;595;BR-116/BA;Norte;Saida de Pista;1;1;;;;;1
14/04/2016;08:14:00;78;sem vítima;637;BR-116/BA;Sul;Colisão Lateral;1;3;;;;;1
15/04/2016;04:08:00;14;sem vítima;595;BR-324/BA;Leste;Colisão Traseira;2;2;;;;;1
15/04/2016;04:42:00;15;sem vítima;767;BR-116/BA;Sul;Saida de Pista;1;1;;;;;1
15/04/2016;07:40:00;53;com vítima;643;BR-116/BA;Sul;Colisão Traseira;2;1;;1;;;2
15/04/2016;08:14:00;64;sem vítima;620,3;BR-324/BA;Leste;Colisão Traseira;1;6;;;;;1
15/04/2016;12:48:00;152;sem vítima;536,3;BR-324/BA;Leste;Colisão Traseira;1;3;;;;;1
15/04/2016;14:27:00;190;com vítima;461;BR-116/BA;Sul;Colisão Transversal;1;1;1;;;;1
16/04/2016;07:20:00;44;sem vítima;736,4;BR-116/BA;Norte;Tombamento;1;1;;;;;1
16/04/2016;14:15:00;136;sem vítima;617,2;BR-116/BA;Sul;Colisão Traseira;1;2;;;;;1
17/04/2016;19:42:00;256;sem vítima;472,8;BR-116/BA;Sul;Saida de Pista;1;1;;;;;1
17/04/2016;20:21:00;264;sem vítima;773,5;BR-116/BA;Norte;Saida de Pista;1;1;;;;;1
18/04/2016;05:37:00;27;sem vítima;451,2;BR-116/BA;Sul;Colisão Lateral;1;3;;;;;1
18/04/2016;07:21:00;50;sem vítima;526;BR-324/BA;Oeste;Colisão Lateral;1;2;;;;;1
18/04/2016;11:44:00;139;sem vítima;895;BR-116/BA;Sul;Colisão Traseira;2;2;;;;;1
18/04/2016;12:26:00;147;sem vítima;614,1;BR-116/BA;Norte;Colisão Lateral;1;2;;;;;1
18/04/2016;14:55:00;182;sem vítima;520;BR-324/BA;Oeste;Colisão Traseira;1;2;;;;;1
19/04/2016;04:56:00;21;sem vítima;628,1;BR-116/BA;Sul;Colisão Traseira;2;2;;;;;1
19/04/2016;23:19:00;296;sem vítima;683;BR-116/BA;Norte;Saida de Pista;1;2;;;;;1
20/04/2016;03:58:00;27;sem vítima;543;BR-324/BA;Oeste;Saida de Pista;1;1;;;;;1
20/04/2016;12:33:00;135;com vítima;697,5;BR-116/BA;Sul;Colisão Frontal;1;0;1;;1;1;3
20/04/2016;14:16:00;159;sem vítima;574;BR-324/BA;Leste;Colisão Traseira;2;2;;;;;1
20/04/2016;15:59:00;185;com vítima;815,15;BR-116/BA;Norte;Colisão Transversal;1;1;1;;;;1
20/04/2016;17:26:00;216;sem vítima;622;BR-324/BA;Leste;Sequência;1;5;;;;;1
20/04/2016;19:37:00;251;sem vítima;547,4;BR-324/BA;Oeste;Saida de Pista;1;2;;;;;1
20/04/2016;22:24:00;279;sem vítima;506;BR-116/BA;Sul;Saida de Pista;1;1;;;;;1
21/04/2016;01:19:00;14;sem vítima;450,4;BR-116/BA;Sul;Colisão Lateral;1;3;;;;;1
21/04/2016;23:46:00;247;sem vítima;433;BR-116/BA;Sul;Atropelamento - Animal;1;1;;;;;1
23/04/2016;06:46:00;29;sem vítima;713,2;BR-116/BA;Sul;Saida de Pista;1;1;;;;;1
23/04/2016;09:12:00;72;sem vítima;518,01;BR-324/BA;Oeste;Engavetamento;1;4;;;;;1
23/04/2016;11:38:00;112;sem vítima;569,1;BR-116/BA;Sul;Engavetamento;2;5;;;;;1
23/04/2016;15:13:00;156;sem vítima;590,1;BR-324/BA;Oeste;Objeto lançado contra veículo;1;5;;;;;1
23/04/2016;19:56:00;219;com vítima;779;BR-116/BA;Sul;Colisão Lateral;1;1;;;1;;2
23/04/2016;21:48:00;244;sem vítima;552;BR-324/BA;Oeste;Colisão Lateral;1;2;;;;;1
23/04/2016;21:58:00;246;sem vítima;602;BR-324/BA;Leste;Colisão Traseira;1;3;;;;;1
24/04/2016;08:00:00;55;sem vítima;728,1;BR-116/BA;Sul;Colisão Traseira;1;2;;;;;1
24/04/2016;12:07:00;112;sem vítima;814,1;BR-116/BA;Norte;Colisão Traseira;2;3;;;;;1
24/04/2016;17:45:00;190;sem vítima;523,3;BR-324/BA;Leste;Colisão Lateral;1;2;;;;;1
25/04/2016;02:54:00;19;com vítima;754;BR-116/BA;Norte;Colisão Traseira;1;16;;1;;;2
25/04/2016;06:04:00;37;sem vítima;482,1;BR-116/BA;Norte;Colisão Traseira;2;2;;;;;1
25/04/2016;09:05:00;96;sem vítima;549,05;BR-116/BA;Sul;Saida de Pista;1;1;;;;;1
26/04/2016;16:55:00;230;sem vítima;883,6;BR-116/BA;Sul;Colisão Traseira;1;2;;;;;1
26/04/2016;19:20:00;258;sem vítima;592,8;BR-116/BA;Sul;Saida de Pista;1;1;;;;;1
27/04/2016;05:01:00;26;sem vítima;580,1;BR-324/BA;Oeste;Colisão Traseira;1;2;;;;;1
27/04/2016;17:00:00;271;sem vítima;3;BR-116/BA - ContSuFS;Sul;Colisão Lateral;2;3;;;;;1
27/04/2016;20:07:00;323;sem vítima;543;BR-324/BA;Leste;Saida de Pista;1;1;;;;;1
28/04/2016;02:08:00;15;sem vítima;675,5;BR-116/BA;Norte;Atropelamento - Animal;1;2;;;;;1
28/04/2016;22:04:00;283;com vítima;450,8;BR-116/BA;Norte;Colisão Frontal;1;5;;;1;1;3
30/04/2016;16:19:00;194;sem vítima;5;BR-116/BA - ContSuFS;Sul;Queda de Moto;1;6;;;;;1
30/04/2016;16:36:00;200;sem vítima;5;BR-116/BA - ContSuFS;Sul;Queda de Moto;1;6;;;;;1
30/04/2016;16:41:00;201;sem vítima;494,8;BR-116/BA;Sul;Colisão Traseira;2;2;;;;;1
30/04/2016;18:36:00;229;sem vítima;849;BR-116/BA;Norte;Saida de Pista;1;1;;;;;1
30/04/2016;20:53:00;263;sem vítima;780,8;BR-116/BA;Sul;Atropelamento - Animal;1;1;;;;;1
01/05/2016;10:17:00;111;com vítima;599,5;BR-116/BA;Norte;Saida de Pista;1;1;5;;;1;3
01/05/2016;18:41:00;250;sem vítima;482;BR-116/BA;Norte;Colisão Traseira;2;2;;;;;1
02/05/2016;08:28:00;86;com vítima;611,7;BR-324/BA;Leste;Engavetamento;3;9;;1;;;2
02/05/2016;10:08:00;121;com vítima;541;BR-324/BA;Leste;Saida de Pista;1;1;1;;;;1
03/05/2016;07:56:00;64;sem vítima;5;BR-116/BA - ContSuFS;Sul;Engavetamento;2;2;;;;;1
03/05/2016;08:39:00;78;sem vítima;5;BR-116/BA - ContSuFS;Norte;Colisão Traseira;1;6;;;;;1
03/05/2016;09:29:00;97;com vítima;623,5;BR-324/BA;Leste;Colisão Traseira;1;3;;2;;;2
03/05/2016;09:57:00;106;com vítima;3;BR-116/BA - ContSuFS;Norte;Atropelamento - Pedestre;1;1;1;;;;1
03/05/2016;14:40:00;195;sem vítima;426,2;BR-116/BA;Sul;Colisão Traseira;1;2;;;;;1
03/05/2016;19:38:00;273;com vítima;619,8;BR-324/BA;Oeste;Colisão Lateral;2;4;2;;;;1
04/05/2016;20:48:00;283;com vítima;565,5;BR-324/BA;Oeste;Saida de Pista;1;2;;1;;;2
05/05/2016;04:50:00;16;sem vítima;584;BR-324/BA;Leste;Saida de Pista;1;0;;;;;1
05/05/2016;17:31:00;199;sem vítima;528,5;BR-324/BA;Leste;Saida de Pista;1;1;;;;;1
05/05/2016;18:18:00;214;com vítima;637;BR-116/BA;Sul;Colisão Frontal;1;1;1;1;;;2
05/05/2016;18:52:00;218;com vítima;3,1;BR-116/BA - ContSuFS;Sul;Colisão Traseira;1;2;1;;;;1
06/05/2016;03:44:00;15;sem vítima;434,6;BR-116/BA;Norte;Tombamento;1;1;;;;;1
07/05/2016;06:53:00;44;sem vítima;651;BR-116/BA;Norte;Colisão Transversal;1;2;;;;;1
08/05/2016;15:19:00;139;com vítima;537;BR-324/BA;Oeste;Saida de Pista;1;2;;;;1;3
08/05/2016;17:29:00;170;sem vítima;442;BR-116/BA;Norte;Choque Contra Objeto Fixo;1;6;;;;;1
08/05/2016;20:07:00;207;com vítima;24;BR-116/BA - Cont VC;Norte;Choque Contra Objeto Fixo;1;2;;1;;;2
09/05/2016;06:56:00;35;com vítima;595;BR-324/BA;Leste;Engavetamento;1;17;;1;;;2
09/05/2016;16:56:00;223;com vítima;891;BR-116/BA;Sul;Saida de Pista;1;1;1;;;;1
10/05/2016;01:40:00;15;sem vítima;643,1;BR-116/BA;Norte;Saida de Pista;1;1;;;;;1
10/05/2016;17:02:00;242;sem vítima;805;BR-116/BA;Sul;Colisão Transversal;1;1;;;;;1
11/05/2016;04:21:00;24;sem vítima;570;BR-324/BA;Oeste;Colisão Traseira;1;1;;;;;1
11/05/2016;10:02:00;100;sem vítima;518;BR-324/BA;Oeste;Colisão Traseira;2;2;;;;;1
11/05/2016;10:35:00;110;sem vítima;518,3;BR-324/BA;Oeste;Colisão Traseira;1;2;;;;;1
11/05/2016;11:45:00;132;com vítima;520;BR-324/BA;Leste;Colisão Traseira;1;2;;;1;;2
11/05/2016;12:15:00;139;sem vítima;922,4;BR-116/BA;Sul;Saida de Pista;1;0;;;;;1
12/05/2016;08:21:00;70;sem vítima;533;BR-324/BA;Oeste;Colisão Traseira;2;2;;;;;1
12/05/2016;17:08:00;233;sem vítima;644;BR-116/BA;Norte;Saida de Pista;1;1;;;;;1
12/05/2016;19:34:00;265;sem vítima;534;BR-324/BA;Leste;Colisão Lateral;1;2;;;;;1
12/05/2016;23:34:00;300;sem vítima;533;BR-324/BA;Oeste;Colisão Lateral;1;2;;;;;1
13/05/2016;15:57:00;197;sem vítima;574;BR-116/BA;Norte;Atropelamento - Pedestre;1;1;;;;;1
13/05/2016;18:27:00;230;sem vítima;613,2;BR-324/BA;Leste;Engavetamento;1;6;;;;;1
13/05/2016;22:17:00;277;sem vítima;604,3;BR-116/BA;Sul;Outros;1;1;;;;;1
14/05/2016;08:43:00;71;sem vítima;563,1;BR-324/BA;Leste;Saida de Pista;1;1;;;;;1
14/05/2016;09:15:00;80;sem vítima;744;BR-116/BA;Norte;Engavetamento;1;8;;;;;1
14/05/2016;09:37:00;88;sem vítima;765;BR-116/BA;Norte;Colisão Traseira;2;2;;;;;1
14/05/2016;09:38:00;89;sem vítima;835;BR-116/BA;Sul;Colisão Transversal;1;4;;;;;1
14/05/2016;19:15:00;204;com vítima;716,3;BR-116/BA;Norte;Colisão Traseira;1;3;;1;;;2
14/05/2016;21:16:00;223;sem vítima;555;BR-324/BA;Oeste;Saida de Pista;1;1;;;;;1
14/05/2016;23:20:00;242;sem vítima;612;BR-324/BA;Leste;Colisão Traseira;1;1;;;;;1
15/05/2016;10:12:00;93;sem vítima;534;BR-116/BA;Sul;Colisão Lateral;1;2;;;;;1
15/05/2016;23:21:00;268;sem vítima;550;BR-116/BA;Sul;Colisão Lateral;1;3;;;;;1
16/05/2016;05:25:00;24;sem vítima;851;BR-116/BA;Norte;Saida de Pista;1;0;;;;;1
16/05/2016;05:59:00;28;sem vítima;851;BR-116/BA;Norte;Saida de Pista;1;2;;;;;1
16/05/2016;13:16:00;172;sem vítima;571,6;BR-324/BA;Leste;Capotamento;1;2;;;;;1
16/05/2016;15:58:00;214;sem vítima;587,5;BR-324/BA;Oeste;Colisão Traseira;1;2;;;;;1
16/05/2016;16:12:00;218;sem vítima;588;BR-324/BA;Oeste;Sequência;2;12;;;;;1
16/05/2016;17:03:00;224;sem vítima;587;BR-324/BA;Oeste;Colisão Traseira;1;2;;;;;1
16/05/2016;18:15:00;240;com vítima;591;BR-324/BA;Oeste;Colisão Lateral;1;2;1;;;;1
16/05/2016;20:57:00;275;sem vítima;669,2;BR-116/BA;Norte;Atropelamento - Animal;1;1;;;;;1
17/05/2016;06:15:00;19;sem vítima;450,6;BR-116/BA;Norte;Colisão Traseira;1;2;;;;;1
17/05/2016;06:57:00;27;com vítima;534,3;BR-116/BA;Sul;Saida de Pista;1;1;1;;1;1;3
17/05/2016;12:22:00;124;sem vítima;547,005;BR-116/BA;Sul;Saida de Pista;1;1;;;;;1
17/05/2016;12:25:00;126;sem vítima;549,05;BR-324/BA;Leste;Colisão Traseira;1;3;;;;;1
18/05/2016;17:38:00;230;com vítima;562;BR-324/BA;Oeste;Saida de Pista;1;5;;1;;;2
19/05/2016;00:02:00;1;sem vítima;783;BR-116/BA;Sul;Colisão Traseira;1;2;;;;;1
19/05/2016;11:02:00;115;sem vítima;643,1;BR-116/BA;Sul;Engavetamento;6;6;;;;;1
19/05/2016;15:25:00;170;sem vítima;528,1;BR-324/BA;Oeste;Engavetamento;2;5;;;;;1
19/05/2016;15:43:00;172;sem vítima;526,1;BR-324/BA;Leste;Colisão Traseira;1;5;;;;;1
20/05/2016;08:00:00;52;com vítima;603,1;BR-324/BA;Leste;Colisão Lateral;1;2;1;;;;1
20/05/2016;09:41:00;81;sem vítima;450;BR-116/BA;Norte;Engavetamento;2;7;;;;;1
20/05/2016;11:52:00;128;sem vítima;674;BR-116/BA;Sul;Colisão Traseira;2;2;;;;;1
20/05/2016;12:02:00;132;sem vítima;461;BR-116/BA;Sul;Colisão Lateral;1;1;;;;;1
20/05/2016;16:35:00;193;com vítima;915;BR-116/BA;Sul;Saida de Pista;1;2;1;;;;1
20/05/2016;18:59:00;233;sem vítima;642;BR-116/BA;Norte;Sequência;1;5;;;;;1
21/05/2016;00:52:00;9;sem vítima;491,4;BR-116/BA;Sul;Colisão Traseira;1;2;;;;;1
21/05/2016;08:04:00;59;sem vítima;451;BR-116/BA;Sul;Engavetamento;1;3;;;;;1
21/05/2016;09:41:00;91;sem vítima;656;BR-116/BA;Norte;Colisão Traseira;2;2;;;;;1
21/05/2016;20:23:00;226;sem vítima;783,4;BR-116/BA;Sul;Colisão Lateral;1;3;;;;;1
21/05/2016;21:32:00;235;com vítima;523;BR-324/BA;Oeste;Colisão Lateral;1;5;1;;;;1
22/05/2016;14:16:00;131;com vítima;651,2;BR-116/BA;Norte;Colisão Traseira;1;1;1;;;;1
22/05/2016;14:22:00;132;sem vítima;638,4;BR-116/BA;Norte;Saida de Pista;1;1;;;;;1
22/05/2016;16:41:00;176;sem vítima;904,3;BR-116/BA;Norte;Colisão Traseira;1;1;;;;;1
23/05/2016;02:25:00;10;sem vítima;849;BR-116/BA;Norte;Tombamento;1;1;;;;;1
23/05/2016;09:04:00;83;sem vítima;17,05;BR-116/BA - Cont VC;Norte;Colisão Traseira;2;2;;;;;1
23/05/2016;10:59:00;120;sem vítima;591,9;BR-324/BA;Leste;Colisão Lateral;1;2;;;;;1
23/05/2016;11:36:00;130;sem vítima;586;BR-116/BA;Sul;Saida de Pista;1;1;;;;;1
23/05/2016;13:17:00;153;sem vítima;498,7;BR-116/BA;Norte;Tombamento;1;0;;;;;1
23/05/2016;14:02:00;164;com vítima;817,8;BR-116/BA;Sul;Colisão Lateral;1;1;1;;;;1
23/05/2016;23:59:00;290;sem vítima;601,2;BR-324/BA;Leste;Tombamento;1;2;;;;;1
24/05/2016;02:12:00;20;sem vítima;466;BR-116/BA;Sul;Saida de Pista;1;1;;;;;1
24/05/2016;12:22:00;148;sem vítima;6;BR-116/BA - ContSuFS;Sul;Colisão Lateral;1;1;;;;;1
24/05/2016;12:45:00;151;sem vítima;439;BR-116/BA;Sul;Engavetamento;3;3;;;;;1
24/05/2016;15:20:00;185;sem vítima;522,9;BR-324/BA;Leste;Colisão Lateral;1;2;;;;;1
25/05/2016;07:35:00;54;com vítima;736,1;BR-116/BA;Norte;Tombamento;1;1;;1;;;2
25/05/2016;10:05:00;101;com vítima;537,1;BR-324/BA;Oeste;Saida de Pista;1;1;3;1;;;2
26/05/2016;05:08:00;22;sem vítima;478;BR-116/BA;Norte;Atropelamento - Animal;1;1;;;;;1
26/05/2016;07:03:00;38;com vítima;804,6;BR-116/BA;Norte;Colisão Traseira;1;1;1;1;;;2
26/05/2016;11:59:00;116;sem vítima;919,3;BR-116/BA;Sul;Tombamento;1;3;;;;;1
26/05/2016;13:15:00;130;sem vítima;16,2;BR-116/BA - Cont VC;Norte;Colisão Lateral;1;3;;;;;1
27/05/2016;04:21:00;19;sem vítima;862;BR-116/BA;Norte;Saida de Pista;1;0;;;;;1
27/05/2016;10:06:00;103;sem vítima;6,05;BR-116/BA - ContSuFS;Sul;Colisão Traseira;1;1;;;;;1
27/05/2016;13:23:00;150;sem vítima;563,3;BR-324/BA;Oeste;Saida de Pista;1;1;;;;;1
27/05/2016;13:55:00;155;sem vítima;583,1;BR-116/BA;Sul;Colisão Traseira;2;3;;;;;1
27/05/2016;18:17:00;228;sem vítima;711;BR-116/BA;Norte;Colisão Frontal;1;1;;;;;1
28/05/2016;03:45:00;21;sem vítima;605;BR-324/BA;Leste;Saida de Pista;1;3;;;;;1
28/05/2016;05:33:00;25;sem vítima;608;BR-324/BA;Oeste;Colisão Traseira;1;2;;;;;1
28/05/2016;11:30:00;85;sem vítima;716;BR-116/BA;Norte;Tombamento;1;0;;;;;1
28/05/2016;19:52:00;192;sem vítima;569;BR-324/BA;Oeste;Atropelamento - Pedestre;1;1;;;;;1
29/05/2016;08:40:00;74;sem vítima;670,1;BR-116/BA;Sul;Colisão Lateral;1;1;;;;;1
29/05/2016;15:50:00;166;sem vítima;503,2;BR-116/BA;Norte;Colisão Frontal;2;0;;;;;1
30/05/2016;11:58:00;151;sem vítima;595;BR-324/BA;Leste;Colisão Frontal;1;2;;;;;1
31/05/2016;01:47:00;4;sem vítima;933;BR-116/BA;Sul;Atropelamento - Animal;1;1;;;;;1
31/05/2016;23:02:00;290;sem vítima;534;BR-324/BA;Oeste;Colisão Traseira;2;2;;;;;1
01/06/2016;23:24:00;312;sem vítima;620;BR-116/BA;Norte;Saida de Pista;1;1;;;;;1
02/06/2016;06:46:00;30;sem vítima;551;BR-324/BA;Leste;Colisão Traseira;1;5;;;;;1
02/06/2016;16:05:00;220;com vítima;623;BR-324/BA;Oeste;Colisão Lateral;1;1;1;;;1;3
02/06/2016;22:20:00;314;sem vítima;783,8;BR-116/BA;Sul;Colisão Traseira;2;2;;;;;1
03/06/2016;04:53:00;19;sem vítima;462;BR-116/BA;Norte;Atropelamento - Pedestre;1;2;;;;;1
03/06/2016;12:19:00;164;com vítima;546;BR-116/BA;Norte;Atropelamento - Pedestre;1;1;;1;;;2
03/06/2016;19:16:00;287;sem vítima;551;BR-324/BA;Oeste;Colisão Traseira;1;6;;;;;1
03/06/2016;20:49:00;304;sem vítima;773;BR-116/BA;Sul;Colisão Traseira;1;2;;;;;1
04/06/2016;09:19:00;83;sem vítima;865,5;BR-116/BA;Sul;Colisão Traseira;1;42;;;;;1
04/06/2016;12:25:00;141;sem vítima;599;BR-324/BA;Oeste;Colisão Traseira;1;4;;;;;1
04/06/2016;16:13:00;206;com vítima;539;BR-324/BA;Oeste;Colisão Lateral;1;2;1;;;;1
05/06/2016;06:16:00;45;sem vítima;704,2;BR-116/BA;Norte;Colisão Lateral;1;3;;;;;1
05/06/2016;14:38:00;153;com vítima;675,3;BR-116/BA;Sul;Colisão Frontal;1;1;1;;;;1
05/06/2016;19:31:00;209;com vítima;609,3;BR-324/BA;Oeste;Sequência;1;3;1;3;;;2
06/06/2016;02:17:00;13;sem vítima;579,5;BR-324/BA;Leste;Colisão Traseira;2;3;;;;;1
07/06/2016;06:40:00;33;sem vítima;617,8;BR-324/BA;Oeste;Colisão Lateral;1;4;;;;;1
07/06/2016;21:58:00;278;sem vítima;548;BR-116/BA;Sul;Saida de Pista;1;1;;;;;1
08/06/2016;00:33:00;6;sem vítima;584,3;BR-324/BA;Leste;Colisão Traseira;1;4;;;;;1
08/06/2016;10:37:00;108;sem vítima;532;BR-324/BA;Leste;Capotamento;1;2;;;;;1
09/06/2016;01:57:00;10;com vítima;433;BR-116/BA;Norte;Saida de Pista;2;1;;1;;;2
09/06/2016;10:46:00;114;sem vítima;582,5;BR-324/BA;Oeste;Colisão Traseira;1;3;;;;;1
09/06/2016;16:18:00;186;sem vítima;797,3;BR-116/BA;Norte;Colisão Traseira;2;2;;;;;1
10/06/2016;06:49:00;39;sem vítima;545;BR-324/BA;Oeste;Colisão Lateral;1;2;;;;;1
10/06/2016;16:47:00;211;sem vítima;521;BR-324/BA;Oeste;Colisão Lateral;1;3;;;;;1
11/06/2016;11:34:00;121;sem vítima;525,3;BR-324/BA;Oeste;Colisão Traseira;2;2;;;;;1
11/06/2016;15:45:00;163;sem vítima;575,1;BR-324/BA;Oeste;Colisão Traseira;2;2;;;;;1
11/06/2016;17:33:00;186;sem vítima;526;BR-324/BA;Oeste;Colisão Lateral;1;2;;;;;1
12/06/2016;04:21:00;23;sem vítima;751,1;BR-116/BA;Sul;Atropelamento - Animal;1;1;;;;;1
13/06/2016;18:27:00;239;sem vítima;524;BR-324/BA;Leste;Colisão Lateral;1;2;;;;;1
14/06/2016;09:29:00;71;com vítima;603,7;BR-324/BA;Leste;Saida de Pista;1;3;2;;;;1
14/06/2016;11:11:00;102;sem vítima;605;BR-324/BA;Oeste;Engavetamento;1;3;;;;;1
15/06/2016;01:41:00;11;sem vítima;591;BR-324/BA;Leste;Saida de Pista;1;1;;;;;1
15/06/2016;12:21:00;147;com vítima;519;BR-324/BA;Leste;Engavetamento;1;6;2;1;;;2
15/06/2016;18:44:00;228;sem vítima;508,3;BR-116/BA;Sul;Saida de Pista;1;1;;;;;1
16/06/2016;11:12:00;130;sem vítima;580,1;BR-324/BA;Oeste;Colisão Traseira;1;2;;;;;1
17/06/2016;08:29:00;64;sem vítima;672;BR-116/BA;Sul;Colisão Traseira;2;2;;;;;1
17/06/2016;08:31:00;65;sem vítima;449;BR-116/BA;Norte;Engavetamento;2;8;;;;;1
17/06/2016;09:14:00;83;sem vítima;616,3;BR-116/BA;Norte;Saida de Pista;1;4;;;;;1
17/06/2016;19:40:00;266;sem vítima;493,8;BR-116/BA;Sul;Colisão Lateral;1;3;;;;;1
18/06/2016;03:49:00;29;sem vítima;664,7;BR-116/BA;Norte;Tombamento;1;1;;;;;1
18/06/2016;04:08:00;31;com vítima;920,1;BR-116/BA;Sul;Colisão Frontal;1;4;;1;;;2
18/06/2016;06:07:00;49;sem vítima;16,7;BR-116/BA - Cont VC;Norte;Colisão Lateral;1;2;;;;;1
18/06/2016;11:46:00;159;sem vítima;555,1;BR-324/BA;Oeste;Colisão Lateral;1;5;;;;;1