data;horario;n_da_ocorrencia;tipo_de_ocorrencia;km;trecho;sentido;tipo_de_acidente;caminhao;ilesos;levemente_feridos;moderadamente_feridos;gravemente_feridos;mortos;3
18/06/2016;12:45:00;172;sem vítima;635,5;BR-116/BA;Norte;Colisão Traseira;2;2;;;;;1
18/06/2016;13:29:00;188;sem vítima;576,4;BR-324/BA;Leste;Engavetamento;2;9;;;;;1
18/06/2016;16:13:00;230;sem vítima;548,1;BR-116/BA;Sul;Outros;1;1;;;;;1
19/06/2016;12:36:00;133;sem vítima;613;BR-324/BA;Oeste;Colisão Lateral;1;4;;;;;1
19/06/2016;13:50:00;152;com vítima;7;BR-116/BA - ContSuFS;Norte;Colisão Traseira;1;1;1;;;;1
20/06/2016;00:06:00;2;com vítima;806;BR-116/BA;Norte;Colisão Traseira;2;1;3;;;;1
20/06/2016;00:58:00;8;sem vítima;777,5;BR-116/BA;Norte;Colisão Transversal;1;2;;;;;1
20/06/2016;06:52:00;52;sem vítima;516,4;BR-116/BA;Sul;Saida de Pista;1;1;;;;;1
20/06/2016;11:46:00;161;sem vítima;6;BR-116/BA - ContSuFS;Norte;Colisão Traseira;1;4;;;;;1
20/06/2016;22:39:00;325;sem vítima;586,1;BR-324/BA;Leste;Tombamento;1;1;;;;;1
21/06/2016;15:49:00;247;sem vítima;572;BR-324/BA;Oeste;Colisão Lateral;1;3;;;;;1
21/06/2016;17:14:00;278;sem vítima;8;BR-116/BA - Cont VC;Sul;Saida de Pista;1;1;;;;;1
22/06/2016;04:58:00;16;sem vítima;448;BR-116/BA;Norte;Saida de Pista;1;1;;;;;1
22/06/2016;08:03:00;67;sem vítima;460,8;BR-116/BA;Sul;Colisão Traseira;2;2;;;;;1
22/06/2016;09:44:00;116;sem vítima;561,8;BR-116/BA;Sul;Engavetamento;2;9;;;;;1
22/06/2016;18:11:00;321;sem vítima;601;BR-324/BA;Oeste;Tombamento;1;12;;;;;1
22/06/2016;18:39:00;335;sem vítima;766;BR-116/BA;Sul;Colisão Traseira;1;4;;;;;1
23/06/2016;06:03:00;59;com vítima;434,1;BR-116/BA;Norte;Saida de Pista;1;0;;1;;1;3
23/06/2016;07:30:00;94;sem vítima;620;BR-324/BA;Leste;Colisão Lateral;2;2;;;;;1
23/06/2016;15:03:00;272;com vítima;845,2;BR-116/BA;Sul;Colisão Lateral;1;7;2;;;;1
23/06/2016;18:28:00;350;sem vítima;550;BR-324/BA;Oeste;Colisão Traseira;1;4;;;;;1
24/06/2016;18:44:00;209;com vítima;603;BR-116/BA;Norte;Colisão Frontal;1;0;1;;;1;3
24/06/2016;18:57:00;212;sem vítima;533;BR-324/BA;Oeste;Engavetamento;1;7;;;;;1
24/06/2016;23:40:00;247;sem vítima;640,4;BR-116/BA;Norte;Saida de Pista;1;1;;;;;1
25/06/2016;05:50:00;41;sem vítima;807,2;BR-116/BA;Sul;Colisão Lateral;1;5;;;;;1
25/06/2016;08:32:00;77;sem vítima;570,1;BR-116/BA;Norte;Outros;1;3;;;;;1
26/06/2016;10:58:00;119;sem vítima;711,3;BR-116/BA;Norte;Colisão Traseira;2;2;;;;;1
26/06/2016;13:55:00;189;com vítima;514,1;BR-116/BA;Sul;Saida de Pista;1;1;2;;;;1
26/06/2016;20:27:00;337;sem vítima;599;BR-324/BA;Leste;Colisão Lateral;1;4;;;;;1
26/06/2016;21:55:00;361;sem vítima;551;BR-324/BA;Leste;Colisão Lateral;1;5;;;;;1
27/06/2016;01:39:00;17;sem vítima;599;BR-324/BA;Leste;Colisão Lateral;1;4;;;;;1
27/06/2016;02:01:00;26;sem vítima;614;BR-324/BA;Leste;Engavetamento;1;11;;;;;1
27/06/2016;04:14:00;41;com vítima;639,3;BR-116/BA;Norte;Colisão Frontal;1;1;1;;;1;3
27/06/2016;08:32:00;121;sem vítima;551,1;BR-324/BA;Leste;Colisão Lateral;1;5;;;;;1
27/06/2016;08:24:00;172;sem vítima;551,1;BR-324/BA;Leste;Colisão Lateral;2;3;;;;;1
27/06/2016;11:08:00;190;sem vítima;557,7;BR-324/BA;Leste;Tombamento;1;1;;;;;1
27/06/2016;12:19:00;222;sem vítima;551;BR-324/BA;Leste;Colisão Traseira;1;5;;;;;1
27/06/2016;17:34:00;316;com vítima;782;BR-116/BA;Sul;Colisão Lateral;1;1;1;;;;1
28/06/2016;05:26:00;17;sem vítima;581,2;BR-116/BA;Sul;Saida de Pista;1;1;;;;;1
28/06/2016;09:30:00;92;sem vítima;531,9;BR-324/BA;Leste;Engavetamento;1;6;;;;;1
28/06/2016;10:22:00;105;sem vítima;539;BR-324/BA;Leste;Colisão Traseira;1;2;;;;;1
28/06/2016;12:54:00;145;sem vítima;16,8;BR-116/BA - Cont VC;Sul;Colisão Transversal;1;4;;;;;1
28/06/2016;20:34:00;246;sem vítima;561,3;BR-324/BA;Leste;Colisão Lateral;1;3;;;;;1
29/06/2016;07:08:00;35;com vítima;672,8;BR-116/BA;Sul;Colisão Transversal;1;1;;;2;;2
29/06/2016;19:14:00;245;sem vítima;566;BR-116/BA;Norte;Engavetamento;2;3;;;;;1
30/06/2016;19:52:00;260;sem vítima;753;BR-116/BA;Sul;Colisão Lateral;1;2;;;;;1
01/07/2016;09:18:00;84;sem vítima;920,2;BR-116/BA;Norte;Saida de Pista;1;3;;;;;1
01/07/2016;14:19:00;176;sem vítima;536,7;BR-324/BA;Oeste;Saida de Pista;1;1;;;;;1
01/07/2016;18:29:00;251;sem vítima;642,6;BR-116/BA;Norte;Saida de Pista;1;1;;;;;1
02/07/2016;10:44:00;95;sem vítima;627;BR-116/BA;Sul;Colisão Traseira;1;3;;;;;1
02/07/2016;18:13:00;195;sem vítima;616,4;BR-116/BA;Sul;Engavetamento;3;3;;;;;1
02/07/2016;22:14:00;245;com vítima;512;BR-116/BA;Sul;Saida de Pista;1;0;1;;;;1
03/07/2016;05:05:00;33;sem vítima;519,3;BR-116/BA;Sul;Colisão Traseira;2;2;;;;;1
03/07/2016;15:04:00;196;sem vítima;446,2;BR-116/BA;Norte;Colisão Lateral;1;6;;;;;1
03/07/2016;23:35:00;308;sem vítima;736;BR-116/BA;Sul;Saida de Pista;1;1;;;;;1
04/07/2016;04:49:00;17;com vítima;611;BR-324/BA;Leste;Colisão Traseira;1;1;;;;1;3
04/07/2016;13:54:00;172;com vítima;543;BR-324/BA;Oeste;Atropelamento - Pedestre;1;1;1;;;;1
04/07/2016;15:48:00;205;sem vítima;644,3;BR-116/BA;Norte;Saida de Pista;2;2;;;;;1
04/07/2016;17:36:00;235;sem vítima;818,7;BR-116/BA;Sul;Tombamento;1;3;;;;;1
05/07/2016;06:10:00;30;com vítima;919,3;BR-116/BA;Sul;Colisão Frontal;1;0;;2;;3;3
05/07/2016;17:17:00;215;sem vítima;537;BR-324/BA;Oeste;Colisão Lateral;1;2;;;;;1
05/07/2016;23:47:00;273;com vítima;736;BR-116/BA;Sul;Colisão Frontal;1;1;;1;1;;2
06/07/2016;04:56:00;11;sem vítima;548,3;BR-116/BA;Sul;Saida de Pista;1;1;;;;;1
06/07/2016;21:56:00;238;sem vítima;499,5;BR-116/BA;Norte;Saida de Pista;1;1;;;;;1
07/07/2016;08:04:00;61;sem vítima;840,9;BR-116/BA;Sul;Saida de Pista;1;1;;;;;1
07/07/2016;09:52:00;102;com vítima;461;BR-116/BA;Sul;Colisão Traseira;2;2;1;;;;1
07/07/2016;13:48:00;156;sem vítima;570;BR-324/BA;Oeste;Saida de Pista;1;1;;;;;1
07/07/2016;14:01:00;159;sem vítima;521,7;BR-324/BA;Leste;Colisão Traseira;1;2;;;;;1
08/07/2016;06:37:00;34;sem vítima;613,8;BR-324/BA;Oeste;Engavetamento;2;6;;;;;1
08/07/2016;13:27:00;165;sem vítima;610;BR-324/BA;Oeste;Colisão Traseira;1;3;;;;;1
08/07/2016;17:37:00;234;sem vítima;804,1;BR-116/BA;Sul;Colisão Traseira;1;2;;;;;1
09/07/2016;11:16:00;89;sem vítima;465;BR-116/BA;Sul;Colisão Traseira;2;3;;;;;1
09/07/2016;14:56:00;142;sem vítima;578,5;BR-116/BA;Sul;Saida de Pista;1;1;;;;;1
09/07/2016;18:20:00;185;com vítima;465,2;BR-116/BA;Sul;Saida de Pista;3;2;2;;;;1
09/07/2016;19:41:00;205;sem vítima;639;BR-116/BA;Norte;Sequência;2;6;;;;;1
09/07/2016;23:22:00;234;com vítima;707,1;BR-116/BA;Sul;Colisão Frontal;1;1;;;;1;3
10/07/2016;19:56:00;223;com vítima;448;BR-116/BA;Norte;Colisão Lateral;1;1;2;;;;1
10/07/2016;21:27:00;238;com vítima;767;BR-116/BA;Norte;Queda de Moto;1;2;1;;;;1
10/07/2016;23:27:00;259;com vítima;843;BR-116/BA;Norte;Colisão Frontal;2;0;;2;;1;3
11/07/2016;01:45:00;11;sem vítima;526;BR-324/BA;Leste;Colisão Traseira;2;3;;;;;1
11/07/2016;06:39:00;45;sem vítima;898,15;BR-116/BA;Sul;Colisão Traseira;1;6;;;;;1
11/07/2016;15:46:00;205;sem vítima;551;BR-324/BA;Leste;Colisão Transversal;1;7;;;;;1
11/07/2016;17:19:00;238;com vítima;610;BR-324/BA;Leste;Sequência;1;1;1;;;;1
11/07/2016;17:44:00;244;com vítima;463;BR-116/BA;Norte;Atropelamento - Pedestre;1;2;;1;;;2
12/07/2016;08:04:00;37;sem vítima;556,2;BR-116/BA;Sul;Colisão Traseira;1;18;;;;;1
12/07/2016;11:37:00;124;sem vítima;614,1;BR-324/BA;Leste;Colisão Lateral;1;3;;;;;1
12/07/2016;18:17:00;226;sem vítima;586;BR-116/BA;Sul;Saida de Pista;1;1;;;;;1
13/07/2016;12:29:00;161;sem vítima;604,5;BR-324/BA;Oeste;Colisão Lateral;1;3;;;;;1
13/07/2016;12:35:00;164;com vítima;5;BA-526;Norte;Colisão Traseira;1;3;1;;;;1
13/07/2016;16:16:00;210;sem vítima;527,4;BR-324/BA;Oeste;Engavetamento;2;12;;;;;1
13/07/2016;16:45:00;217;sem vítima;527,4;BR-324/BA;Leste;Colisão Traseira;1;5;;;;;1
14/07/2016;06:31:00;37;sem vítima;683;BR-116/BA;Norte;Colisão Traseira;2;4;;;;;1
14/07/2016;06:56:00;43;sem vítima;618;BR-324/BA;Leste;Engavetamento;1;4;;;;;1
14/07/2016;07:24:00;47;sem vítima;450;BR-116/BA;Sul;Saida de Pista;1;1;;;;;1
14/07/2016;08:58:00;82;sem vítima;619;BR-324/BA;Leste;Engavetamento;1;4;;;;;1
14/07/2016;16:21:00;204;sem vítima;444;BR-116/BA;Sul;Saida de Pista;1;1;;;;;1
15/07/2016;07:52:00;54;sem vítima;633,15;BR-116/BA;Sul;Colisão Lateral;1;2;;;;;1
15/07/2016;10:32:00;126;com vítima;635,5;BR-116/BA;Norte;Colisão Frontal;1;1;;;;1;3
15/07/2016;15:43:00;221;sem vítima;592;BR-116/BA;Sul;Saida de Pista;1;1;;;;;1
15/07/2016;17:50:00;256;com vítima;777;BR-116/BA;Sul;Colisão Transversal;1;2;1;;;;1
16/07/2016;05:27:00;31;sem vítima;565;BR-116/BA;Norte;Colisão Lateral;1;5;;;;;1
16/07/2016;05:51:00;36;com vítima;760,9;BR-116/BA;Norte;Engavetamento;2;2;1;;1;;2
16/07/2016;07:55:00;65;sem vítima;547;BR-116/BA;Norte;Colisão Traseira;1;2;;;;;1
16/07/2016;11:37:00;135;sem vítima;711,7;BR-116/BA;Norte;Colisão Traseira;2;2;;;;;1
16/07/2016;12:14:00;141;sem vítima;581;BR-116/BA;Norte;Saida de Pista;1;1;;;;;1
16/07/2016;12:39:00;145;com vítima;18;BR-116/BA - Cont VC;Sul;Atropelamento - Ciclista;1;1;;;1;;2
16/07/2016;18:48:00;240;sem vítima;754,4;BR-116/BA;Sul;Colisão Traseira;1;6;;;;;1
16/07/2016;19:09:00;245;sem vítima;10,7;BR-116/BA - Cont VC;Sul;Colisão Traseira;1;3;;;;;1
17/07/2016;09:05:00;65;com vítima;792,5;BR-116/BA;Sul;Colisão Traseira;1;9;4;;;;1
17/07/2016;11:03:00;92;com vítima;757,3;BR-116/BA;Norte;Colisão Transversal;1;1;1;;;;1
17/07/2016;15:40:00;148;com vítima;571,7;BR-116/BA;Norte;Saida de Pista;1;0;;;;1;3
18/07/2016;15:38:00;221;sem vítima;483;BR-116/BA;Sul;Engavetamento;1;12;;;;;1
19/07/2016;18:55:00;289;sem vítima;524;BR-324/BA;Oeste;Saida de Pista;1;2;;;;;1
20/07/2016;12:12:00;150;sem vítima;706;BR-116/BA;Sul;Saida de Pista;1;2;;;;;1
20/07/2016;12:27:00;153;com vítima;537;BR-324/BA;Oeste;Colisão Traseira;2;1;;1;;;2
21/07/2016;10:47:00;126;sem vítima;778,7;BR-116/BA;Sul;Colisão Traseira;1;2;;;;;1
21/07/2016;15:43:00;189;sem vítima;929,6;BR-116/BA;Sul;Colisão Traseira;1;7;;;;;1
21/07/2016;22:30:00;275;sem vítima;526;BR-116/BA;Norte;Colisão Lateral;2;7;;;;;1
22/07/2016;03:25:00;12;sem vítima;436,2;BR-116/BA;Sul;Saida de Pista;1;1;;;;;1
22/07/2016;09:21:00;86;sem vítima;446,2;BR-116/BA;Sul;Colisão Lateral;1;2;;;;;1
22/07/2016;10:53:00;124;sem vítima;804,3;BR-116/BA;Norte;Colisão Transversal;1;4;;;;;1
22/07/2016;15:09:00;206;sem vítima;746,3;BR-116/BA;Norte;Colisão Traseira;3;3;;;;;1
22/07/2016;15:42:00;219;com vítima;586,8;BR-324/BA;Oeste;Outros;1;0;1;;;;1
23/07/2016;00:15:00;4;com vítima;452,5;BR-116/BA;Norte;Colisão Traseira;2;1;;1;1;;2
23/07/2016;06:57:00;50;sem vítima;452,1;BR-116/BA;Sul;Colisão Lateral;2;2;;;;;1
23/07/2016;07:44:00;62;sem vítima;524;BR-324/BA;Oeste;Colisão Traseira;2;4;;;;;1
23/07/2016;18:11:00;215;sem vítima;642;BR-116/BA;Norte;Saida de Pista;1;1;;;;;1
24/07/2016;03:05:00;20;sem vítima;640,2;BR-116/BA;Norte;Saida de Pista;1;1;;;;;1
24/07/2016;17:06:00;195;sem vítima;563,5;BR-116/BA;Norte;Saida de Pista;1;1;;;;;1
24/07/2016;21:53:00;248;sem vítima;560;BR-324/BA;Oeste;Atropelamento - Animal;1;1;;;;;1
25/07/2016;04:13:00;17;com vítima;664,3;BR-116/BA;Norte;Saida de Pista;1;0;2;;;;1
25/07/2016;05:12:00;21;sem vítima;581,6;BR-116/BA;Norte;Saida de Pista;1;3;;;;;1
26/07/2016;12:06:00;136;sem vítima;502,8;BR-116/BA;Sul;Tombamento;1;1;;;;;1
26/07/2016;17:28:00;217;sem vítima;495;BR-116/BA;Norte;Colisão Lateral;2;5;;;;;1
26/07/2016;20:58:00;263;sem vítima;563;BR-324/BA;Oeste;Tombamento;1;1;;;;;1
27/07/2016;08:36:00;65;sem vítima;865,8;BR-116/BA;Sul;Engavetamento;3;3;;;;;1
27/07/2016;14:59:00;192;sem vítima;929;BR-116/BA;Sul;Colisão Traseira;1;5;;;;;1
27/07/2016;18:57:00;252;sem vítima;716;BR-116/BA;Norte;Saida de Pista;1;1;;;;;1
28/07/2016;03:58:00;17;sem vítima;461,1;BR-116/BA;Sul;Colisão Traseira;2;2;;;;;1
28/07/2016;09:07:00;98;sem vítima;558;BR-324/BA;Leste;Colisão Traseira;1;5;;;;;1
28/07/2016;12:14:00;172;sem vítima;716,5;BR-116/BA;Sul;Tombamento;1;2;;;;;1
28/07/2016;17:21:00;248;com vítima;524;BR-324/BA;Oeste;Atropelamento - Pedestre;1;1;;;;1;3
29/07/2016;05:12:00;22;com vítima;578;BR-324/BA;Leste;Colisão Traseira;2;1;;1;;;2
29/07/2016;06:38:00;36;com vítima;571;BR-324/BA;Leste;Saida de Pista;1;1;1;;;;1
29/07/2016;08:15:00;67;com vítima;580;BR-116/BA;Norte;Tombamento;1;0;1;;;;1
29/07/2016;09:26:00;93;sem vítima;16;BR-116/BA - Cont VC;Norte;Colisão Transversal;1;3;;;;;1
29/07/2016;12:41:00;158;com vítima;900,1;BR-116/BA;Sul;Colisão Traseira;1;1;;;1;;2
29/07/2016;19:38:00;277;sem vítima;0;BR-116/BA - ContSuFS;Norte;Colisão Transversal;1;4;;;;;1
30/07/2016;10:37:00;94;sem vítima;617;BR-324/BA;Leste;Colisão Lateral;1;2;;;;;1
30/07/2016;11:13:00;105;sem vítima;620;BR-324/BA;Leste;Colisão Lateral;1;4;;;;;1
30/07/2016;19:44:00;224;sem vítima;860;BR-116/BA;Sul;Colisão Traseira;2;2;;;;;1
30/07/2016;23:44:00;262;com vítima;750,8;BR-116/BA;Sul;Queda de Moto;1;1;;1;;;2
31/07/2016;05:16:00;29;sem vítima;692,8;BR-116/BA;Sul;Tombamento;1;1;;;;;1
01/08/2016;07:32:00;64;sem vítima;462;BR-116/BA;Norte;Colisão Traseira;1;5;;;;;1
02/08/2016;05:10:00;20;com vítima;523,1;BR-324/BA;Leste;Tombamento;1;1;;2;;;2
02/08/2016;06:45:00;32;sem vítima;599;BR-324/BA;Leste;Colisão Traseira;1;2;;;;;1
02/08/2016;14:58:00;170;sem vítima;16;BR-116/BA - Cont VC;Sul;Colisão Transversal;1;3;;;;;1
03/08/2016;05:19:00;15;com vítima;696,6;BR-116/BA;Sul;Saida de Pista;1;0;1;1;;;2
03/08/2016;05:43:00;16;sem vítima;828,6;BR-116/BA;Norte;Colisão Lateral;1;4;;;;;1
03/08/2016;16:57:00;232;com vítima;580;BR-324/BA;Oeste;Engavetamento;3;2;;1;;;2
03/08/2016;21:55:00;281;com vítima;781,7;BR-116/BA;Sul;Colisão Lateral;1;1;2;;;;1
03/08/2016;23:51:00;296;sem vítima;655,3;BR-116/BA;Sul;Saida de Pista;1;1;;;;;1
04/08/2016;08:14:00;46;sem vítima;616;BR-324/BA;Leste;Colisão Traseira;1;3;;;;;1
04/08/2016;08:29:00;54;sem vítima;7;BR-116/BA - ContSuFS;Norte;Colisão Traseira;2;2;;;;;1
05/08/2016;17:19:00;222;com vítima;463;BR-116/BA;Norte;Colisão Lateral;1;1;;1;;;2
05/08/2016;18:08:00;240;sem vítima;708;BR-116/BA;Norte;Atropelamento de Animal;1;1;;;;;1
05/08/2016;18:46:00;255;sem vítima;617;BR-324/BA;Oeste;Colisão Lateral;1;3;;;;;1
06/08/2016;05:47:00;34;sem vítima;451;BR-116/BA;Sul;Colisão Traseira;2;3;;;;;1
06/08/2016;06:22:00;39;sem vítima;598;BR-116/BA;Norte;Colisão Traseira;1;4;;;;;1
06/08/2016;09:21:00;76;com vítima;17;BR-116/BA - Cont VC;Sul;Colisão Transversal;1;3;1;;;;1
06/08/2016;11:19:00;104;sem vítima;728;BR-116/BA;Sul;Colisão Traseira;2;3;;;;;1
06/08/2016;20:13:00;219;com vítima;461,6;BR-116/BA;Norte;Atropelamento - Ciclista;1;1;1;;;;1
07/08/2016;06:11:00;34;sem vítima;0;BR-116/BA - ContSuFS;Norte;Tombamento;1;1;;;;;1
07/08/2016;17:37:00;216;com vítima;690;BR-116/BA;Norte;Colisão Traseira;2;2;1;1;;;2
07/08/2016;22:19:00;270;sem vítima;760;BR-116/BA;Norte;Atropelamento de Animal;1;1;;;;;1
07/08/2016;23:39:00;283;sem vítima;703;BR-116/BA;Norte;Saida de Pista;1;2;;;;;1
08/08/2016;07:54:00;65;com vítima;610,8;BR-324/BA;Oeste;Colisão Lateral;1;6;1;;;;1
08/08/2016;07:58:00;66;sem vítima;23,9;BR-116/BA - Cont VC;Sul;Colisão Frontal;1;3;;;;;1
09/08/2016;00:14:00;3;sem vítima;756;BR-116/BA;Sul;Atropelamento de Animal;1;1;;;;;1
09/08/2016;07:15:00;50;sem vítima;609;BR-324/BA;Leste;Colisão Lateral;1;2;;;;;1
09/08/2016;09:44:00;104;sem vítima;462,2;BR-116/BA;Norte;Colisão Lateral;1;2;;;;;1
09/08/2016;11:41:00;149;sem vítima;597;BR-116/BA;Norte;Colisão Traseira;1;13;;;;;1
09/08/2016;17:30:00;245;sem vítima;642;BR-116/BA;Norte;Saida de Pista;1;1;;;;;1
10/08/2016;15:19:00;210;sem vítima;613,5;BR-324/BA;Oeste;Saida de Pista;1;1;;;;;1
11/08/2016;00:19:00;4;sem vítima;750,2;BR-116/BA;Norte;Atropelamento de Animal;1;1;;;;;1
11/08/2016;09:45:00;99;sem vítima;608,15;BR-324/BA;Oeste;Tombamento;1;1;;;;;1
11/08/2016;15:18:00;174;com vítima;6;BA-526;Sul;Colisão Frontal;1;1;1;;;;1
12/08/2016;10:56:00;122;sem vítima;622,8;BR-324/BA;Leste;Colisão Traseira;1;3;;;;;1
13/08/2016;09:24:00;75;sem vítima;587,05;BR-324/BA;Oeste;Colisão Lateral;1;4;;;;;1
13/08/2016;20:23:00;241;sem vítima;867;BR-116/BA;Sul;Colisão Lateral;3;3;;;;;1
15/08/2016;08:03:00;57;com vítima;861,1;BR-116/BA;Sul;Colisão Transversal;1;2;;;1;;2
15/08/2016;10:53:00;112;sem vítima;615,1;BR-324/BA;Leste;Colisão Traseira;1;3;;;;;1
15/08/2016;11:22:00;120;sem vítima;614,2;BR-324/BA;Leste;Engavetamento;1;5;;;;;1
15/08/2016;19:10:00;238;sem vítima;557;BR-116/BA;Sul;Engavetamento;2;6;;;;;1
16/08/2016;12:15:00;125;com vítima;817,9;BR-116/BA;Sul;Colisão Transversal;1;2;;1;;;2
16/08/2016;14:24:00;153;sem vítima;616;BR-324/BA;Oeste;Engavetamento;1;3;;;;;1
16/08/2016;15:33:00;176;sem vítima;452,3;BR-116/BA;Norte;Colisão Lateral;2;2;;;;;1
16/08/2016;16:47:00;197;sem vítima;522;BR-324/BA;Leste;Colisão Traseira;1;4;;;;;1
16/08/2016;18:22:00;219;com vítima;763,5;BR-116/BA;Sul;Colisão Lateral;3;2;;1;;;2
17/08/2016;04:43:00;16;sem vítima;686;BR-116/BA;Norte;Colisão Lateral;1;5;;;;;1
17/08/2016;06:28:00;27;com vítima;624,1;BR-324/BA;Leste;Engavetamento;1;2;1;;;;1
17/08/2016;13:43:00;159;sem vítima;16,3;BR-116/BA - Cont VC;Sul;Colisão Transversal;1;4;;;;;1
17/08/2016;16:53:00;223;sem vítima;576;BR-324/BA;Leste;Capotamento;1;1;;;;;1
18/08/2016;06:11:00;33;sem vítima;689;BR-116/BA;Sul;Tombamento;1;1;;;;;1
18/08/2016;18:37:00;253;sem vítima;591;BR-324/BA;Oeste;Colisão Traseira;1;4;;;;;1
18/08/2016;21:44:00;294;sem vítima;775;BR-116/BA;Norte;Atropelamento de Animal;1;1;;;;;1
19/08/2016;05:32:00;29;sem vítima;547,6;BR-324/BA;Leste;Saida de Pista;1;1;;;;;1
20/08/2016;10:24:00;88;sem vítima;792,1;BR-116/BA;Sul;Colisão Traseira;2;2;;;;;1
20/08/2016;14:18:00;138;sem vítima;638;BR-116/BA;Sul;Colisão Lateral;2;2;;;;;1
20/08/2016;17:18:00;179;com vítima;778;BR-116/BA;Sul;Colisão Transversal;1;2;2;;;;1
20/08/2016;18:56:00;206;com vítima;5;BA-526;Norte;Choque Contra Objeto Fixo;1;0;1;;;;1
21/08/2016;07:46:00;35;sem vítima;533;BR-324/BA;Oeste;Colisão Traseira;2;3;;;;;1
21/08/2016;14:49:00;167;com vítima;648;BR-116/BA;Sul;Colisão Lateral;1;1;1;;;;1
22/08/2016;14:15:00;168;sem vítima;599,7;BR-324/BA;Oeste;Colisão Lateral;1;2;;;;;1
22/08/2016;16:06:00;197;com vítima;625,8;BR-324/BA;Oeste;Colisão Traseira;1;1;;2;1;;2
23/08/2016;09:14:00;83;sem vítima;7;BR-116/BA - Cont VC;Sul;Colisão Traseira;2;2;;;;;1
23/08/2016;14:36:00;181;sem vítima;529,8;BR-324/BA;Leste;Saida de Pista;1;1;;;;;1
24/08/2016;04:21:00;18;com vítima;537,1;BR-324/BA;Oeste;Tombamento;1;0;;2;;;2
24/08/2016;06:15:00;25;sem vítima;460,8;BR-116/BA;Sul;Colisão Traseira;2;2;;;;;1
24/08/2016;07:38:00;39;com vítima;557,3;BR-116/BA;Sul;Saida de Pista;1;0;1;;;;1
24/08/2016;13:43:00;161;sem vítima;563,2;BR-324/BA;Oeste;Tombamento;1;1;;;;;1
24/08/2016;15:21:00;189;com vítima;16;BR-116/BA - Cont VC;Sul;Colisão Lateral;1;2;1;;;;1
24/08/2016;19:30:00;260;sem vítima;591,4;BR-324/BA;Leste;Colisão Traseira;1;2;;;;;1
25/08/2016;09:55:00;126;sem vítima;427;BR-116/BA;Norte;Tombamento;1;1;;;;;1
25/08/2016;13:01:00;183;sem vítima;908,3;BR-116/BA;Sul;Colisão Transversal;1;3;;;;;1
26/08/2016;21:20:00;276;sem vítima;756,2;BR-116/BA;Norte;Colisão Traseira;2;3;;;;;1
26/08/2016;21:41:00;282;sem vítima;632,4;BR-116/BA;Sul;Colisão Traseira;1;3;;;;;1
27/08/2016;05:27:00;21;sem vítima;642,1;BR-116/BA;Norte;Saida de Pista;1;1;;;;;1
27/08/2016;05:35:00;24;sem vítima;872,8;BR-116/BA;Sul;Colisão Traseira;1;3;;;;;1
27/08/2016;18:18:00;218;sem vítima;828;BR-116/BA;Norte;Colisão Frontal;1;5;;;;;1
27/08/2016;19:25:00;229;sem vítima;515;BR-116/BA;Sul;Colisão Frontal;1;2;;;;;1
28/08/2016;08:41:00;61;com vítima;436;BR-116/BA;Sul;Saida de Pista;1;0;1;;;;1
28/08/2016;18:24:00;177;com vítima;571,1;BR-116/BA;Sul;Colisão Traseira;1;1;2;1;;1;3
28/08/2016;19:16:00;184;com vítima;447,5;BR-116/BA;Sul;Colisão Transversal;1;1;4;2;;;2
28/08/2016;19:52:00;191;com vítima;434;BR-116/BA;Norte;Saida de Pista;1;1;2;2;;;2
29/08/2016;03:58:00;17;com vítima;452;BR-116/BA;Norte;Colisão Traseira;2;1;;1;2;;2
29/08/2016;12:29:00;152;sem vítima;28;BR-116/BA - Cont VC;Norte;Colisão Traseira;2;2;;;;;1
29/08/2016;13:56:00;178;sem vítima;8;BR-116/BA - Cont VC;Sul;Colisão Lateral;1;3;;;;;1
29/08/2016;15:20:00;195;com vítima;911;BR-116/BA;Norte;Colisão Traseira;1;3;;1;;;2
29/08/2016;16:54:00;223;sem vítima;815,5;BR-116/BA;Norte;Saida de Pista;1;1;;;;;1
29/08/2016;19:43:00;275;sem vítima;585;BR-324/BA;Oeste;Saida de Pista;1;1;;;;;1
30/08/2016;00:33:00;4;com vítima;519;BR-116/BA;Norte;Colisão Frontal;1;1;;;;1;3
30/08/2016;01:37:00;8;sem vítima;642,6;BR-116/BA;Sul;Saida de Pista;1;1;;;;;1
30/08/2016;06:39:00;28;sem vítima;614;BR-116/BA;Sul;Colisão Traseira;2;2;;;;;1
30/08/2016;08:50:00;73;com vítima;565,3;BR-324/BA;Oeste;Saida de Pista;1;4;;;;1;3
30/08/2016;11:07:00;119;sem vítima;827;BR-116/BA;Sul;Colisão Traseira;1;2;;;;;1
30/08/2016;14:08:00;172;sem vítima;581,3;BR-324/BA;Oeste;Tombamento;1;1;;;;;1
30/08/2016;15:51:00;201;sem vítima;547;BR-324/BA;Oeste;Choque Contra Objeto Fixo;1;2;;;;;1
31/08/2016;08:25:00;62;com vítima;624;BR-324/BA;Leste;Engavetamento;2;2;;;1;;2
31/08/2016;11:15:00;118;sem vítima;522,1;BR-324/BA;Oeste;Colisão Traseira;2;2;;;;;1
31/08/2016;13:37:00;154;sem vítima;519,2;BR-324/BA;Oeste;Colisão Traseira;2;3;;;;;1
01/09/2016;00:54:00;9;sem vítima;446;BR-116/BA;Norte;Atropelamento de Animal;1;1;;;;;1
01/09/2016;09:56:00;103;sem vítima;567,2;BR-324/BA;Leste;Saida de Pista;1;3;;;;;1
01/09/2016;14:48:00;180;com vítima;764,1;BR-116/BA;Norte;Colisão Traseira;1;4;2;;;;1