data;horario;n_da_ocorrencia;tipo_de_ocorrencia;km;trecho;sentido;tipo_de_acidente;caminhao;ilesos;levemente_feridos;moderadamente_feridos;gravemente_feridos;mortos;3
02/09/2016;01:34:00;8;sem vítima;472,5;BR-116/BA;Norte;Saida de Pista;1;3;;;;;1
02/09/2016;06:59:00;32;sem vítima;586,9;BR-324/BA;Oeste;Saida de Pista;1;1;;;;;1
02/09/2016;17:45:00;241;sem vítima;1;BR-116/BA - Cont VC;Sul;Saida de Pista;1;1;;;;;1
03/09/2016;04:37:00;14;com vítima;556;BR-116/BA;Norte;Colisão Frontal;1;1;;;1;;2
03/09/2016;06:31:00;27;com vítima;739,6;BR-116/BA;Norte;Atropelamento de Pedestre;1;1;;;;1;3
03/09/2016;09:32:00;74;sem vítima;16,5;BR-116/BA - Cont VC;Sul;Colisão Transversal;1;3;;;;;1
03/09/2016;10:16:00;89;com vítima;909,8;BR-116/BA;Sul;Engavetamento;2;2;1;1;;;2
03/09/2016;12:28:00;125;sem vítima;614,15;BR-324/BA;Oeste;Colisão Traseira;1;4;;;;;1
04/09/2016;10:10:00;95;sem vítima;614,2;BR-324/BA;Leste;Colisão Lateral;1;3;;;;;1
04/09/2016;18:28:00;222;com vítima;457,1;BR-116/BA;Sul;Saida de Pista;1;1;1;;;;1
05/09/2016;06:30:00;42;sem vítima;568;BR-324/BA;Leste;Tombamento;1;2;;;;;1
05/09/2016;15:55:00;213;sem vítima;540;BR-324/BA;Oeste;Colisão Lateral;1;3;;;;;1
05/09/2016;21:52:00;284;sem vítima;573,5;BR-324/BA;Leste;Saida de Pista;1;1;;;;;1
06/09/2016;11:39:00;114;sem vítima;619,4;BR-324/BA;Leste;Colisão Traseira;1;2;;;;;1
06/09/2016;14:36:00;160;sem vítima;570;BR-324/BA;Leste;Colisão Lateral;1;3;;;;;1
08/09/2016;12:58:00;165;sem vítima;3,5;BR-116/BA - Cont VC;Sul;Colisão Transversal;1;2;;;;;1
08/09/2016;17:52:00;245;sem vítima;617,8;BR-324/BA;Leste;Colisão Traseira;2;2;;;;;1
10/09/2016;18:38:00;194;com vítima;771,3;BR-116/BA;Norte;Atropelamento de Pedestre;1;0;1;;;1;3
10/09/2016;22:36:00;225;com vítima;513;BR-116/BA;Norte;Saida de Pista;1;0;;;;1;3
11/09/2016;11:04:00;102;sem vítima;476;BR-116/BA;Norte;Colisão Traseira;2;2;;;;;1
11/09/2016;11:24:00;108;com vítima;461,3;BR-116/BA;Sul;Colisão Transversal;1;1;1;;;;1
11/09/2016;12:53:00;126;sem vítima;720,1;BR-116/BA;Sul;Saida de Pista;1;1;;;;;1
13/09/2016;08:08:00;53;sem vítima;570,15;BR-116/BA;Norte;Colisão Traseira;1;2;;;;;1
13/09/2016;12:00:00;123;sem vítima;546,02;BR-116/BA;Norte;Colisão Traseira;1;5;;;;;1
13/09/2016;12:14:00;140;sem vítima;547,3;BR-116/BA;Norte;Colisão Traseira;2;2;;;;;1
13/09/2016;15:13:00;167;sem vítima;555;BR-116/BA;Norte;Saida de Pista;1;1;;;;;1
14/09/2016;04:15:00;21;sem vítima;530,3;BR-324/BA;Oeste;Saida de Pista;1;3;;;;;1
14/09/2016;08:15:00;60;sem vítima;441,8;BR-116/BA;Sul;Saida de Pista;1;1;;;;;1
14/09/2016;18:13:00;218;sem vítima;464,5;BR-116/BA;Norte;Tombamento;1;1;;;;;1
15/09/2016;14:50:00;189;sem vítima;6,2;BR-116/BA - Cont VC;Sul;Colisão Lateral;1;2;;;;;1
15/09/2016;16:02:00;208;sem vítima;542;BR-116/BA;Norte;Colisão Traseira;2;2;;;;;1
16/09/2016;05:42:00;39;sem vítima;865;BR-116/BA;Norte;Saida de Pista;1;2;;;;;1
16/09/2016;06:13:00;43;com vítima;719;BR-116/BA;Sul;Tombamento;1;0;;1;;;2
16/09/2016;07:58:00;66;sem vítima;933,05;BR-116/BA;Norte;Saida de Pista;1;1;;;;;1
16/09/2016;14:55:00;165;sem vítima;619,9;BR-324/BA;Leste;Colisão Traseira;1;2;;;;;1
16/09/2016;18:43:00;220;sem vítima;843;BR-116/BA;Sul;Colisão Lateral;1;4;;;;;1
17/09/2016;12:21:00;91;com vítima;583,05;BR-116/BA;Sul;Colisão Frontal;2;2;;;1;;2
17/09/2016;21:05:00;212;com vítima;924,1;BR-116/BA;Sul;Colisão Traseira;1;0;1;;;;1
18/09/2016;01:14:00;10;sem vítima;595,2;BR-116/BA;Norte;Saida de Pista;1;1;;;;;1
18/09/2016;18:57:00;217;com vítima;28;BR-116/BA - Cont VC;Sul;Colisão Frontal;1;4;;1;;;2
19/09/2016;05:31:00;28;sem vítima;524;BR-324/BA;Leste;Colisão Lateral;1;5;;;;;1
19/09/2016;12:02:00;147;sem vítima;606;BR-324/BA;Leste;Colisão Traseira;2;2;;;;;1
19/09/2016;17:23:00;221;sem vítima;7,4;BA-526;Norte;Tombamento;1;1;;;;;1
20/09/2016;18:11:00;233;sem vítima;518;BR-324/BA;Oeste;Colisão Traseira;1;3;;;;;1
21/09/2016;05:21:00;16;sem vítima;866,2;BR-116/BA;Sul;Colisão Traseira;1;18;;;;;1
21/09/2016;11:06:00;111;sem vítima;578,4;BR-324/BA;Oeste;Colisão Lateral;1;5;;;;;1
21/09/2016;18:00:00;197;sem vítima;594,5;BR-324/BA;Oeste;Colisão Lateral;1;2;;;;;1
22/09/2016;21:54:00;235;sem vítima;517;BR-116/BA;Norte;Atropelamento de Animal;1;1;;;;;1
23/09/2016;04:29:00;24;sem vítima;648,15;BR-116/BA;Norte;Colisão Lateral;2;2;;;;;1
23/09/2016;11:23:00;130;sem vítima;619;BR-324/BA;Leste;Colisão Traseira;1;2;;;;;1
23/09/2016;11:28:00;132;sem vítima;560,5;BR-324/BA;Leste;Colisão Traseira;1;4;;;;;1
24/09/2016;11:35:00;111;sem vítima;25,2;BR-116/BA - Cont VC;Norte;Colisão Lateral;1;4;;;;;1
24/09/2016;20:22:00;217;sem vítima;561;BR-116/BA;Norte;Colisão Lateral;1;3;;;;;1
25/09/2016;08:55:00;73;sem vítima;480;BR-116/BA;Sul;Saida de Pista;1;1;;;;;1
25/09/2016;22:18:00;231;sem vítima;569,2;BR-116/BA;Norte;Saida de Pista;1;1;;;;;1
26/09/2016;04:36:00;18;sem vítima;670,5;BR-116/BA;Sul;Atropelamento de Animal;1;1;;;;;1
26/09/2016;16:42:00;228;com vítima;827;BR-116/BA;Norte;Colisão Transversal;1;1;2;;;;1
27/09/2016;16:43:00;188;sem vítima;633,2;BR-116/BA;Norte;Colisão Transversal;1;5;;;;;1
27/09/2016;19:29:00;230;sem vítima;619;BR-324/BA;Leste;Colisão Transversal;1;2;;;;;1
27/09/2016;20:43:00;245;sem vítima;780;BR-116/BA;Sul;Colisão Lateral;1;2;;;;;1
27/09/2016;21:02:00;247;com vítima;15,1;BR-116/BA - Cont VC;Sul;Colisão Traseira;2;1;1;1;;;2
28/09/2016;01:41:00;7;com vítima;523;BR-324/BA;Leste;Colisão Traseira;2;1;1;;;;1
28/09/2016;06:32:00;20;sem vítima;900;BR-116/BA;Sul;Saida de Pista;1;1;;;;;1
28/09/2016;10:01:00;73;sem vítima;592;BR-324/BA;Oeste;Engavetamento;2;8;;;;;1
28/09/2016;16:04:00;137;sem vítima;766,3;BR-116/BA;Sul;Engavetamento;3;6;;;;;1
29/09/2016;04:06:00;18;sem vítima;594;BR-116/BA;Sul;Tombamento;1;1;;;;;1
29/09/2016;04:32:00;19;com vítima;500,3;BR-116/BA;Sul;Colisão Lateral;2;2;1;;;;1
29/09/2016;23:15:00;277;sem vítima;542,6;BR-324/BA;Leste;Colisão Traseira;1;3;;;;;1
30/09/2016;16:52:00;201;sem vítima;523;BR-324/BA;Oeste;Colisão Lateral;1;2;;;;;1
01/10/2016;15:16:00;173;sem vítima;649;BR-116/BA;Sul;Colisão Lateral;1;2;;;;;1
01/10/2016;17:37:00;212;sem vítima;29,6;BR-116/BA - Cont VC;Norte;Tombamento;1;1;;;;;1
02/10/2016;22:01:00;256;sem vítima;595,1;BR-116/BA;Norte;Tombamento;1;1;;;;;1
03/10/2016;07:56:00;71;sem vítima;653,3;BR-116/BA;Norte;Engavetamento;2;3;;;;;1
03/10/2016;12:25:00;166;sem vítima;545;BR-324/BA;Leste;Colisão Traseira;2;2;;;;;1
04/10/2016;15:23:00;186;com vítima;817,9;BR-116/BA;Norte;Colisão Transversal;1;2;2;;;;1
04/10/2016;22:00:00;278;sem vítima;9,9;BR-116/BA - Cont VC;Sul;Atropelamento de Animal;1;1;;;;;1
05/10/2016;11:14:00;138;sem vítima;519;BR-324/BA;Oeste;Colisão Traseira;1;2;;;;;1
05/10/2016;20:48:00;274;sem vítima;907,1;BR-116/BA;Sul;Atropelamento de Animal;1;1;;;;;1
06/10/2016;13:41:00;173;sem vítima;623,3;BR-324/BA;Oeste;Saida de Pista;1;1;;;;;1
06/10/2016;15:37:00;200;sem vítima;581,3;BR-116/BA;Norte;Saida de Pista;1;2;;;;;1
07/10/2016;05:11:00;19;sem vítima;913,6;BR-116/BA;Sul;Tombamento;1;1;;;;;1
07/10/2016;08:00:00;42;sem vítima;615,9;BR-324/BA;Leste;Colisão Traseira;1;13;;;;;1
07/10/2016;19:26:00;250;com vítima;791,2;BR-116/BA;Sul;Colisão Traseira;2;1;1;;;;1
08/10/2016;16:24:00;179;sem vítima;791,5;BR-116/BA;Norte;Colisão Traseira;2;2;;;;;1
08/10/2016;18:46:00;215;sem vítima;733,1;BR-116/BA;Sul;Colisão Traseira;1;2;;;;;1
09/10/2016;12:56:00;120;sem vítima;593,8;BR-116/BA;Sul;Saida de Pista;1;4;;;;;1
09/10/2016;18:59:00;191;sem vítima;643;BR-116/BA;Sul;Saida de Pista;1;2;;;;;1
10/10/2016;21:26:00;272;sem vítima;610;BR-324/BA;Leste;Colisão Traseira;1;2;;;;;1
11/10/2016;16:29:00;180;sem vítima;531,3;BR-324/BA;Leste;Sequência;1;7;;;;;1
11/10/2016;20:42:00;233;sem vítima;879;BR-116/BA;Sul;Saida de Pista;1;1;;;;;1
11/10/2016;22:36:00;244;com vítima;565,6;BR-324/BA;Oeste;Colisão Traseira;2;1;1;;1;;2
12/10/2016;21:12:00;203;sem vítima;849;BR-116/BA;Sul;Saida de Pista;1;1;;;;;1
12/10/2016;22:23:00;212;sem vítima;7;BR-116/BA - ContSuFS;Sul;Saida de Pista;1;2;;;;;1
14/10/2016;01:16:00;3;sem vítima;498;BR-116/BA;Norte;Saida de Pista;1;1;;;;;1
14/10/2016;12:18:00;128;sem vítima;599;BR-324/BA;Oeste;Colisão Traseira;1;5;;;;;1
14/10/2016;20:10:00;244;com vítima;556;BR-324/BA;Leste;Atropelamento de Animal;1;1;;1;;;2
16/10/2016;21:00:00;206;sem vítima;845;BR-116/BA;Sul;Saida de Pista;1;2;;;;;1
18/10/2016;15:49:00;153;sem vítima;16,2;BR-116/BA - Cont VC;Sul;Colisão Transversal;1;2;;;;;1
18/10/2016;20:20:00;205;com vítima;574;BR-324/BA;Oeste;Tombamento;1;0;1;;;;1
19/10/2016;21:05:00;254;com vítima;559,8;BR-116/BA;Sul;Saida de Pista;1;0;1;;;1;3
20/10/2016;11:07:00;112;sem vítima;535;BR-324/BA;Leste;Colisão Traseira;1;3;;;;;1
20/10/2016;22:41:00;264;sem vítima;547;BR-324/BA;Leste;Colisão Traseira;1;1;;;;;1
21/10/2016;01:54:00;19;sem vítima;434;BR-116/BA;Norte;Saida de Pista;1;1;;;;;1
21/10/2016;11:45:00;126;sem vítima;537,1;BR-324/BA;Oeste;Colisão Lateral;1;2;;;;;1
22/10/2016;05:01:00;22;com vítima;599;BR-324/BA;Leste;Colisão Traseira;2;3;1;;;;1
22/10/2016;06:54:00;42;com vítima;507,2;BR-116/BA;Sul;Colisão Lateral;1;1;1;;;;1
22/10/2016;09:03:00;71;sem vítima;610;BR-324/BA;Leste;Colisão Traseira;1;2;;;;;1
22/10/2016;13:04:00;118;sem vítima;478;BR-116/BA;Sul;Tombamento;1;1;;;;;1
22/10/2016;14:28:00;139;sem vítima;930;BR-116/BA;Sul;Colisão Traseira;2;2;;;;;1
24/10/2016;06:52:00;37;sem vítima;562;BR-116/BA;Sul;Colisão Traseira;2;2;;;;;1
24/10/2016;14:08:00;158;sem vítima;910;BR-116/BA;Norte;Saida de Pista;1;1;;;;;1
24/10/2016;15:48:00;174;sem vítima;599,8;BR-324/BA;Oeste;Colisão Lateral;1;2;;;;;1
24/10/2016;23:48:00;258;sem vítima;548,5;BR-116/BA;Sul;Saida de Pista;1;2;;;;;1
25/10/2016;07:49:00;53;sem vítima;439,2;BR-116/BA;Norte;Sequência;2;2;;;;;1
25/10/2016;13:31:00;141;com vítima;817,6;BR-116/BA;Norte;Colisão Transversal;1;1;;;;1;3
25/10/2016;14:26:00;156;sem vítima;619,1;BR-324/BA;Leste;Choque Contra Objeto Fixo;1;1;;;;;1
26/10/2016;15:24:00;158;sem vítima;580;BR-324/BA;Oeste;Colisão Lateral;2;2;;;;;1
27/10/2016;12:07:00;118;sem vítima;472,3;BR-116/BA;Norte;Saida de Pista;1;1;;;;;1
28/10/2016;01:46:00;7;sem vítima;548,9;BR-324/BA;Leste;Choque Contra Objeto Fixo;1;1;;;;;1
28/10/2016;18:29:00;228;com vítima;529;BR-324/BA;Oeste;Atropelamento - Ciclista;1;1;;;;1;3
30/10/2016;00:05:00;2;sem vítima;533;BR-324/BA;Oeste;Colisão Traseira;1;2;;;;;1
30/10/2016;05:51:00;34;sem vítima;843,5;BR-116/BA;Norte;Colisão Lateral;1;2;;;;;1
30/10/2016;13:03:00;123;sem vítima;521;BR-324/BA;Leste;Colisão Lateral;1;2;;;;;1
31/10/2016;07:56:00;55;sem vítima;609,5;BR-324/BA;Leste;Colisão Traseira;1;5;;;;;1
31/10/2016;13:25:00;148;sem vítima;603;BR-324/BA;Oeste;Engavetamento;3;3;;;;;1
01/11/2016;05:49:00;15;com vítima;571,8;BR-324/BA;Leste;Saida de Pista;1;1;1;;;;1
01/11/2016;10:06:00;77;sem vítima;699,8;BR-116/BA;Sul;Colisão Lateral;1;4;;;;;1
01/11/2016;15:56:00;168;sem vítima;526,05;BR-324/BA;Leste;Colisão Traseira;1;2;;;;;1
02/11/2016;21:52:00;184;com vítima;555,1;BR-116/BA;Norte;Saida de Pista;1;0;;1;;;2
02/11/2016;23:31:00;191;sem vítima;592,8;BR-116/BA;Sul;Saida de Pista;1;1;;;;;1
04/11/2016;18:46:00;248;com vítima;900;BR-116/BA;Sul;Colisão Traseira;1;1;;;;1;3
04/11/2016;20:38:00;263;sem vítima;581;BR-324/BA;Oeste;Colisão Transversal;1;4;;;;;1
05/11/2016;08:21:00;62;sem vítima;575;BR-324/BA;Leste;Colisão Lateral;2;2;;;;;1
05/11/2016;09:53:00;80;sem vítima;569,7;BR-116/BA;Sul;Tombamento;1;1;;;;;1
05/11/2016;18:16:00;188;sem vítima;527;BR-324/BA;Oeste;Colisão Lateral;1;6;;;;;1
05/11/2016;21:10:00;211;sem vítima;834,3;BR-116/BA;Sul;Engavetamento;2;19;;;;;1
06/11/2016;06:07:00;25;sem vítima;581;BR-116/BA;Norte;Saida de Pista;1;1;;;;;1
07/11/2016;00:12:00;3;sem vítima;910,1;BR-116/BA;Norte;Colisão Traseira;2;4;;;;;1
07/11/2016;08:45:00;67;sem vítima;803,7;BR-116/BA;Sul;Engavetamento;1;3;;;;;1
07/11/2016;13:55:00;128;sem vítima;560,5;BR-324/BA;Oeste;Tombamento;1;1;;;;;1
08/11/2016;03:16:00;17;sem vítima;569;BR-116/BA;Sul;Saida de Pista;1;1;;;;;1
08/11/2016;10:43:00;134;com vítima;562;BR-324/BA;Oeste;Colisão Traseira;1;1;1;1;;;2
08/11/2016;12:03:00;156;sem vítima;625;BR-324/BA;Oeste;Colisão Lateral;1;2;;;;;1
08/11/2016;14:28:00;181;com vítima;817,4;BR-116/BA;Norte;Colisão Transversal;1;4;;1;;;2
08/11/2016;14:58:00;187;sem vítima;427,2;BR-116/BA;Sul;Engavetamento;1;6;;;;;1
09/11/2016;13:55:00;147;com vítima;546;BR-324/BA;Oeste;Colisão Traseira;1;1;1;1;;;2
09/11/2016;22:54:00;263;sem vítima;547;BR-324/BA;Oeste;Colisão Traseira;1;3;;;;;1
11/11/2016;11:23:00;89;com vítima;621,9;BR-324/BA;Leste;Sequência;1;4;;1;;;2
13/11/2016;15:43:00;127;sem vítima;836,6;BR-116/BA;Norte;Colisão Traseira;2;2;;;;;1
14/11/2016;15:26:00;151;sem vítima;617,7;BR-324/BA;Leste;Colisão Traseira;1;3;;;;;1
14/11/2016;17:55:00;187;sem vítima;600;BR-324/BA;Leste;Colisão Traseira;1;7;;;;;1
15/11/2016;17:59:00;154;sem vítima;896;BR-116/BA;Norte;Saida de Pista;1;4;;;;;1
16/11/2016;07:24:00;51;sem vítima;2,5;BR-116/BA - ContSuFS;Norte;Colisão Lateral;1;5;;;;;1
16/11/2016;10:34:00;104;com vítima;580,4;BR-324/BA;Leste;Colisão Traseira;1;6;1;;;;1
16/11/2016;13:21:00;146;com vítima;551;BR-324/BA;Leste;Colisão Traseira;1;1;2;;;;1
16/11/2016;18:42:00;213;sem vítima;644,2;BR-116/BA;Norte;Saida de Pista;1;1;;;;;1
17/11/2016;16:05:00;194;sem vítima;619;BR-324/BA;Leste;Colisão Lateral;1;2;;;;;1
19/11/2016;09:10:00;51;sem vítima;511,5;BR-116/BA;Norte;Saida de Pista;1;1;;;;;1
20/11/2016;07:56:00;55;sem vítima;902;BR-116/BA;Sul;Colisão Traseira;1;3;;;;;1
20/11/2016;10:22:00;97;com vítima;736;BR-116/BA;Norte;Tombamento;1;0;;2;;;2
20/11/2016;14:30:00;143;sem vítima;592;BR-324/BA;Leste;Tombamento;1;2;;;;;1
21/11/2016;07:48:00;43;sem vítima;570,4;BR-116/BA;Norte;Tombamento;1;1;;;;;1
21/11/2016;09:34:00;76;sem vítima;839,3;BR-116/BA;Norte;Colisão Traseira;2;4;;;;;1
21/11/2016;10:24:00;89;sem vítima;838,6;BR-116/BA;Norte;Colisão Traseira;2;2;;;;;1
21/11/2016;11:06:00;113;sem vítima;569,1;BR-116/BA;Sul;Saida de Pista;1;1;;;;;1
22/11/2016;12:03:00;154;sem vítima;561;BR-324/BA;Oeste;Colisão Traseira;1;2;;;;;1
23/11/2016;16:54:00;199;com vítima;16;BR-116/BA - Cont VC;Sul;Colisão Lateral;1;1;2;;;;1
23/11/2016;20:31:00;247;sem vítima;863;BR-116/BA;Sul;Saida de Pista;1;1;;;;;1
23/11/2016;22:09:00;260;sem vítima;427;BR-116/BA;Sul;Colisão Traseira;2;3;;;;;1
24/11/2016;04:18:00;22;sem vítima;894;BR-116/BA;Norte;Saida de Pista;1;2;;;;;1
24/11/2016;14:06:00;175;sem vítima;463;BR-116/BA;Norte;Choque Contra Objeto Fixo;1;1;;;;;1
25/11/2016;07:17:00;38;com vítima;525,8;BR-324/BA;Leste;Colisão Lateral;1;1;;1;;;2
26/11/2016;05:08:00;13;sem vítima;592;BR-324/BA;Oeste;Colisão Lateral;1;2;;;;;1
27/11/2016;00:17:00;1;sem vítima;583;BR-324/BA;Leste;Tombamento;1;2;;;;;1
27/11/2016;06:26:00;20;com vítima;576;BR-324/BA;Leste;Colisão Traseira;1;1;;1;;;2
27/11/2016;07:09:00;29;sem vítima;713,8;BR-116/BA;Norte;Engavetamento;3;5;;;;;1
27/11/2016;15:18:00;119;sem vítima;730,7;BR-116/BA;Norte;Colisão Traseira;5;5;;;;;1
28/11/2016;01:32:00;9;com vítima;724,3;BR-116/BA;Norte;Saida de Pista;1;0;1;1;;;2
28/11/2016;10:09:00;108;sem vítima;777,5;BR-116/BA;Sul;Colisão Traseira;1;5;;;;;1
28/11/2016;18:22:00;218;sem vítima;614,2;BR-324/BA;Leste;Sequência;2;5;;;;;1
29/11/2016;02:27:00;7;sem vítima;581,1;BR-324/BA;Leste;Saida de Pista;1;1;;;;;1
29/11/2016;05:56:00;17;com vítima;571,5;BR-116/BA;Norte;Saida de Pista;1;0;;1;;;2
29/11/2016;11:09:00;99;sem vítima;620;BR-324/BA;Leste;Colisão Lateral;2;2;;;;;1
30/11/2016;02:18:00;13;sem vítima;925;BR-116/BA;Sul;Saida de Pista;1;1;;;;;1
30/11/2016;09:12:00;76;sem vítima;810,2;BR-116/BA;Sul;Saida de Pista;1;1;;;;;1
30/11/2016;10:13:00;92;sem vítima;467,1;BR-116/BA;Norte;Colisão Traseira;2;2;;;;;1
30/11/2016;13:58:00;137;sem vítima;645,3;BR-116/BA;Norte;Colisão Traseira;1;2;;;;;1
01/12/2016;17:52:00;179;sem vítima;565;BR-116/BA;Norte;Colisão Traseira;2;2;;;;;1
02/12/2016;06:39:00;40;com vítima;561,9;BR-324/BA;Oeste;Saida de Pista;1;1;;;1;;2
02/12/2016;10:17:00;112;sem vítima;528,7;BR-116/BA;Norte;Colisão Lateral;2;2;;;;;1
02/12/2016;13:32:00;158;com vítima;726,4;BR-116/BA;Norte;Tombamento;1;0;1;;;;1
02/12/2016;14:57:00;183;sem vítima;598;BR-324/BA;Leste;Choque Contra Objeto Fixo;1;2;;;;;1
02/12/2016;18:17:00;216;sem vítima;599;BR-324/BA;Oeste;Colisão Lateral;1;2;;;;;1
02/12/2016;19:19:00;224;sem vítima;441,9;BR-116/BA;Sul;Saida de Pista;1;1;;;;;1
03/12/2016;05:51:00;32;com vítima;552,05;BR-324/BA;Leste;Sequência;2;2;;;;1;3
03/12/2016;09:06:00;82;sem vítima;569;BR-116/BA;Sul;Saida de Pista;1;1;;;;;1
03/12/2016;12:13:00;129;sem vítima;523;BR-324/BA;Leste;Colisão Traseira;1;3;;;;;1
03/12/2016;14:08:00;153;sem vítima;841,9;BR-116/BA;Sul;Saida de Pista;1;1;;;;;1
03/12/2016;14:59:00;164;sem vítima;557,6;BR-324/BA;Oeste;Colisão Lateral;1;2;;;;;1
03/12/2016;15:00:00;165;sem vítima;533;BR-324/BA;Leste;Colisão Traseira;1;2;;;;;1
03/12/2016;20:17:00;236;com vítima;549;BR-324/BA;Oeste;Saida de Pista;1;0;1;;;;1
04/12/2016;10:40:00;88;sem vítima;544,2;BR-116/BA;Sul;Colisão Traseira;2;2;;;;;1
04/12/2016;23:55:00;221;sem vítima;585,3;BR-116/BA;Norte;Saida de Pista;1;1;;;;;1
05/12/2016;08:12:00;56;sem vítima;932;BR-116/BA;Sul;Colisão Traseira;2;2;;;;;1
05/12/2016;12:07:00;125;sem vítima;606;BR-324/BA;Oeste;Colisão Traseira;1;3;;;;;1
06/12/2016;01:48:00;7;com vítima;581;BR-324/BA;Leste;Saida de Pista;1;0;;1;;;2
06/12/2016;05:34:00;12;com vítima;702;BR-116/BA;Norte;Tombamento;1;0;1;;;;1
07/12/2016;12:54:00;137;com vítima;932;BR-116/BA;Norte;Saida de Pista;1;0;1;;;;1
07/12/2016;19:26:00;235;sem vítima;8;BR-116/BA - Cont VC;Sul;Engavetamento;1;4;;;;;1
09/12/2016;09:51:00;60;sem vítima;698,05;BR-116/BA;Norte;Saida de Pista;1;1;;;;;1
09/12/2016;10:19:00;67;sem vítima;639,1;BR-116/BA;Norte;Saida de Pista;1;1;;;;;1
09/12/2016;11:13:00;86;com vítima;923,5;BR-116/BA;Norte;Engavetamento;2;2;1;1;;;2
09/12/2016;12:57:00;109;com vítima;543,1;BR-324/BA;Leste;Engavetamento;2;3;1;;;;1
09/12/2016;18:56:00;191;sem vítima;623,7;BR-324/BA;Oeste;Engavetamento;1;9;;;;;1
09/12/2016;21:25:00;215;sem vítima;619,4;BR-116/BA;Norte;Saida de Pista;1;1;;;;;1
10/12/2016;07:49:00;42;com vítima;460,1;BR-116/BA;Sul;Colisão Frontal;1;1;;;;1;3
10/12/2016;11:59:00;102;sem vítima;800,8;BR-116/BA;Sul;Colisão Traseira;2;2;;;;;1
10/12/2016;16:35:00;172;sem vítima;567,1;BR-116/BA;Norte;Colisão Transversal;1;3;;;;;1
10/12/2016;19:06:00;201;sem vítima;561;BR-324/BA;Oeste;Colisão Traseira;1;2;;;;;1
11/12/2016;16:14:00;176;sem vítima;924;BR-116/BA;Norte;Colisão Traseira;2;3;;;;;1
12/12/2016;06:57:00;44;sem vítima;643,5;BR-116/BA;Sul;Colisão Traseira;2;2;;;;;1
12/12/2016;08:14:00;68;sem vítima;462;BR-116/BA;Norte;Colisão Traseira;1;2;;;;;1
12/12/2016;17:44:00;240;sem vítima;633;BR-116/BA;Sul;Colisão Traseira;2;3;;;;;1
12/12/2016;18:52:00;251;sem vítima;537,3;BR-324/BA;Oeste;Colisão Transversal;1;2;;;;;1
12/12/2016;20:06:00;265;sem vítima;808,4;BR-116/BA;Sul;Colisão Transversal;1;2;;;;;1
12/12/2016;22:41:00;282;sem vítima;670;BR-116/BA;Norte;Saida de Pista;1;1;;;;;1
13/12/2016;13:54:00;185;sem vítima;555,1;BR-324/BA;Oeste;Colisão Traseira;2;2;;;;;1
13/12/2016;17:19:00;232;sem vítima;637;BR-116/BA;Norte;Colisão Traseira;1;4;;;;;1
13/12/2016;18:23:00;243;sem vítima;536;BR-324/BA;Leste;Colisão Traseira;1;3;;;;;1
14/12/2016;10:26:00;85;com vítima;918;BR-116/BA;Sul;Tombamento;1;0;;1;;;2
15/12/2016;09:06:00;68;sem vítima;526;BR-324/BA;Oeste;Colisão Lateral;1;2;;;;;1
15/12/2016;13:19:00;140;com vítima;584;BR-116/BA;Sul;Colisão Lateral;1;1;3;1;;;2
15/12/2016;16:41:00;197;sem vítima;614;BR-324/BA;Oeste;Colisão Traseira;1;2;;;;;1
15/12/2016;19:49:00;241;com vítima;644;BR-116/BA;Norte;Tombamento;1;0;;;1;;2
16/12/2016;19:11:00;224;com vítima;810,1;BR-116/BA;Sul;Atropelamento - Ciclista;1;2;;;;1;3
16/12/2016;19:45:00;230;sem vítima;625,6;BR-116/BA;Sul;Saida de Pista;1;2;;;;;1
16/12/2016;21:42:00;240;sem vítima;456,5;BR-116/BA;Sul;Colisão Traseira;2;3;;;;;1
17/12/2016;13:37:00;158;sem vítima;617,2;BR-324/BA;Leste;Colisão Lateral;1;4;;;;;1
17/12/2016;14:52:00;173;sem vítima;870,2;BR-116/BA;Sul;Engavetamento;1;8;;;;;1
17/12/2016;15:34:00;183;sem vítima;574;BR-324/BA;Leste;Saida de Pista;1;3;;;;;1
17/12/2016;16:13:00;193;sem vítima;464;BR-116/BA;Norte;Colisão Traseira;1;2;;;;;1
17/12/2016;19:19:00;227;com vítima;829,5;BR-116/BA;Norte;Queda de Moto;1;3;;1;;;2
17/12/2016;22:33:00;257;com vítima;930;BR-116/BA;Sul;Colisão Traseira;1;2;1;;;;1
17/12/2016;23:25:00;266;com vítima;527;BR-324/BA;Leste;Colisão Frontal;1;3;;1;;;2
18/12/2016;09:13:00;64;com vítima;911;BR-116/BA;Norte;Colisão Traseira;1;3;3;;;;1
18/12/2016;11:56:00;113;com vítima;919;BR-116/BA;Sul;Colisão Transversal;1;2;1;1;;;2
18/12/2016;15:41:00;151;sem vítima;733,4;BR-116/BA;Sul;Colisão Traseira;2;2;;;;;1
18/12/2016;18:32:00;191;sem vítima;790;BR-116/BA;Norte;Colisão Traseira;2;2;;;;;1
18/12/2016;22:27:00;222;com vítima;776,1;BR-116/BA;Norte;Colisão Frontal;1;1;;;;1;3
18/12/2016;22:59:00;227;sem vítima;438,1;BR-116/BA;Norte;Colisão Traseira;2;2;;;;;1
20/12/2016;11:28:00;105;com vítima;447;BR-116/BA;Norte;Saida de Pista;1;0;;2;;;2
20/12/2016;13:31:00;134;sem vítima;590,3;BR-324/BA;Leste;Saida de Pista;1;2;;;;;1
20/12/2016;16:13:00;180;sem vítima;731;BR-116/BA;Norte;Colisão Traseira;1;3;;;;;1