data;horario;n_da_ocorrencia;tipo_de_ocorrencia;km;trecho;sentido;tipo_de_acidente;caminhao;ilesos;levemente_feridos;moderadamente_feridos;gravemente_feridos;mortos;3
20/12/2016;20:09:00;230;sem vítima;1;BR-116/BA - ContSuFS;Norte;Colisão Lateral;1;3;;;;;1
20/12/2016;22:29:00;245;sem vítima;597;BR-116/BA;Norte;Tombamento;1;1;;;;;1
21/12/2016;06:31:00;25;sem vítima;670,6;BR-116/BA;Sul;Atropelamento de Animal;1;1;;;;;1
21/12/2016;07:04:00;36;sem vítima;546;BR-116/BA;Norte;Colisão Traseira;1;7;;;;;1
21/12/2016;08:23:00;63;sem vítima;615,7;BR-324/BA;Leste;Engavetamento;1;3;;;;;1
21/12/2016;15:06:00;178;sem vítima;529,1;BR-324/BA;Oeste;Colisão Lateral;1;2;;;;;1
21/12/2016;19:33:00;246;sem vítima;642;BR-116/BA;Norte;Saida de Pista;1;1;;;;;1
21/12/2016;23:49:00;269;sem vítima;494;BR-116/BA;Sul;Colisão Traseira;2;3;;;;;1
22/12/2016;06:56:00;43;com vítima;547,4;BR-116/BA;Norte;Colisão Traseira;1;47;4;;;;1
22/12/2016;11:55:00;140;com vítima;16;BR-116/BA - Cont VC;Sul;Colisão Transversal;1;1;2;;;;1
23/12/2016;06:39:00;45;sem vítima;461,1;BR-116/BA;Norte;Colisão Traseira;2;2;;;;;1
23/12/2016;11:37:00;126;sem vítima;597;BR-324/BA;Leste;Colisão Traseira;1;2;;;;;1
23/12/2016;14:42:00;167;sem vítima;806,1;BR-116/BA;Norte;Colisão Traseira;1;2;;;;;1
23/12/2016;18:26:00;227;sem vítima;550;BR-324/BA;Oeste;Saida de Pista;1;3;;;;;1
25/12/2016;13:09:00;105;sem vítima;589;BR-116/BA;Sul;Colisão Traseira;1;2;;;;;1
26/12/2016;08:08:00;48;sem vítima;568,1;BR-324/BA;Leste;Saida de Pista;1;1;;;;;1
26/12/2016;11:16:00;111;sem vítima;615;BR-324/BA;Leste;Engavetamento;1;6;;;;;1
26/12/2016;18:42:00;223;sem vítima;551;BR-324/BA;Oeste;Colisão Traseira;1;4;;;;;1
27/12/2016;10:22:00;101;sem vítima;615;BR-324/BA;Oeste;Colisão Lateral;1;19;;;;;1
27/12/2016;22:50:00;276;sem vítima;517;BR-116/BA;Sul;Atropelamento de Animal;1;1;;;;;1
28/12/2016;07:46:00;53;sem vítima;549,9;BR-324/BA;Leste;Saida de Pista;1;2;;;;;1
28/12/2016;08:13:00;63;sem vítima;644,3;BR-116/BA;Norte;Tombamento;1;1;;;;;1
28/12/2016;20:02:00;277;com vítima;818,8;BR-116/BA;Norte;Colisão Transversal;1;1;;2;;;2
28/12/2016;22:01:00;290;sem vítima;560,2;BR-116/BA;Sul;Tombamento;1;1;;;;;1
29/12/2016;13:22:00;145;com vítima;862,7;BR-116/BA;Norte;Colisão Frontal;2;2;;;1;3;3
30/12/2016;02:50:00;13;com vítima;526,8;BR-324/BA;Leste;Tombamento;1;0;1;1;;;2
30/12/2016;15:24:00;171;com vítima;6,5;BA-526;Sul;Saida de Pista;1;1;;1;;;2
30/12/2016;18:10:00;212;sem vítima;839;BR-116/BA;Sul;Saida de Pista;1;1;;;;;1
31/12/2016;00:57:00;11;sem vítima;589,49;BR-116/BA;Sul;Tombamento;1;1;;;;;1
31/12/2016;20:21:00;222;sem vítima;820,7;BR-116/BA;Sul;Saida de Pista;1;5;;;;;1
02/01/2017;04:41:00;22;sem vítima;437;BR-116/BA;Norte;Atropelamento de Animal;1;1;;;;;1
03/01/2017;04:14:00;10;sem vítima;565,1;BR-324/BA;Leste;Saida de Pista;1;1;;;;;1
04/01/2017;00:43:00;5;sem vítima;640,3;BR-116/BA;Sul;Saida de Pista;1;1;;;;;1
04/01/2017;09:28:00;70;sem vítima;616;BR-324/BA;Leste;Engavetamento;1;6;;;;;1
04/01/2017;19:22:00;263;sem vítima;539,5;BR-116/BA;Norte;Atropelamento de Animal;1;1;;;;;1
05/01/2017;06:39:00;29;com vítima;7,5;BR-116/BA - Cont VC;Sul;Atropelamento de Pedestre;1;1;;;1;;2
05/01/2017;14:49:00;165;com vítima;674,3;BR-116/BA;Norte;Colisão Transversal;1;5;1;;;;1
05/01/2017;23:59:00;265;sem vítima;452;BR-116/BA;Norte;Atropelamento de Animal;1;1;;;;;1
06/01/2017;09:34:00;86;sem vítima;560,2;BR-324/BA;Oeste;Saida de Pista;1;1;;;;;1
06/01/2017;12:39:00;134;sem vítima;766,9;BR-116/BA;Sul;Colisão Traseira;1;48;;;;;1
06/01/2017;16:05:00;175;sem vítima;670;BR-116/BA;Norte;Colisão Lateral;2;2;;;;;1
06/01/2017;17:37:00;196;sem vítima;614;BR-324/BA;Leste;Colisão Lateral;1;4;;;;;1
07/01/2017;12:05:00;104;com vítima;567;BR-116/BA;Sul;Colisão Transversal;1;2;;2;;;2
07/01/2017;15:07:00;138;sem vítima;460;BR-116/BA;Sul;Colisão Traseira;1;4;;;;;1
07/01/2017;19:25:00;198;sem vítima;814;BR-116/BA;Sul;Colisão Traseira;1;2;;;;;1
07/01/2017;21:16:00;222;sem vítima;642,6;BR-116/BA;Norte;Saida de Pista;1;3;;;;;1
08/01/2017;15:08:00;150;sem vítima;837,1;BR-116/BA;Norte;Engavetamento;3;3;;;;;1
09/01/2017;10:34:00;105;sem vítima;589,2;BR-116/BA;Sul;Saida de Pista;1;1;;;;;1
10/01/2017;12:55:00;128;sem vítima;570;BR-116/BA;Norte;Colisão Frontal;1;2;;;;;1
10/01/2017;16:20:00;178;com vítima;880;BR-116/BA;Norte;Colisão Lateral;1;4;;1;;3;3
10/01/2017;18:26:00;214;com vítima;8;BR-116/BA - Cont VC;Norte;Colisão Traseira;1;1;;1;;;2
10/01/2017;18:57:00;225;com vítima;570;BR-324/BA;Leste;Engavetamento;1;3;;1;;;2
12/01/2017;15:08:00;159;sem vítima;581;BR-324/BA;Oeste;Tombamento;1;1;;;;;1
12/01/2017;16:48:00;183;sem vítima;595;BR-324/BA;Oeste;Colisão Lateral;1;2;;;;;1
13/01/2017;12:44:00;118;sem vítima;623;BR-324/BA;Oeste;Colisão Lateral;1;4;;;;;1
14/01/2017;12:12:00;122;sem vítima;898;BR-116/BA;Sul;Colisão Lateral;1;5;;;;;1
14/01/2017;17:34:00;192;sem vítima;913,5;BR-116/BA;Sul;Saida de Pista;1;1;;;;;1
14/01/2017;23:13:00;255;sem vítima;630;BR-116/BA;Norte;Atropelamento de Animal;1;1;;;;;1
15/01/2017;03:02:00;19;com vítima;617;BR-324/BA;Oeste;Colisão Transversal;1;1;;1;1;;2
15/01/2017;06:21:00;39;sem vítima;810,5;BR-116/BA;Sul;Saida de Pista;1;2;;;;;1
16/01/2017;04:43:00;20;com vítima;616;BR-324/BA;Oeste;Colisão Traseira;3;2;;1;;;2
16/01/2017;07:38:00;53;sem vítima;533;BR-324/BA;Oeste;Colisão Traseira;1;2;;;;;1
16/01/2017;14:38:00;198;sem vítima;674,4;BR-116/BA;Norte;Engavetamento;2;5;;;;;1
16/01/2017;16:36:00;225;com vítima;712;BR-116/BA;Sul;Colisão Lateral;1;2;2;;;;1
17/01/2017;15:40:00;164;com vítima;441,95;BR-116/BA;Sul;Saida de Pista;1;2;2;;;;1
17/01/2017;18:12:00;201;sem vítima;526;BR-324/BA;Oeste;Colisão Lateral;1;2;;;;;1
18/01/2017;17:12:00;210;sem vítima;6;BR-116/BA - ContSuFS;Norte;Colisão Lateral;1;2;;;;;1
18/01/2017;18:13:00;227;sem vítima;557,6;BR-324/BA;Leste;Tombamento;1;1;;;;;1
19/01/2017;07:34:00;39;com vítima;689,12;BR-116/BA;Sul;Colisão Lateral;2;3;1;;;;1
19/01/2017;18:49:00;207;sem vítima;549,7;BR-116/BA;Sul;Saida de Pista;1;1;;;;;1
19/01/2017;21:49:00;236;sem vítima;482;BR-116/BA;Norte;Colisão Traseira;2;2;;;;;1
20/01/2017;09:34:00;86;sem vítima;569,7;BR-116/BA;Norte;Colisão Traseira;1;5;;;;;1
21/01/2017;07:35:00;46;sem vítima;2,75;BA-526;Norte;Colisão Lateral;1;2;;;;;1
21/01/2017;14:25:00;138;sem vítima;587,4;BR-324/BA;Leste;Colisão Lateral;1;4;;;;;1
22/01/2017;06:15:00;27;sem vítima;907;BR-116/BA;Norte;Colisão Traseira;2;2;;;;;1
22/01/2017;07:58:00;57;com vítima;504;BR-116/BA;Norte;Colisão Frontal;1;1;1;;;;1
22/01/2017;17:16:00;182;sem vítima;910;BR-116/BA;Norte;Colisão Traseira;2;2;;;;;1
22/01/2017;21:00:00;241;sem vítima;642,8;BR-116/BA;Norte;Saida de Pista;1;1;;;;;1
23/01/2017;09:49:00;95;sem vítima;623,7;BR-324/BA;Leste;Colisão Lateral;2;2;;;;;1
24/01/2017;04:02:00;12;com vítima;753,2;BR-116/BA;Norte;Colisão Traseira;2;0;1;;1;;2
24/01/2017;18:36:00;234;sem vítima;493;BR-116/BA;Sul;Colisão Lateral;1;5;;;;;1
25/01/2017;10:16:00;79;sem vítima;616,05;BR-324/BA;Oeste;Colisão Frontal;1;2;;;;;1
25/01/2017;11:46:00;97;com vítima;458,1;BR-116/BA;Sul;Colisão Traseira;1;3;1;;;;1
26/01/2017;15:52:00;174;sem vítima;527;BR-324/BA;Oeste;Colisão Traseira;1;6;;;;;1
26/01/2017;19:41:00;219;sem vítima;460,4;BR-116/BA;Norte;Colisão Transversal;1;2;;;;;1
26/01/2017;23:48:00;244;com vítima;574;BR-116/BA;Norte;Colisão Traseira;1;1;1;;;;1
27/01/2017;16:51:00;151;com vítima;18;BR-116/BA - Cont VC;Sul;Atropelamento de Pedestre;1;2;;;1;2;3
27/01/2017;18:41:00;175;sem vítima;520,3;BR-324/BA;Leste;Colisão Traseira;1;32;;;;;1
27/01/2017;20:53:00;192;sem vítima;488;BR-116/BA;Sul;Engavetamento;2;7;;;;;1
28/01/2017;08:47:00;44;com vítima;501,1;BR-116/BA;Norte;Colisão Transversal;1;1;4;;;;1
28/01/2017;09:50:00;61;com vítima;904,1;BR-116/BA;Norte;Colisão Lateral;1;3;1;;;;1
28/01/2017;11:20:00;87;sem vítima;499;BR-116/BA;Norte;Colisão Traseira;1;2;;;;;1
28/01/2017;12:05:00;100;sem vítima;498,3;BR-116/BA;Norte;Colisão Traseira;2;2;;;;;1
28/01/2017;22:47:00;240;sem vítima;869,5;BR-116/BA;Sul;Colisão Lateral;1;2;;;;;1
29/01/2017;08:46:00;71;com vítima;601,8;BR-116/BA;Sul;Colisão Traseira;3;2;1;;;;1
29/01/2017;09:55:00;85;sem vítima;641,5;BR-116/BA;Norte;Saida de Pista;1;1;;;;;1
29/01/2017;10:24:00;92;com vítima;817,1;BR-116/BA;Sul;Colisão Transversal;1;4;1;;;;1
29/01/2017;21:42:00;237;sem vítima;501,2;BR-116/BA;Norte;Colisão Transversal;1;2;;;;;1
30/01/2017;05:57:00;20;sem vítima;663;BR-116/BA;Norte;Colisão Lateral;1;6;;;;;1
30/01/2017;06:38:00;27;sem vítima;24;BR-116/BA - Cont VC;Norte;Colisão Traseira;1;3;;;;;1
30/01/2017;07:08:00;33;sem vítima;531,2;BR-324/BA;Oeste;Colisão Lateral;1;4;;;;;1
30/01/2017;23:59:00;265;sem vítima;641,5;BR-116/BA;Norte;Saida de Pista;1;1;;;;;1
31/01/2017;05:18:00;14;sem vítima;841,9;BR-116/BA;Sul;Atropelamento de Animal;1;1;;;;;1
01/02/2017;07:29:00;47;sem vítima;843,5;BR-116/BA;Norte;Engavetamento;1;8;;;;;1
02/02/2017;16:41:00;171;sem vítima;579;BR-116/BA;Norte;Saida de Pista;1;1;;;;;1
03/02/2017;03:06:00;11;com vítima;534,7;BR-324/BA;Leste;Saida de Pista;1;0;;1;;;2
03/02/2017;16:26:00;163;sem vítima;518;BR-324/BA;Oeste;Colisão Traseira;2;3;;;;;1
03/02/2017;16:53:00;170;com vítima;636,9;BR-116/BA;Norte;Engavetamento;3;2;1;;;;1
03/02/2017;22:23:00;234;sem vítima;588;BR-324/BA;Leste;Tombamento;1;1;;;;;1
04/02/2017;02:25:00;17;sem vítima;664;BR-116/BA;Norte;Saida de Pista;1;1;;;;;1
04/02/2017;05:04:00;26;com vítima;816,7;BR-116/BA;Sul;Colisão Lateral;1;1;;;;1;3
04/02/2017;10:53:00;87;com vítima;21;BR-116/BA - Cont VC;Norte;Colisão Traseira;1;1;1;;;;1
04/02/2017;21:40:00;224;sem vítima;605,9;BR-116/BA;Sul;Colisão Traseira;2;2;;;;;1
05/02/2017;00:41:00;6;sem vítima;675,8;BR-116/BA;Norte;Atropelamento de Animal;1;1;;;;;1
05/02/2017;09:53:00;90;sem vítima;666,1;BR-116/BA;Norte;Colisão Traseira;1;2;;;;;1
05/02/2017;12:33:00;138;com vítima;843,5;BR-116/BA;Norte;Colisão Frontal;1;2;;1;3;;2
05/02/2017;13:20:00;145;sem vítima;638,05;BR-116/BA;Norte;Colisão Lateral;2;4;;;;;1
05/02/2017;19:41:00;252;sem vítima;533;BR-324/BA;Oeste;Colisão Lateral;1;2;;;;;1
08/02/2017;08:03:00;52;sem vítima;447;BR-116/BA;Sul;Colisão Traseira;1;5;;;;;1
08/02/2017;13:55:00;143;sem vítima;775,4;BR-116/BA;Sul;Tombamento;1;1;;;;;1
08/02/2017;14:49:00;151;com vítima;603;BR-116/BA;Sul;Colisão Frontal;2;2;1;;;;1
09/02/2017;12:59:00;139;sem vítima;871,9;BR-116/BA;Norte;Colisão Lateral;2;2;;;;;1
09/02/2017;17:33:00;216;sem vítima;641,5;BR-116/BA;Norte;Saida de Pista;1;1;;;;;1
10/02/2017;10:58:00;111;com vítima;494,3;BR-116/BA;Norte;Colisão Transversal;1;3;1;;;;1
10/02/2017;15:06:00;170;com vítima;433,2;BR-116/BA;Sul;Saida de Pista;1;19;3;;;;1
10/02/2017;16:55:00;193;com vítima;739,1;BR-116/BA;Sul;Colisão Lateral;1;1;;1;;;2
10/02/2017;19:29:00;225;sem vítima;552,5;BR-116/BA;Sul;Tombamento;1;1;;;;;1
11/02/2017;06:33:00;24;sem vítima;529;BR-116/BA;Norte;Colisão Frontal;1;6;;;;;1
11/02/2017;10:36:00;88;sem vítima;571,8;BR-324/BA;Oeste;Saida de Pista;1;1;;;;;1
11/02/2017;21:56:00;214;sem vítima;588;BR-324/BA;Oeste;Colisão Lateral;1;2;;;;;1
12/02/2017;10:09:00;73;com vítima;433,1;BR-116/BA;Sul;Tombamento;1;0;;1;;;2
12/02/2017;10:59:00;87;sem vítima;828;BR-116/BA;Sul;Colisão Traseira;2;2;;;;;1
13/02/2017;17:31:00;186;sem vítima;581;BR-324/BA;Leste;Saida de Pista;1;1;;;;;1
13/02/2017;21:07:00;224;com vítima;779;BR-116/BA;Sul;Colisão Transversal;1;1;;1;;;2
14/02/2017;00:22:00;3;sem vítima;459,5;BR-116/BA;Norte;Atropelamento de Animal;1;3;;;;;1
15/02/2017;18:25:00;214;sem vítima;622;BR-324/BA;Oeste;Engavetamento;1;5;;;;;1
15/02/2017;19:02:00;229;com vítima;533;BR-324/BA;Oeste;Saida de Pista;1;0;1;;1;2;3
15/02/2017;19:22:00;236;com vítima;565;BR-324/BA;Oeste;Tombamento;1;0;;;1;;2
15/02/2017;23:30:00;271;sem vítima;560;BR-116/BA;Sul;Colisão Transversal;1;2;;;;;1
16/02/2017;01:04:00;6;sem vítima;599;BR-324/BA;Leste;Colisão Traseira;2;2;;;;;1
16/02/2017;07:09:00;31;com vítima;547;BR-116/BA;Norte;Colisão Lateral;3;2;;;1;;2
16/02/2017;09:50:00;71;sem vítima;17;BR-116/BA - Cont VC;Norte;Colisão Transversal;1;3;;;;;1
16/02/2017;12:05:00;106;sem vítima;482,85;BR-116/BA;Sul;Colisão Lateral;2;2;;;;;1
16/02/2017;16:11:00;169;sem vítima;624;BR-324/BA;Oeste;Tombamento;1;3;;;;;1
16/02/2017;16:47:00;174;sem vítima;488;BR-116/BA;Norte;Colisão Traseira;1;4;;;;;1
16/02/2017;18:32:00;200;sem vítima;459,6;BR-116/BA;Sul;Colisão Lateral;2;2;;;;;1
16/02/2017;21:45:00;231;sem vítima;430;BR-116/BA;Norte;Saida de Pista;1;1;;;;;1
16/02/2017;21:47:00;232;sem vítima;900;BR-116/BA;Norte;Colisão Transversal;2;2;;;;;1
17/02/2017;15:39:00;192;sem vítima;616;BR-324/BA;Leste;Tombamento;1;1;;;;;1
17/02/2017;16:37:00;209;sem vítima;624,4;BR-324/BA;Oeste;Colisão Lateral;1;4;;;;;1
17/02/2017;22:23:00;291;com vítima;718;BR-116/BA;Norte;Atropelamento de Pedestre;1;1;;1;;;2
18/02/2017;05:21:00;24;com vítima;601;BR-324/BA;Leste;Colisão Traseira;2;2;;;1;;2
18/02/2017;05:54:00;29;sem vítima;522,2;BR-116/BA;Sul;Colisão Traseira;2;2;;;;;1
18/02/2017;23:18:00;231;com vítima;443,9;BR-116/BA;Sul;Colisão Traseira;1;1;1;;;;1
19/02/2017;02:57:00;16;sem vítima;459,6;BR-116/BA;Sul;Colisão Lateral;1;2;;;;;1
19/02/2017;03:23:00;19;sem vítima;548,8;BR-116/BA;Sul;Saida de Pista;1;2;;;;;1
19/02/2017;07:28:00;58;sem vítima;775;BR-116/BA;Sul;Colisão Traseira;2;2;;;;;1
19/02/2017;11:51:00;132;sem vítima;716;BR-116/BA;Norte;Colisão Transversal;3;3;;;;;1
19/02/2017;15:42:00;168;sem vítima;717;BR-116/BA;Norte;Colisão Traseira;1;2;;;;;1
20/02/2017;11:47:00;119;com vítima;472,1;BR-116/BA;Norte;Colisão Traseira;1;5;1;;;;1
22/02/2017;04:04:00;8;sem vítima;543;BR-324/BA;Oeste;Tombamento;1;1;;;;;1
22/02/2017;10:40:00;117;sem vítima;681,3;BR-116/BA;Sul;Colisão Lateral;2;2;;;;;1
22/02/2017;14:05:00;162;sem vítima;547,2;BR-116/BA;Sul;Saida de Pista;1;1;;;;;1
22/02/2017;20:45:00;233;sem vítima;603;BR-324/BA;Oeste;Saida de Pista;1;2;;;;;1
23/02/2017;10:07:00;78;com vítima;8,05;BA-526;Norte;Colisão Traseira;1;1;;1;;;2
23/02/2017;12:21:00;105;sem vítima;817,2;BR-116/BA;Norte;Engavetamento;2;3;;;;;1
23/02/2017;16:36:00;162;sem vítima;450,8;BR-116/BA;Sul;Colisão Traseira;1;2;;;;;1
24/02/2017;07:13:00;34;sem vítima;579;BR-116/BA;Norte;Tombamento;1;1;;;;;1
24/02/2017;16:10:00;156;sem vítima;610;BR-324/BA;Oeste;Engavetamento;2;9;;;;;1
25/02/2017;05:57:00;22;sem vítima;484,05;BR-116/BA;Norte;Colisão Lateral;1;2;;;;;1
26/02/2017;21:03:00;191;sem vítima;687;BR-116/BA;Sul;Saida de Pista;1;1;;;;;1
27/02/2017;06:53:00;26;sem vítima;690;BR-116/BA;Sul;Tombamento;1;1;;;;;1
27/02/2017;13:57:00;114;sem vítima;523,05;BR-324/BA;Oeste;Choque Contra Objeto Fixo;1;1;;;;;1
28/02/2017;09:18:00;51;sem vítima;588,8;BR-324/BA;Leste;Saida de Pista;1;1;;;;;1
01/03/2017;00:50:00;6;sem vítima;582,5;BR-324/BA;Leste;Saida de Pista;1;1;;;;;1
01/03/2017;01:37:00;10;sem vítima;554;BR-324/BA;Leste;Atropelamento de Animal;1;3;;;;;1
04/03/2017;09:02:00;48;sem vítima;843;BR-116/BA;Sul;Colisão Traseira;2;2;;;;;1
04/03/2017;11:27:00;79;sem vítima;828,4;BR-116/BA;Norte;Colisão Lateral;1;3;;;;;1
04/03/2017;15:14:00;118;sem vítima;673;BR-116/BA;Sul;Colisão Lateral;2;2;;;;;1
04/03/2017;21:13:00;186;sem vítima;602,8;BR-116/BA;Sul;Saida de Pista;1;5;;;;;1
07/03/2017;06:24:00;28;com vítima;897;BR-116/BA;Norte;Colisão Traseira;2;1;1;;;;1
07/03/2017;09:28:00;70;com vítima;433;BR-116/BA;Norte;Tombamento;1;0;;;1;;2
07/03/2017;10:04:00;77;sem vítima;819;BR-116/BA;Sul;Colisão Lateral;2;2;;;;;1
07/03/2017;19:14:00;224;com vítima;644;BR-116/BA;Sul;Saida de Pista;1;0;1;;;;1
08/03/2017;11:48:00;96;com vítima;525,2;BR-324/BA;Oeste;Atropelamento de Pedestre;1;3;;1;;;2
08/03/2017;19:03:00;200;com vítima;572;BR-324/BA;Leste;Colisão Traseira;1;2;;;1;;2
10/03/2017;05:55:00;19;sem vítima;521;BR-324/BA;Leste;Colisão Lateral;1;2;;;;;1
10/03/2017;07:35:00;38;sem vítima;547;BR-324/BA;Oeste;Engavetamento;1;6;;;;;1
10/03/2017;10:13:00;76;sem vítima;760,5;BR-116/BA;Sul;Colisão Traseira;1;4;;;;;1
10/03/2017;16:22:00;180;com vítima;9,9;BR-116/BA - Cont VC;Sul;Colisão Frontal;2;1;2;;1;;2
10/03/2017;17:42:00;204;sem vítima;519,8;BR-324/BA;Oeste;Sequência;1;5;;;;;1
11/03/2017;03:05:00;11;sem vítima;436;BR-116/BA;Sul;Choque Contra Objeto Fixo;1;1;;;;;1
11/03/2017;05:05:00;14;sem vítima;438,1;BR-116/BA;Norte;Colisão Traseira;1;2;;;;;1
11/03/2017;08:26:00;44;com vítima;547;BR-116/BA;Sul;Tombamento;1;0;1;;;;1
11/03/2017;09:45:00;64;sem vítima;696;BR-116/BA;Sul;Colisão Frontal;1;5;;;;;1
11/03/2017;11:15:00;85;sem vítima;672;BR-116/BA;Sul;Atropelamento - Ciclista;1;2;;;;;1
13/03/2017;07:11:00;37;sem vítima;862,8;BR-116/BA;Norte;Colisão Lateral;1;2;;;;;1
13/03/2017;21:05:00;222;sem vítima;564;BR-324/BA;Oeste;Saida de Pista;1;1;;;;;1
14/03/2017;01:03:00;6;sem vítima;436;BR-116/BA;Norte;Atropelamento de Animal;1;1;;;;;1
14/03/2017;07:59:00;40;sem vítima;612,5;BR-324/BA;Leste;Engavetamento;1;3;;;;;1
14/03/2017;08:40:00;56;sem vítima;596;BR-116/BA;Norte;Saida de Pista;1;1;;;;;1
15/03/2017;07:32:00;43;sem vítima;911;BR-116/BA;Sul;Colisão Traseira;2;2;;;;;1
15/03/2017;17:44:00;187;com vítima;598;BR-324/BA;Leste;Saida de Pista;1;0;;;2;1;3
16/03/2017;02:10:00;7;com vítima;437;BR-116/BA;Norte;Saida de Pista;1;0;;1;;;2
16/03/2017;09:10:00;60;sem vítima;636;BR-116/BA;Norte;Colisão Traseira;2;2;;;;;1
16/03/2017;09:33:00;71;com vítima;619,8;BR-324/BA;Leste;Engavetamento;3;2;1;;;;1
18/03/2017;06:59:00;32;sem vítima;543,6;BR-116/BA;Sul;Colisão Traseira;2;2;;;;;1
18/03/2017;12:56:00;108;sem vítima;845,9;BR-116/BA;Sul;Colisão Lateral;2;2;;;;;1
19/03/2017;14:24:00;123;sem vítima;736;BR-116/BA;Norte;Saida de Pista;1;1;;;;;1
19/03/2017;18:54:00;180;sem vítima;642;BR-116/BA;Norte;Saida de Pista;1;1;;;;;1
20/03/2017;00:48:00;4;com vítima;773;BR-116/BA;Norte;Colisão Traseira;1;1;1;;;;1
20/03/2017;08:46:00;81;com vítima;633,1;BR-116/BA;Sul;Atropelamento de Pedestre;1;1;1;;;;1
20/03/2017;13:17:00;162;sem vítima;594,1;BR-116/BA;Norte;Tombamento;1;1;;;;;1
20/03/2017;16:00:00;205;sem vítima;847,3;BR-116/BA;Sul;Saida de Pista;1;1;;;;;1
20/03/2017;16:36:00;214;com vítima;574;BR-324/BA;Leste;Tombamento;1;1;1;;;;1
21/03/2017;02:55:00;12;com vítima;441,35;BR-116/BA;Norte;Saida de Pista;1;0;;;;1;3
22/03/2017;02:20:00;10;com vítima;910;BR-116/BA;Norte;Colisão Lateral;1;1;;1;;;2
22/03/2017;09:05:00;69;sem vítima;562,1;BR-324/BA;Oeste;Saida de Pista;1;1;;;;;1
22/03/2017;14:25:00;148;com vítima;530;BR-324/BA;Leste;Colisão Transversal;1;1;1;;;;1
23/03/2017;03:59:00;9;sem vítima;526,8;BR-324/BA;Oeste;Colisão Traseira;1;2;;;;;1
23/03/2017;21:47:00;230;sem vítima;643,9;BR-116/BA;Norte;Saida de Pista;1;1;;;;;1
23/03/2017;23:45:00;243;com vítima;483;BR-116/BA;Sul;Colisão Traseira;2;1;2;1;;;2
24/03/2017;04:28:00;16;sem vítima;624,4;BR-324/BA;Leste;Saida de Pista;1;1;;;;;1
24/03/2017;08:31:00;55;sem vítima;620;BR-324/BA;Leste;Colisão Lateral;1;2;;;;;1
25/03/2017;19:46:00;186;com vítima;727,8;BR-116/BA;Norte;Colisão Frontal;2;0;1;;;1;3
25/03/2017;15:20:00;212;sem vítima;910;BR-116/BA;Sul;Colisão Traseira;1;3;;;;;1
26/03/2017;04:48:00;30;com vítima;547,3;BR-324/BA;Leste;Tombamento;1;0;1;;;;1
26/03/2017;05:48:00;39;sem vítima;643,02;BR-116/BA;Sul;Saida de Pista;1;1;;;;;1
26/03/2017;18:24:00;183;sem vítima;527,2;BR-324/BA;Leste;Saida de Pista;1;1;;;;;1
27/03/2017;04:24:00;28;sem vítima;774,8;BR-116/BA;Sul;Atropelamento de Animal;1;1;;;;;1
28/03/2017;06:39:00;25;sem vítima;527,6;BR-324/BA;Leste;Colisão Traseira;2;3;;;;;1
28/03/2017;11:11:00;98;com vítima;878,05;BR-116/BA;Sul;Colisão Lateral;1;2;3;;;;1
28/03/2017;13:18:00;133;sem vítima;544,7;BR-324/BA;Leste;Colisão Lateral;1;3;;;;;1
28/03/2017;13:53:00;144;com vítima;776,9;BR-116/BA;Sul;Colisão Transversal;1;1;1;;;;1
28/03/2017;16:43:00;170;com vítima;580,9;BR-324/BA;Oeste;Colisão Traseira;2;1;;1;;;2
28/03/2017;20:13:00;206;sem vítima;641,8;BR-116/BA;Norte;Tombamento;1;1;;;;;1
29/03/2017;05:07:00;22;sem vítima;889,5;BR-116/BA;Sul;Saida de Pista;1;2;;;;;1
29/03/2017;09:55:00;104;com vítima;681,1;BR-116/BA;Sul;Colisão Frontal;2;2;;;;1;3
30/03/2017;02:16:00;13;com vítima;800,8;BR-116/BA;Sul;Saida de Pista;1;0;1;;;;1
31/03/2017;12:10:00;117;sem vítima;589,5;BR-116/BA;Sul;Colisão Traseira;2;2;;;;;1
31/03/2017;15:24:00;161;sem vítima;756;BR-116/BA;Norte;Atropelamento de Pedestre;1;2;;;;;1
01/05/2017;06:47:00;17;com vítima;631,6;BR-116/BA;Sul;Atropelamento de Pedestre;1;1;;;;1;3
01/05/2017;09:57:00;59;sem vítima;7;BR-116/BA - ContSuFS;Norte;Colisão Traseira;1;2;;;;;1
01/05/2017;20:30:00;199;sem vítima;879,5;BR-116/BA;Norte;Colisão Lateral;1;3;;;;;1
01/05/2017;20:42:00;201;sem vítima;671,4;BR-116/BA;Norte;Colisão Traseira;1;2;;;;;1
02/05/2017;10:10:00;95;sem vítima;574;BR-324/BA;Oeste;Saida de Pista;1;1;;;;;1
03/05/2017;16:08:00;169;sem vítima;522,5;BR-324/BA;Leste;Colisão Transversal;1;2;;;;;1
04/05/2017;11:25:00;99;sem vítima;519,05;BR-324/BA;Oeste;Colisão Traseira;2;2;;;;;1
04/05/2017;15:05:00;133;sem vítima;591;BR-324/BA;Leste;Choque Contra Objeto Fixo;1;1;;;;;1
04/05/2017;23:04:00;199;com vítima;853;BR-116/BA;Sul;Colisão Lateral;1;1;;;1;;2
05/05/2017;04:58:00;18;com vítima;637;BR-116/BA;Norte;Colisão Transversal;1;1;;1;1;;2
05/05/2017;18:45:00;234;sem vítima;29;BR-116/BA - Cont VC;Norte;Colisão Lateral;1;3;;;;;1
06/05/2017;05:30:00;20;sem vítima;431,2;BR-116/BA;Norte;Saida de Pista;1;1;;;;;1