data;horario;n_da_ocorrencia;tipo_de_ocorrencia;km;trecho;sentido;tipo_de_acidente;caminhao;ilesos;levemente_feridos;moderadamente_feridos;gravemente_feridos;mortos;3
04/07/2017;00:24:00;1;com vítima;604;BR-324/BA;Oeste;Saida de Pista;1;0;1;;;;1
04/07/2017;00:52:00;4;sem vítima;4,1;BA-526;Norte;Atropelamento de Animal;1;1;;;;;1
04/07/2017;07:05:00;31;sem vítima;616;BR-324/BA;Oeste;Saida de Pista;1;1;;;;;1
04/07/2017;08:28:00;65;sem vítima;744,4;BR-116/BA;Norte;Atropelamento de Animal;1;1;;;;;1
04/07/2017;09:17:00;85;sem vítima;620,3;BR-324/BA;Leste;Choque Contra Objeto Fixo;1;2;;;;;1
04/07/2017;17:03:00;206;sem vítima;565,6;BR-324/BA;Oeste;Saida de Pista;1;1;;;;;1
04/07/2017;19:40:00;236;sem vítima;842;BR-116/BA;Sul;Saida de Pista;1;1;;;;;1
05/07/2017;20:20:00;240;com vítima;581;BR-116/BA;Sul;Tombamento;1;0;;;;1;3
06/07/2017;06:29:00;25;sem vítima;833,4;BR-116/BA;Sul;Colisão Traseira;1;4;;;;;1
07/07/2017;08:14:00;53;sem vítima;523,2;BR-324/BA;Oeste;Colisão Lateral;1;6;;;;;1
07/07/2017;14:22:00;151;sem vítima;614,25;BR-324/BA;Oeste;Outros;1;1;;;;;1
07/07/2017;15:39:00;163;com vítima;516,5;BR-116/BA;Sul;Colisão Lateral;1;1;2;;;;1
08/07/2017;03:04:00;15;sem vítima;642,5;BR-116/BA;Norte;Saida de Pista;1;1;;;;;1
08/07/2017;14:23:00;119;sem vítima;8;BA-526;Norte;Colisão Lateral;1;4;;;;;1
09/07/2017;09:10:00;57;com vítima;929,4;BR-116/BA;Norte;Colisão Lateral;4;3;1;;;;1
09/07/2017;12:35:00;86;sem vítima;930,5;BR-116/BA;Norte;Colisão Traseira;1;4;;;;;1
09/07/2017;18:48:00;154;com vítima;18;BR-116/BA - Cont VC;Norte;Colisão Transversal;1;1;;1;;;2
09/07/2017;21:45:00;188;sem vítima;428,8;BR-116/BA;Norte;Saida de Pista;1;1;;;;;1
10/07/2017;01:04:00;5;sem vítima;672;BR-116/BA;Sul;Colisão Traseira;1;2;;;;;1
10/07/2017;14:15:00;136;com vítima;588;BR-116/BA;Norte;Colisão Lateral;1;1;;1;;;2
10/07/2017;15:32:00;158;sem vítima;680,1;BR-116/BA;Sul;Saida de Pista;1;1;;;;;1
11/07/2017;17:17:00;216;sem vítima;518,8;BR-324/BA;Oeste;Colisão Traseira;1;7;;;;;1
12/07/2017;13:08:00;106;sem vítima;594,9;BR-324/BA;Oeste;Colisão Lateral;1;2;;;;;1
12/07/2017;18:09:00;182;sem vítima;546,8;BR-116/BA;Norte;Colisão Traseira;2;2;;;;;1
12/07/2017;18:49:00;190;com vítima;9,8;BR-116/BA - Cont VC;Sul;Colisão Traseira;1;1;;;;1;3
13/07/2017;01:17:00;8;sem vítima;562;BR-324/BA;Oeste;Saida de Pista;1;2;;;;;1
13/07/2017;11:21:00;129;sem vítima;562;BR-324/BA;Oeste;Colisão Traseira;1;2;;;;;1
14/07/2017;09:45:00;95;com vítima;520,3;BR-324/BA;Leste;Engavetamento;2;4;1;;;;1
14/07/2017;18:27:00;204;sem vítima;587,1;BR-324/BA;Leste;Tombamento;1;1;;;;;1
14/07/2017;19:43:00;220;sem vítima;440;BR-116/BA;Sul;Colisão Lateral;1;4;;;;;1
14/07/2017;19:58:00;223;sem vítima;641,2;BR-116/BA;Norte;Saida de Pista;1;1;;;;;1
15/07/2017;14:16:00;121;com vítima;558,1;BR-116/BA;Sul;Saida de Pista;1;0;1;;;;1
15/07/2017;16:00:00;146;sem vítima;930,3;BR-116/BA;Sul;Colisão Traseira;2;3;;;;;1
15/07/2017;18:21:00;172;sem vítima;742,82;BR-116/BA;Norte;Atropelamento de Animal;1;1;;;;;1
15/07/2017;19:29:00;189;com vítima;849,6;BR-116/BA;Sul;Colisão Frontal;1;1;;;;1;3
15/07/2017;20:47:00;200;com vítima;631;BR-116/BA;Sul;Colisão Frontal;1;1;;;;1;3
16/07/2017;01:10:00;4;com vítima;799;BR-116/BA;Norte;Tombamento;1;0;1;;;;1
16/07/2017;18:06:00;134;com vítima;844;BR-116/BA;Norte;Saida de Pista;1;0;1;;;;1
17/07/2017;01:41:00;8;sem vítima;582,6;BR-324/BA;Leste;Saida de Pista;1;3;;;;;1
17/07/2017;04:53:00;20;sem vítima;595,3;BR-116/BA;Norte;Saida de Pista;1;1;;;;;1
17/07/2017;15:40:00;198;sem vítima;562,7;BR-116/BA;Norte;Saida de Pista;1;1;;;;;1
18/07/2017;08:02:00;46;sem vítima;668,3;BR-116/BA;Norte;Colisão Transversal;1;2;;;;;1
18/07/2017;11:36:00;119;com vítima;644;BR-116/BA;Norte;Colisão Frontal;1;1;;;;1;3
18/07/2017;14:34:00;140;sem vítima;903;BR-116/BA;Norte;Engavetamento;2;6;;;;;1
18/07/2017;22:41:00;229;com vítima;567,6;BR-324/BA;Oeste;Tombamento;1;0;;1;;;2
19/07/2017;07:19:00;19;sem vítima;17;BR-116/BA - Cont VC;Norte;Colisão Traseira;2;2;;;;;1
19/07/2017;13:18:00;145;sem vítima;635,6;BR-116/BA;Norte;Saida de Pista;1;1;;;;;1
19/07/2017;18:38:00;220;sem vítima;625,9;BR-116/BA;Norte;Saida de Pista;1;2;;;;;1
20/07/2017;19:52:00;221;sem vítima;460,9;BR-116/BA;Norte;Saida de Pista;1;1;;;;;1
21/07/2017;06:33:00;20;sem vítima;544;BR-324/BA;Oeste;Colisão Traseira;2;2;;;;;1
21/07/2017;09:31:00;86;sem vítima;785,1;BR-116/BA;Sul;Colisão Lateral;1;5;;;;;1
22/07/2017;05:21:00;16;com vítima;685;BR-116/BA;Norte;Atropelamento de Pedestre;1;1;;;;1;3
22/07/2017;09:38:00;61;sem vítima;521,5;BR-324/BA;Oeste;Colisão Traseira;1;2;;;;;1
22/07/2017;16:30:00;141;sem vítima;593,5;BR-324/BA;Leste;Engavetamento;1;4;;;;;1
22/07/2017;23:45:00;199;sem vítima;563,5;BR-324/BA;Leste;Saida de Pista;1;1;;;;;1
23/07/2017;08:13:00;35;sem vítima;15,9;BR-116/BA - Cont VC;Norte;Colisão Lateral;2;2;;;;;1
23/07/2017;11:45:00;61;sem vítima;566;BR-116/BA;Norte;Colisão Traseira;2;2;;;;;1
23/07/2017;19:46:00;161;com vítima;816,6;BR-116/BA;Sul;Colisão Lateral;1;2;;;1;1;3
24/07/2017;00:26:00;2;sem vítima;644;BR-116/BA;Norte;Saida de Pista;1;1;;;;;1
24/07/2017;03:53:00;12;sem vítima;577;BR-324/BA;Leste;Saida de Pista;1;2;;;;;1
24/07/2017;13:58:00;149;sem vítima;562,3;BR-324/BA;Oeste;Saida de Pista;1;1;;;;;1
25/07/2017;15:06:00;158;sem vítima;559;BR-324/BA;Leste;Saida de Pista;1;1;;;;;1
25/07/2017;17:10:00;188;sem vítima;562;BR-324/BA;Leste;Saida de Pista;1;1;;;;;1
25/07/2017;19:10:00;202;sem vítima;536;BR-324/BA;Leste;Engavetamento;1;6;;;;;1
26/07/2017;07:55:00;37;sem vítima;537;BR-324/BA;Leste;Colisão Traseira;1;2;;;;;1
26/07/2017;11:05:00;86;sem vítima;803,4;BR-116/BA;Sul;Engavetamento;3;4;;;;;1
26/07/2017;20:45:00;211;com vítima;682,5;BR-116/BA;Sul;Colisão Traseira;2;2;;1;;;2
27/07/2017;00:54:00;10;com vítima;443,2;BR-116/BA;Norte;Colisão Traseira;2;1;1;;;;1
27/07/2017;14:21:00;160;com vítima;893;BR-116/BA;Sul;Colisão Traseira;1;1;;;1;;2
27/07/2017;14:40:00;165;sem vítima;448,7;BR-116/BA;Norte;Colisão Traseira;2;2;;;;;1
27/07/2017;15:17:00;177;sem vítima;794,1;BR-116/BA;Sul;Saida de Pista;1;1;;;;;1
27/07/2017;18:04:00;224;sem vítima;551;BR-324/BA;Leste;Colisão Traseira;1;4;;;;;1
27/07/2017;18:37:00;231;sem vítima;593;BR-324/BA;Oeste;Colisão Lateral;1;3;;;;;1
27/07/2017;21:09:00;257;sem vítima;489;BR-116/BA;Sul;Colisão Traseira;2;2;;;;;1
28/07/2017;05:42:00;23;com vítima;784,7;BR-116/BA;Sul;Colisão Frontal;1;2;;;;2;3
28/07/2017;05:51:00;24;sem vítima;604,7;BR-324/BA;Oeste;Colisão Traseira;1;6;;;;;1
28/07/2017;18:47:00;230;com vítima;516,9;BR-116/BA;Norte;Colisão Frontal;1;2;;1;;3;3
29/07/2017;08:04:00;63;sem vítima;876,5;BR-116/BA;Norte;Colisão Lateral;2;2;;;;;1
29/07/2017;05:35:00;86;sem vítima;467,1;BR-116/BA;Norte;Saida de Pista;2;3;;;;;1
29/07/2017;20:47:00;221;sem vítima;517;BR-116/BA;Sul;Colisão Traseira;1;3;;;;;1
30/07/2017;22:56:00;230;sem vítima;684,3;BR-116/BA;Norte;Colisão Traseira;1;2;;;;;1
31/07/2017;03:26:00;18;sem vítima;494,05;BR-116/BA;Norte;Colisão Traseira;2;2;;;;;1
31/07/2017;08:00:00;64;sem vítima;617,7;BR-324/BA;Leste;Colisão Traseira;1;2;;;;;1
02/08/2017;00:41:00;8;sem vítima;457,5;BR-116/BA;Norte;Atropelamento de Animal;1;1;;;;;1
02/08/2017;02:43:00;12;sem vítima;840,3;BR-116/BA;Norte;Saida de Pista;1;1;;;;;1
02/08/2017;21:22:00;262;sem vítima;530,2;BR-324/BA;Leste;Saida de Pista;1;1;;;;;1
03/08/2017;09:31:00;104;sem vítima;451;BR-116/BA;Sul;Saida de Pista;1;1;;;;;1
04/08/2017;18:16:00;204;sem vítima;502;BR-116/BA;Norte;Saida de Pista;1;1;;;;;1
04/08/2017;19:55:00;233;com vítima;538;BR-116/BA;Norte;Colisão Traseira;1;14;1;;;;1
04/08/2017;21:38:00;250;sem vítima;642;BR-116/BA;Sul;Colisão Frontal;2;2;;;;;1
05/08/2017;05:50:00;26;sem vítima;599,2;BR-324/BA;Oeste;Colisão Traseira;1;2;;;;;1
05/08/2017;09:08:00;58;sem vítima;673;BR-116/BA;Norte;Colisão Lateral;1;2;;;;;1
05/08/2017;11:02:00;92;sem vítima;746;BR-116/BA;Sul;Colisão Traseira;1;2;;;;;1
05/08/2017;14:21:00;137;com vítima;452;BR-116/BA;Sul;Atropelamento de Pedestre;1;1;1;;;;1
06/08/2017;17:45:00;143;sem vítima;642,1;BR-116/BA;Norte;Saida de Pista;1;1;;;;;1
07/08/2017;08:14:00;62;sem vítima;618;BR-324/BA;Leste;Colisão Lateral;1;3;;;;;1
07/08/2017;14:35:00;180;sem vítima;599;BR-324/BA;Oeste;Colisão Lateral;1;2;;;;;1
08/08/2017;13:04:00;149;sem vítima;633,5;BR-116/BA;Norte;Colisão Transversal;2;2;;;;;1
09/08/2017;11:21:00;130;com vítima;719,5;BR-116/BA;Sul;Colisão Transversal;1;1;1;;;;1
09/08/2017;18:16:00;206;sem vítima;847;BR-116/BA;Norte;Colisão Traseira;1;2;;;;;1
10/08/2017;16:15:00;206;sem vítima;651,7;BR-116/BA;Sul;Colisão Traseira;1;1;;;;;1
11/08/2017;16:42:00;207;sem vítima;518,3;BR-324/BA;Oeste;Colisão Lateral;1;3;;;;;1
12/08/2017;18:04:00;149;sem vítima;756;BR-116/BA;Sul;Colisão Traseira;2;2;;;;;1
13/08/2017;10:15:00;67;com vítima;811,1;BR-116/BA;Norte;Colisão Transversal;2;2;;1;;;2
13/08/2017;10:33:00;74;sem vítima;930,1;BR-116/BA;Sul;Colisão Traseira;2;2;;;;;1
13/08/2017;16:45:00;139;com vítima;515,1;BR-116/BA;Norte;Engavetamento;1;6;4;;;;1
13/08/2017;21:31:00;199;sem vítima;812,8;BR-116/BA;Norte;Colisão Lateral;1;3;;;;;1
16/08/2017;14:03:00;160;com vítima;615,1;BR-324/BA;Oeste;Choque - Objeto sobre a pista;1;1;1;;;;1
17/08/2017;13:46:00;160;com vítima;574;BR-324/BA;Oeste;Colisão Transversal;1;5;1;;;;1
17/08/2017;13:54:00;162;sem vítima;547;BR-324/BA;Oeste;Colisão Traseira;2;2;;;;;1
17/08/2017;16:45:00;203;sem vítima;544,3;BR-324/BA;Leste;Colisão Traseira;1;2;;;;;1
17/08/2017;21:20:00;266;sem vítima;890,1;BR-116/BA;Sul;Colisão Lateral;2;3;;;;;1
18/08/2017;14:34:00;164;sem vítima;848,9;BR-116/BA;Norte;Colisão Traseira;2;2;;;;;1
19/08/2017;03:19:00;12;com vítima;912;BR-116/BA;Norte;Saida de Pista;1;0;;1;;;2
19/08/2017;13:28:00;119;com vítima;769;BR-116/BA;Norte;Saida de Pista;1;0;1;;;;1
19/08/2017;23:41:00;229;sem vítima;542,9;BR-324/BA;Oeste;Saida de Pista;1;1;;;;;1
20/08/2017;01:47:00;10;com vítima;15,6;BR-116/BA - Cont VC;Norte;Colisão Lateral;1;2;3;;;;1
20/08/2017;21:39:00;201;com vítima;843,5;BR-116/BA;Norte;Saida de Pista;1;0;;2;;;2
20/08/2017;23:09:00;221;com vítima;528;BR-324/BA;Leste;Colisão Lateral;2;2;;;1;;2
21/08/2017;08:14:00;75;sem vítima;613;BR-324/BA;Leste;Colisão Traseira;2;2;;;;;1
21/08/2017;14:12:00;194;sem vítima;586;BR-324/BA;Leste;Tombamento;1;1;;;;;1
22/08/2017;07:12:00;35;com vítima;759,7;BR-116/BA;Norte;Colisão Traseira;2;1;1;;;;1
22/08/2017;08:20:00;63;sem vítima;525,3;BR-324/BA;Oeste;Colisão Traseira;2;2;;;;;1
22/08/2017;22:21:00;241;sem vítima;4;BA-528;Norte;Colisão Lateral;1;4;;;;;1
23/08/2017;10:21:00;109;com vítima;602,1;BR-324/BA;Oeste;Colisão Traseira;2;2;1;;;;1
23/08/2017;13:18:00;142;com vítima;530;BR-324/BA;Oeste;Saida de Pista;1;0;1;;;;1
24/08/2017;08:25:00;63;com vítima;507,3;BR-116/BA;Norte;Colisão Frontal;1;1;2;;;;1
24/08/2017;16:50:00;193;com vítima;565,95;BR-116/BA;Sul;Colisão Traseira;2;9;2;;;;1
24/08/2017;17:58:00;210;com vítima;835,2;BR-116/BA;Norte;Colisão Transversal;1;2;;1;;1;3
25/08/2017;15:35:00;179;sem vítima;676,1;BR-116/BA;Norte;Tombamento;1;1;;;;;1
25/08/2017;22:04:00;276;com vítima;489,3;BR-116/BA;Norte;Colisão Traseira;1;1;;1;;;2
27/08/2017;06:03:00;28;sem vítima;881,8;BR-116/BA;Norte;Colisão Lateral;2;2;;;;;1
27/08/2017;16:57:00;128;sem vítima;837;BR-116/BA;Norte;Engavetamento;2;5;;;;;1
28/08/2017;09:34:00;86;com vítima;609;BR-324/BA;Oeste;Colisão Lateral;1;5;1;;;;1
29/08/2017;08:00:00;45;sem vítima;622,3;BR-324/BA;Leste;Engavetamento;1;6;;;;;1
29/08/2017;15:10:00;174;sem vítima;537,3;BR-116/BA;Norte;Colisão Lateral;2;2;;;;;1
31/08/2017;07:18:00;35;sem vítima;808,9;BR-116/BA;Norte;Colisão Traseira;1;2;;;;;1
31/08/2017;10:05:00;99;com vítima;856,5;BR-116/BA;Norte;Colisão Lateral;2;3;3;1;2;;2
31/08/2017;18:51:00;236;sem vítima;524,2;BR-324/BA;Leste;Engavetamento;1;6;;;;;1
31/08/2017;22:06:00;269;com vítima;448,9;BR-116/BA;Sul;Colisão Lateral;1;1;;2;;;2
02/09/2017;20:08:00;201;sem vítima;922,8;BR-116/BA;Sul;Saida de Pista;1;1;;;;;1
03/09/2017;04:19:00;15;sem vítima;574;BR-324/BA;Leste;Colisão Lateral;1;2;;;;;1
03/09/2017;05:00:00;17;sem vítima;862,5;BR-116/BA;Sul;Saida de Pista;1;1;;;;;1
03/09/2017;18:45:00;159;sem vítima;585;BR-324/BA;Oeste;Saida de Pista;1;2;;;;;1
03/09/2017;20:33:00;182;sem vítima;478;BR-116/BA;Norte;Saida de Pista;2;2;;;;;1
03/09/2017;20:43:00;185;com vítima;764;BR-116/BA;Norte;Colisão Lateral;1;1;;;;1;3
03/09/2017;21:48:00;191;com vítima;812,5;BR-116/BA;Norte;Colisão Frontal;1;3;1;;;;1
04/09/2017;10:50:00;127;com vítima;616,1;BR-324/BA;Leste;Colisão Traseira;1;1;;1;;;2
04/09/2017;18:27:00;247;sem vítima;476,2;BR-116/BA;Sul;Atropelamento de Animal;1;1;;;;;1
07/09/2017;18:23:00;175;com vítima;459;BR-116/BA;Sul;Colisão Lateral;1;1;;1;;;2
08/09/2017;14:08:00;114;com vítima;29,5;BR-116/BA - Cont VC;Norte;Tombamento;1;0;;1;;;2
09/09/2017;08:37:00;48;sem vítima;561;BR-324/BA;Oeste;Saida de Pista;1;1;;;;;1
09/09/2017;19:44:00;202;sem vítima;706,1;BR-116/BA;Norte;Colisão Lateral;1;4;;;;;1
10/09/2017;09:22:00;53;com vítima;465;BR-116/BA;Norte;Colisão Transversal;2;1;;;;1;3
10/09/2017;21:57:00;194;sem vítima;574;BR-324/BA;Leste;Colisão Lateral;1;2;;;;;1
11/09/2017;11:25:00;138;sem vítima;523,3;BR-324/BA;Oeste;Colisão Traseira;2;2;;;;;1
11/09/2017;23:11:00;291;com vítima;664;BR-116/BA;Sul;Colisão Frontal;1;1;;;;1;3
12/09/2017;15:32:00;191;sem vítima;521,2;BR-324/BA;Leste;Colisão Traseira;1;3;;;;;1
13/09/2017;04:53:00;15;sem vítima;16,8;BR-116/BA - Cont VC;Sul;Colisão Traseira;1;3;;;;;1
13/09/2017;12:39:00;137;sem vítima;829,7;BR-116/BA;Sul;Tombamento;1;1;;;;;1
13/09/2017;18:34:00;223;sem vítima;829;BR-116/BA;Sul;Colisão Lateral;1;2;;;;;1
14/09/2017;06:42:00;25;sem vítima;616,2;BR-324/BA;Oeste;Colisão Traseira;1;32;;;;;1
14/09/2017;11:13:00;111;sem vítima;583,6;BR-324/BA;Oeste;Colisão Traseira;1;3;;;;;1
14/09/2017;13:03:00;146;com vítima;578,2;BR-116/BA;Sul;Saida de Pista;1;0;1;;;;1
14/09/2017;13:09:00;147;sem vítima;494,3;BR-116/BA;Norte;Colisão Traseira;1;9;;;;;1
14/09/2017;15:07:00;171;sem vítima;599;BR-324/BA;Oeste;Colisão Lateral;1;5;;;;;1
15/09/2017;11:11:00;126;sem vítima;14;BR-116/BA - Cont VC;Norte;Colisão Traseira;1;2;;;;;1
15/09/2017;15:26:00;187;com vítima;620;BR-116/BA;Norte;Colisão Frontal;3;1;;1;;1;3
15/09/2017;23:21:00;300;sem vítima;875,8;BR-116/BA;Sul;Colisão Traseira;2;2;;;;;1
16/09/2017;07:44:00;41;sem vítima;561,5;BR-116/BA;Sul;Colisão Traseira;1;3;;;;;1
16/09/2017;13:58:00;125;sem vítima;605,8;BR-116/BA;Sul;Engavetamento;1;43;;;;;1
17/09/2017;23:55:00;203;sem vítima;602,5;BR-116/BA;Norte;Saida de Pista;1;1;;;;;1
18/09/2017;01:31:00;10;sem vítima;527;BR-116/BA;Norte;Colisão Traseira;1;2;;;;;1
18/09/2017;07:05:00;45;sem vítima;734,2;BR-116/BA;Norte;Colisão Traseira;2;2;;;;;1
18/09/2017;11:10:00;114;sem vítima;603;BR-324/BA;Oeste;Engavetamento;1;4;;;;;1
18/09/2017;14:17:00;157;sem vítima;483;BR-116/BA;Sul;Colisão Traseira;1;2;;;;;1
18/09/2017;16:29:00;187;sem vítima;642,1;BR-116/BA;Norte;Saida de Pista;1;1;;;;;1
19/09/2017;07:06:00;27;com vítima;604,2;BR-116/BA;Sul;Tombamento;2;1;;1;;;2
19/09/2017;10:02:00;90;sem vítima;561,2;BR-324/BA;Oeste;Colisão Traseira;1;4;;;;;1
19/09/2017;10:34:00;102;sem vítima;817,8;BR-116/BA;Sul;Colisão Transversal;1;4;;;;;1
19/09/2017;10:52:00;106;sem vítima;561,2;BR-324/BA;Oeste;Saida de Pista;1;1;;;;;1
19/09/2017;12:45:00;128;sem vítima;562,4;BR-324/BA;Oeste;Colisão Traseira;1;2;;;;;1
19/09/2017;12:50:00;129;sem vítima;562,4;BR-324/BA;Oeste;Choque - Veiculo parado no acostamento;1;2;;;;;1
20/09/2017;00:07:00;1;com vítima;602,4;BR-324/BA;Oeste;Saida de Pista;1;0;1;;;;1
20/09/2017;18:06:00;205;sem vítima;577,3;BR-116/BA;Sul;Colisão Lateral;2;2;;;;;1
21/09/2017;05:19:00;13;sem vítima;18,3;BR-116/BA - Cont VC;Sul;Colisão Traseira;2;2;;;;;1
21/09/2017;16:35:00;189;sem vítima;687,7;BR-116/BA;Norte;Engavetamento;2;4;;;;;1
22/09/2017;06:58:00;30;com vítima;672,4;BR-116/BA;Sul;Engavetamento;3;2;1;;;;1
22/09/2017;11:29:00;133;sem vítima;909,5;BR-116/BA;Norte;Colisão Traseira;2;2;;;;;1
22/09/2017;17:06:00;202;sem vítima;601,6;BR-324/BA;Oeste;Colisão Traseira;1;39;;;;;1
24/09/2017;08:30:00;41;sem vítima;930,2;BR-116/BA;Sul;Colisão Traseira;2;2;;;;;1
25/09/2017;12:57:00;181;sem vítima;520,05;BR-324/BA;Oeste;Colisão Lateral;1;2;;;;;1
25/09/2017;15:09:00;210;sem vítima;528;BR-324/BA;Oeste;Tombamento;1;1;;;;;1
25/09/2017;16:41:00;233;sem vítima;549,4;BR-116/BA;Sul;Saida de Pista;1;1;;;;;1
25/09/2017;18:35:00;256;sem vítima;539;BR-324/BA;Oeste;Colisão Lateral;1;3;;;;;1
25/09/2017;21:08:00;274;com vítima;912,1;BR-116/BA;Norte;Colisão Frontal;1;1;;;1;;2
26/09/2017;07:47:00;49;sem vítima;819;BR-116/BA;Norte;Tombamento;1;9;;;;;1
26/09/2017;09:46:00;107;sem vítima;657,8;BR-116/BA;Sul;Saida de Pista;1;1;;;;;1
26/09/2017;13:29:00;169;sem vítima;611,3;BR-116/BA;Norte;Colisão Traseira;2;2;;;;;1
27/09/2017;15:55:00;187;sem vítima;599,5;BR-324/BA;Oeste;Sequência;1;3;;;;;1
27/09/2017;16:43:00;197;sem vítima;896,6;BR-116/BA;Sul;Colisão Frontal;1;3;;;;;1
27/09/2017;17:00:00;204;sem vítima;447;BR-116/BA;Norte;Colisão Frontal;1;6;;;;;1
27/09/2017;23:37:00;251;sem vítima;545,9;BR-324/BA;Oeste;Colisão Traseira;1;1;;;;;1
28/09/2017;07:34:00;44;com vítima;812,6;BR-116/BA;Sul;Colisão Transversal;1;1;1;;;;1
28/09/2017;16:07:00;183;sem vítima;5;BR-116/BA - Cont VC;Sul;Colisão Lateral;1;2;;;;;1
28/09/2017;18:32:00;219;sem vítima;531;BR-324/BA;Leste;Engavetamento;2;5;;;;;1
28/09/2017;20:37:00;241;sem vítima;871,4;BR-116/BA;Sul;Colisão Traseira;1;3;;;;;1
29/09/2017;04:36:00;12;sem vítima;532,2;BR-116/BA;Sul;Colisão Traseira;1;2;;;;;1
30/09/2017;05:59:00;16;sem vítima;539,8;BR-116/BA;Norte;Colisão Lateral;2;3;;;;;1
30/09/2017;10:59:00;87;sem vítima;620;BR-324/BA;Leste;Colisão Traseira;1;4;;;;;1
30/09/2017;12:20:00;97;sem vítima;619;BR-116/BA;Sul;Tombamento;1;1;;;;;1
30/09/2017;17:42:00;160;com vítima;7;BR-116/BA - ContSuFS;Sul;Tombamento;1;0;;;1;;2
01/10/2017;00:12:00;2;sem vítima;473;BR-116/BA;Norte;Atropelamento de Animal;1;4;;;;;1
01/10/2017;16:35:00;157;sem vítima;566;BR-116/BA;Norte;Colisão Traseira;2;2;;;;;1
02/10/2017;07:18:00;50;sem vítima;451;BR-116/BA;Sul;Colisão Traseira;2;2;;;;;1
03/10/2017;04:01:00;15;sem vítima;541,2;BR-324/BA;Leste;Colisão Traseira;2;2;;;;;1
03/10/2017;05:41:00;24;sem vítima;541;BR-324/BA;Leste;Colisão Traseira;2;2;;;;;1
03/10/2017;06:08:00;29;com vítima;540;BR-324/BA;Leste;Engavetamento;3;17;5;;;;1
03/10/2017;13:03:00;151;sem vítima;474,2;BR-116/BA;Sul;Colisão Traseira;2;2;;;;;1
03/10/2017;17:06:00;219;com vítima;828,4;BR-116/BA;Sul;Colisão Lateral;1;1;;2;;;2
04/10/2017;09:16:00;75;com vítima;518;BR-324/BA;Oeste;Atropelamento de Pedestre;1;1;1;;;;1
04/10/2017;12:46:00;133;sem vítima;661;BR-116/BA;Sul;Saida de Pista;1;1;;;;;1
04/10/2017;14:21:00;162;sem vítima;494;BR-116/BA;Sul;Sequência;1;3;;;;;1
04/10/2017;17:07:00;198;sem vítima;587,7;BR-324/BA;Leste;Colisão Traseira;1;5;;;;;1
04/10/2017;21:28:00;247;com vítima;486,9;BR-116/BA;Norte;Saida de Pista;1;1;1;;;;1
04/10/2017;21:32:00;249;sem vítima;17;BR-116/BA - Cont VC;Norte;Colisão Transversal;1;2;;;;;1
05/10/2017;10:32:00;102;sem vítima;623,1;BR-324/BA;Leste;Engavetamento;2;5;;;;;1
06/10/2017;19:53:00;235;sem vítima;459;BR-116/BA;Sul;Engavetamento;2;8;;;;;1
07/10/2017;09:34:00;79;sem vítima;545;BR-324/BA;Oeste;Colisão Lateral;1;2;;;;;1
07/10/2017;10:29:00;103;sem vítima;458,9;BR-116/BA;Sul;Colisão Lateral;1;3;;;;;1
07/10/2017;15:44:00;174;com vítima;543;BR-116/BA;Norte;Colisão Transversal;1;1;;;1;1;3
07/10/2017;23:14:00;256;sem vítima;620;BR-324/BA;Oeste;Colisão Traseira;1;4;;;;;1
08/10/2017;17:11:00;146;sem vítima;667;BR-116/BA;Norte;Colisão Traseira;1;5;;;;;1
08/10/2017;21:10:00;207;sem vítima;427,2;BR-116/BA;Sul;Colisão Traseira;1;1;;;;;1
09/10/2017;02:15:00;5;sem vítima;534,7;BR-116/BA;Norte;Saida de Pista;1;3;;;;;1
09/10/2017;07:58:00;64;sem vítima;611;BR-324/BA;Leste;Colisão Traseira;1;3;;;;;1
09/10/2017;10:38:00;119;com vítima;583;BR-324/BA;Oeste;Colisão Lateral;1;3;;1;;;2
09/10/2017;15:24:00;199;sem vítima;586,2;BR-324/BA;Oeste;Saida de Pista;1;1;;;;;1
10/10/2017;16:58:00;194;sem vítima;613;BR-324/BA;Leste;Colisão Traseira;1;2;;;;;1
11/10/2017;08:23:00;68;com vítima;615,6;BR-324/BA;Leste;Colisão Traseira;1;38;;1;;;2
11/10/2017;13:52:00;196;sem vítima;558,8;BR-324/BA;Leste;Saida de Pista;1;1;;;;;1
11/10/2017;15:58:00;220;sem vítima;523,3;BR-116/BA;Sul;Atropelamento de Animal;1;1;;;;;1
12/10/2017;05:45:00;18;sem vítima;576;BR-116/BA;Sul;Saida de Pista;1;1;;;;;1
12/10/2017;14:31:00;145;sem vítima;634;BR-116/BA;Norte;Colisão Transversal;1;2;;;;;1
12/10/2017;16:47:00;175;sem vítima;509,9;BR-116/BA;Norte;Colisão Lateral;2;3;;;;;1
12/10/2017;20:47:00;221;sem vítima;832,6;BR-116/BA;Norte;Saida de Pista;1;1;;;;;1
13/10/2017;08:03:00;49;com vítima;595,8;BR-324/BA;Oeste;Saida de Pista;1;0;1;;;;1
13/10/2017;12:49:00;147;sem vítima;599,06;BR-324/BA;Leste;Colisão Traseira;1;3;;;;;1
14/10/2017;09:57:00;54;com vítima;543;BR-324/BA;Oeste;Colisão Lateral;1;1;;;1;;2
14/10/2017;10:52:00;66;sem vítima;562,5;BR-324/BA;Oeste;Colisão Lateral;2;2;;;;;1
14/10/2017;18:51:00;175;sem vítima;609;BR-116/BA;Norte;Saida de Pista;1;1;;;;;1
14/10/2017;19:27:00;180;sem vítima;609;BR-116/BA;Sul;Choque - Veiculo parado na pista;1;2;;;;;1