data;horario;n_da_ocorrencia;tipo_de_ocorrencia;km;trecho;sentido;tipo_de_acidente;caminhao;ilesos;levemente_feridos;moderadamente_feridos;gravemente_feridos;mortos;3
14/10/2017;22:53:00;207;com vítima;912;BR-116/BA;Sul;Atropelamento de Pedestre;1;1;;;;1;3
15/10/2017;17:07:00;174;sem vítima;6;BR-116/BA - ContSuFS;Norte;Colisão Lateral;1;4;;;;;1
15/10/2017;18:49:00;200;sem vítima;602;BR-324/BA;Leste;Engavetamento;1;14;;;;;1
16/10/2017;02:06:00;11;com vítima;561;BR-116/BA;Norte;Saida de Pista;1;0;;1;;;2
16/10/2017;10:35:00;107;sem vítima;566;BR-116/BA;Norte;Colisão Traseira;2;2;;;;;1
17/10/2017;14:01:00;181;com vítima;561,9;BR-324/BA;Oeste;Saida de Pista;1;0;1;;;;1
17/10/2017;14:04:00;182;sem vítima;562;BR-324/BA;Oeste;Saida de Pista;1;2;;;;;1
17/10/2017;14:48:00;190;sem vítima;429;BR-116/BA;Norte;Choque Contra Objeto Fixo;1;1;;;;;1
17/10/2017;16:14:00;204;com vítima;916,2;BR-116/BA;Norte;Colisão Lateral;3;4;1;1;;;2
18/10/2017;17:10:00;187;com vítima;2;BR-116/BA - ContSuFS;Norte;Colisão Traseira;1;1;1;;;;1
19/10/2017;14:34:00;181;sem vítima;520;BR-324/BA;Oeste;Colisão Lateral;1;3;;;;;1
20/10/2017;13:33:00;127;com vítima;530,05;BR-324/BA;Leste;Colisão Traseira;1;2;3;;;;1
20/10/2017;14:30:00;141;sem vítima;586,5;BR-324/BA;Oeste;Colisão Traseira;1;2;;;;;1
20/10/2017;19:08:00;207;com vítima;553;BR-324/BA;Oeste;Engavetamento;2;4;;1;;;2
21/10/2017;04:19:00;11;sem vítima;919,3;BR-116/BA;Sul;Tombamento;1;1;;;;;1
21/10/2017;10:15:00;83;sem vítima;451;BR-116/BA;Sul;Colisão Traseira;2;2;;;;;1
21/10/2017;23:01:00;249;sem vítima;483;BR-116/BA;Sul;Colisão Traseira;2;2;;;;;1
22/10/2017;11:13:00;72;sem vítima;735,5;BR-116/BA;Norte;Tombamento;1;1;;;;;1
23/10/2017;00:53:00;8;sem vítima;539,5;BR-324/BA;Oeste;Choque Contra Objeto Fixo;1;2;;;;;1
23/10/2017;04:29:00;14;sem vítima;541,6;BR-324/BA;Leste;Colisão Traseira;2;4;;;;;1
24/10/2017;08:20:00;56;sem vítima;575;BR-324/BA;Leste;Colisão Traseira;1;3;;;;;1
24/10/2017;19:11:00;221;sem vítima;641,9;BR-116/BA;Norte;Tombamento;1;1;;;;;1
24/10/2017;22:25:00;251;com vítima;661,3;BR-116/BA;Norte;Saida de Pista;1;0;;;;1;3
25/10/2017;06:47:00;22;sem vítima;490,4;BR-116/BA;Norte;Colisão Lateral;1;6;;;;;1
25/10/2017;08:12:00;63;sem vítima;815;BR-116/BA;Norte;Colisão Traseira;2;3;;;;;1
25/10/2017;17:47:00;222;sem vítima;537,5;BR-324/BA;Oeste;Colisão Lateral;2;4;;;;;1
25/10/2017;23:24:00;261;sem vítima;658;BR-116/BA;Norte;Saida de Pista;1;1;;;;;1
26/10/2017;06:17:00;22;sem vítima;551;BR-324/BA;Leste;Choque Contra Objeto Fixo;1;3;;;;;1
26/10/2017;18:46:00;213;com vítima;530,8;BR-324/BA;Leste;Colisão Traseira;1;6;1;;;;1
27/10/2017;18:31:00;243;sem vítima;578;BR-324/BA;Oeste;Colisão Lateral;1;3;;;;;1
27/10/2017;20:28:00;274;sem vítima;557;BR-324/BA;Leste;Saida de Pista;1;1;;;;;1
27/10/2017;20:31:00;276;sem vítima;457;BR-116/BA;Sul;Colisão Traseira;1;4;;;;;1
29/10/2017;06:44:00;27;sem vítima;761;BR-116/BA;Norte;Colisão Traseira;1;28;;;;;1
29/10/2017;21:11:00;219;com vítima;761,8;BR-116/BA;Norte;Colisão Traseira;1;1;1;;;;1
30/10/2017;08:03:00;43;sem vítima;604,4;BR-116/BA;Norte;Colisão Traseira;1;1;;;;;1
31/10/2017;00:36:00;3;sem vítima;833,2;BR-116/BA;Sul;Saida de Pista;1;2;;;;;1
31/10/2017;12:11:00;150;com vítima;524;BR-324/BA;Oeste;Choque Contra Objeto Fixo;1;0;1;;;;1
01/11/2017;04:51:00;15;sem vítima;601,5;BR-116/BA;Sul;Saida de Pista;1;1;;;;;1
01/11/2017;12:26:00;145;com vítima;821,8;BR-116/BA;Sul;Colisão Traseira;1;1;1;;;;1
01/11/2017;20:34:00;273;sem vítima;673;BR-116/BA;Sul;Colisão Lateral;1;3;;;;;1
02/11/2017;01:44:00;7;sem vítima;458,3;BR-116/BA;Sul;Colisão Traseira;2;2;;;;;1
02/11/2017;09:07:00;75;sem vítima;603;BR-324/BA;Oeste;Colisão Lateral;1;6;;;;;1
02/11/2017;12:32:00;116;sem vítima;875;BR-116/BA;Norte;Saida de Pista;1;1;;;;;1
02/11/2017;22:48:00;195;sem vítima;463;BR-116/BA;Sul;Engavetamento;3;3;;;;;1
03/11/2017;09:33:00;63;sem vítima;561,5;BR-324/BA;Oeste;Saida de Pista;1;1;;;;;1
03/11/2017;12:30:00;108;sem vítima;890;BR-116/BA;Sul;Colisão Transversal;1;3;;;;;1
03/11/2017;14:16:00;125;sem vítima;551;BR-324/BA;Oeste;Colisão Traseira;1;2;;;;;1
03/11/2017;21:33:00;208;com vítima;17;BR-116/BA - Cont VC;Norte;Colisão Transversal;1;2;2;;;;1
04/11/2017;05:17:00;13;com vítima;817,7;BR-116/BA;Norte;Colisão Traseira;1;1;1;;;;1
04/11/2017;07:15:00;34;sem vítima;3;BA-526;Sul;Colisão Traseira;1;2;;;;;1
04/11/2017;08:29:00;49;com vítima;529,5;BR-116/BA;Norte;Colisão Frontal;1;0;1;;;1;3
05/11/2017;00:49:00;4;sem vítima;619;BR-324/BA;Leste;Colisão Traseira;1;3;;;;;1
06/11/2017;09:22:00;86;sem vítima;549,9;BR-324/BA;Leste;Colisão Traseira;1;2;;;;;1
07/11/2017;00:07:00;4;com vítima;595;BR-116/BA;Sul;Saida de Pista;1;0;;1;;;2
07/11/2017;06:42:00;39;sem vítima;592;BR-324/BA;Leste;Colisão Lateral;1;6;;;;;1
07/11/2017;07:22:00;60;sem vítima;2,5;BR-116/BA - ContSuFS;Sul;Colisão Transversal;1;2;;;;;1
07/11/2017;11:05:00;130;sem vítima;523,5;BR-324/BA;Oeste;Colisão Traseira;1;2;;;;;1
08/11/2017;09:02:00;96;com vítima;929,9;BR-116/BA;Sul;Colisão Traseira;2;1;;1;;;2
08/11/2017;09:26:00;101;com vítima;4;BR-116/BA - ContSuFS;Sul;Colisão Traseira;1;1;1;;;;1
08/11/2017;10:24:00;111;com vítima;789,1;BR-116/BA;Norte;Colisão Lateral;1;2;1;;;;1
08/11/2017;13:09:00;154;sem vítima;590;BR-324/BA;Oeste;Saida de Pista;1;1;;;;;1
08/11/2017;17:13:00;213;sem vítima;804;BR-116/BA;Sul;Colisão Transversal;1;2;;;;;1
08/11/2017;20:02:00;242;com vítima;629;BR-116/BA;Norte;Colisão Transversal;2;1;;;;2;3
09/11/2017;02:30:00;9;sem vítima;873;BR-116/BA;Sul;Colisão Transversal;2;2;;;;;1
09/11/2017;10:18:00;94;sem vítima;622;BR-324/BA;Leste;Colisão Lateral;1;4;;;;;1
09/11/2017;18:06:00;205;sem vítima;533;BR-324/BA;Oeste;Engavetamento;1;7;;;;;1
11/11/2017;01:41:00;13;sem vítima;910;BR-116/BA;Sul;Colisão Traseira;1;6;;;;;1
12/11/2017;05:10:00;14;sem vítima;555,2;BR-116/BA;Norte;Saida de Pista;1;1;;;;;1
12/11/2017;09:53:00;57;com vítima;643,8;BR-116/BA;Sul;Saida de Pista;1;0;;;;1;3
12/11/2017;12:47:00;87;sem vítima;922,1;BR-116/BA;Sul;Engavetamento;2;5;;;;;1
12/11/2017;16:38:00;125;sem vítima;839,2;BR-116/BA;Norte;Colisão Traseira;1;6;;;;;1
12/11/2017;17:50:00;137;sem vítima;653;BR-116/BA;Norte;Colisão Traseira;2;3;;;;;1
13/11/2017;08:11:00;67;com vítima;537,1;BR-324/BA;Oeste;Colisão Traseira;1;1;1;;;;1
13/11/2017;14:53:00;211;sem vítima;519;BR-324/BA;Oeste;Tombamento;1;1;;;;;1
13/11/2017;18:18:00;261;sem vítima;518;BR-116/BA;Sul;Colisão Traseira;2;5;;;;;1
14/11/2017;00:21:00;1;sem vítima;531,95;BR-116/BA;Norte;Saida de Pista;1;1;;;;;1
14/11/2017;19:14:00;236;com vítima;530;BR-324/BA;Oeste;Atropelamento de Pedestre;1;1;;;1;;2
16/11/2017;06:05:00;22;sem vítima;543;BR-324/BA;Leste;Colisão Lateral;1;4;;;;;1
16/11/2017;14:57:00;166;sem vítima;728,5;BR-116/BA;Norte;Saida de Pista;1;1;;;;;1
19/11/2017;10:35:00;68;sem vítima;743,1;BR-116/BA;Sul;Colisão Traseira;1;1;;;;;1
19/11/2017;20:57:00;194;sem vítima;527,1;BR-324/BA;Oeste;Colisão Lateral;1;7;;;;;1
20/11/2017;12:14:00;164;sem vítima;449,5;BR-116/BA;Norte;Colisão Traseira;2;2;;;;;1
21/11/2017;05:30:00;21;sem vítima;461;BR-116/BA;Sul;Colisão Traseira;1;2;;;;;1
22/11/2017;11:26:00;118;com vítima;804;BR-116/BA;Sul;Colisão Transversal;1;1;1;;;;1
22/11/2017;14:56:00;185;com vítima;552,3;BR-324/BA;Oeste;Colisão Traseira;1;3;1;;;;1
23/11/2017;09:05:00;97;sem vítima;450;BR-116/BA;Sul;Colisão Lateral;1;2;;;;;1
23/11/2017;18:09:00;245;sem vítima;624;BR-324/BA;Oeste;Colisão Traseira;1;3;;;;;1
24/11/2017;16:01:00;208;com vítima;875,4;BR-116/BA;Sul;Colisão Traseira;3;0;;1;1;2;3
24/11/2017;22:34:00;305;sem vítima;615;BR-324/BA;Oeste;Colisão Traseira;1;2;;;;;1
25/11/2017;07:05:00;29;sem vítima;426,5;BR-116/BA;Sul;Colisão Lateral;1;6;;;;;1
25/11/2017;07:57:00;41;sem vítima;804;BR-116/BA;Sul;Colisão Transversal;2;2;;;;;1
25/11/2017;08:00:00;42;sem vítima;829;BR-116/BA;Norte;Colisão Traseira;1;7;;;;;1
25/11/2017;12:52:00;104;com vítima;3;BA-528;Sul;Colisão Frontal;1;1;;;;1;3
25/11/2017;15:24:00;154;com vítima;818,7;BR-116/BA;Norte;Tombamento;2;1;1;;;;1
25/11/2017;18:20:00;197;sem vítima;617;BR-116/BA;Sul;Colisão Traseira;2;2;;;;;1
25/11/2017;22:45:00;230;com vítima;821;BR-116/BA;Norte;Colisão Traseira;1;1;;;;1;3
26/11/2017;15:54:00;134;sem vítima;840;BR-116/BA;Norte;Engavetamento;2;4;;;;;1
26/11/2017;18:53:00;184;com vítima;712;BR-116/BA;Sul;Colisão Frontal;1;1;;;;1;3
27/11/2017;07:23:00;47;sem vítima;608;BR-324/BA;Leste;Colisão Traseira;2;2;;;;;1
27/11/2017;09:24:00;107;com vítima;461,5;BR-116/BA;Norte;Saida de Pista;1;0;1;;;;1
28/11/2017;02:13:00;5;sem vítima;567,6;BR-324/BA;Leste;Tombamento;1;1;;;;;1
28/11/2017;11:05:00;108;com vítima;18,2;BR-116/BA - Cont VC;Norte;Colisão Transversal;1;1;;;1;;2
28/11/2017;14:28:00;156;sem vítima;456;BR-116/BA;Sul;Colisão Traseira;2;3;;;;;1
28/11/2017;21:46:00;233;sem vítima;555;BR-116/BA;Norte;Saida de Pista;1;2;;;;;1
28/11/2017;23:12:00;249;sem vítima;876,8;BR-116/BA;Sul;Colisão Traseira;2;3;;;;;1
29/11/2017;09:46:00;87;sem vítima;611,2;BR-324/BA;Oeste;Colisão Lateral;2;2;;;;;1
30/11/2017;04:56:00;9;sem vítima;624,2;BR-324/BA;Oeste;Colisão Traseira;1;2;;;;;1
30/11/2017;13:37:00;158;com vítima;900;BR-116/BA;Norte;Colisão Frontal;1;2;;;;1;3
01/12/2017;06:35:00;31;sem vítima;518,1;BR-324/BA;Leste;Tombamento;1;1;;;;;1
01/12/2017;12:48:00;161;com vítima;569,1;BR-324/BA;Oeste;Colisão Traseira;2;0;2;;;;1
01/12/2017;12:55:00;165;sem vítima;814,5;BR-116/BA;Sul;Colisão Lateral;1;2;;;;;1
02/12/2017;07:20:00;30;com vítima;581;BR-116/BA;Norte;Colisão Lateral;1;2;;1;;;2
02/12/2017;11:12:00;95;sem vítima;632;BR-116/BA;Sul;Colisão Traseira;2;2;;;;;1
02/12/2017;16:51:00;165;sem vítima;618,4;BR-116/BA;Sul;Colisão Traseira;1;2;;;;;1
03/12/2017;05:56:00;25;com vítima;542,9;BR-116/BA;Sul;Saida de Pista;1;0;;;;1;3
03/12/2017;13:26:00;107;sem vítima;805;BR-116/BA;Norte;Saida de Pista;1;2;;;;;1
03/12/2017;17:12:00;149;sem vítima;642,1;BR-116/BA;Norte;Tombamento;1;1;;;;;1
04/12/2017;09:06:00;88;sem vítima;777,5;BR-116/BA;Norte;Colisão Traseira;2;2;;;;;1
05/12/2017;08:35:00;65;com vítima;608,2;BR-324/BA;Oeste;Colisão Traseira;1;1;;1;;;2
05/12/2017;09:20:00;82;sem vítima;718,9;BR-116/BA;Norte;Colisão Lateral;2;2;;;;;1
05/12/2017;14:41:00;155;com vítima;620,2;BR-324/BA;Leste;Tombamento;1;0;1;;;;1
05/12/2017;16:08:00;176;com vítima;833,2;BR-116/BA;Norte;Colisão Traseira;3;2;1;;;;1
05/12/2017;18:58:00;221;sem vítima;3;BR-116/BA - Cont VC;Sul;Colisão Traseira;1;2;;;;;1
05/12/2017;21:30:00;240;sem vítima;588;BR-116/BA;Sul;Colisão Traseira;1;2;;;;;1
06/12/2017;05:00:00;12;sem vítima;612,2;BR-116/BA;Norte;Colisão Lateral;1;3;;;;;1
06/12/2017;12:08:00;140;sem vítima;547;BR-324/BA;Oeste;Colisão Traseira;2;3;;;;;1
06/12/2017;13:07:00;147;sem vítima;569;BR-324/BA;Oeste;Colisão Lateral;1;6;;;;;1
07/12/2017;00:15:00;5;sem vítima;553,8;BR-116/BA;Sul;Saida de Pista;1;1;;;;;1
07/12/2017;04:16:00;21;sem vítima;476,8;BR-116/BA;Sul;Saida de Pista;1;1;;;;;1
07/12/2017;10:09:00;115;sem vítima;567,2;BR-116/BA;Norte;Colisão Transversal;1;2;;;;;1
07/12/2017;10:35:00;127;sem vítima;603,6;BR-324/BA;Leste;Colisão Lateral;1;2;;;;;1
07/12/2017;13:52:00;167;sem vítima;626,2;BR-324/BA;Oeste;Colisão Lateral;1;2;;;;;1
07/12/2017;15:26:00;202;sem vítima;873;BR-116/BA;Sul;Colisão Traseira;2;2;;;;;1
07/12/2017;18:50:00;261;com vítima;563;BR-116/BA;Norte;Colisão Traseira;2;1;1;;;;1
07/12/2017;22:00:00;290;sem vítima;807,9;BR-116/BA;Norte;Sequência;1;1;;;;;1
09/12/2017;01:18:00;7;sem vítima;562;BR-116/BA;Sul;Colisão Traseira;1;4;;;;;1
09/12/2017;05:03:00;19;sem vítima;838,2;BR-116/BA;Sul;Saida de Pista;1;1;;;;;1
09/12/2017;08:40:00;62;sem vítima;617;BR-116/BA;Sul;Colisão Traseira;1;2;;;;;1
09/12/2017;14:28:00;141;sem vítima;633,1;BR-116/BA;Sul;Colisão Lateral;1;3;;;;;1
09/12/2017;19:25:00;209;com vítima;516;BR-116/BA;Sul;Colisão Traseira;1;4;2;;;;1
09/12/2017;19:26:00;210;sem vítima;918,6;BR-116/BA;Sul;Colisão Lateral;1;4;;;;;1
09/12/2017;20:46:00;218;sem vítima;871,5;BR-116/BA;Sul;Saida de Pista;1;1;;;;;1
10/12/2017;02:25:00;13;sem vítima;519;BR-116/BA;Sul;Tombamento;1;1;;;;;1
10/12/2017;03:26:00;16;com vítima;839;BR-116/BA;Norte;Saida de Pista;1;0;;2;;;2
10/12/2017;09:57:00;86;sem vítima;907,9;BR-116/BA;Sul;Engavetamento;3;3;;;;;1
10/12/2017;16:12:00;174;com vítima;452;BR-116/BA;Sul;Colisão Transversal;1;1;;;1;;2
11/12/2017;16:40:00;207;sem vítima;530,8;BR-116/BA;Norte;Saida de Pista;1;1;;;;;1
11/12/2017;17:40:00;222;com vítima;566;BR-116/BA;Norte;Colisão Traseira;1;15;5;1;;;2
12/12/2017;02:53:00;8;sem vítima;537,2;BR-324/BA;Oeste;Saida de Pista;1;2;;;;;1
12/12/2017;09:56:00;94;sem vítima;586;BR-116/BA;Sul;Colisão Traseira;1;2;;;;;1
12/12/2017;11:11:00;118;sem vítima;571,3;BR-324/BA;Leste;Saida de Pista;1;1;;;;;1
12/12/2017;17:26:00;210;sem vítima;523;BR-324/BA;Leste;Colisão Traseira;1;2;;;;;1
12/12/2017;19:02:00;225;sem vítima;632;BR-116/BA;Norte;Colisão Transversal;1;2;;;;;1
12/12/2017;23:29:00;261;sem vítima;830;BR-116/BA;Sul;Colisão Traseira;1;1;;;;;1
13/12/2017;23:39:00;11;sem vítima;829,5;BR-116/BA;Sul;Colisão Traseira;4;4;;;;;1
13/12/2017;11:11:00;130;sem vítima;816,4;BR-116/BA;Sul;Colisão Traseira;1;2;;;;;1
15/12/2017;05:36:00;20;sem vítima;597,1;BR-116/BA;Norte;Saida de Pista;1;2;;;;;1
15/12/2017;09:27:00;95;sem vítima;561;BR-324/BA;Oeste;Tombamento;1;1;;;;;1
15/12/2017;20:24:00;267;sem vítima;518;BR-324/BA;Oeste;Colisão Lateral;2;2;;;;;1
16/12/2017;00:47:00;1;sem vítima;549,5;BR-116/BA;Norte;Colisão Traseira;2;2;;;;;1
16/12/2017;13:23:00;140;sem vítima;7;BR-116/BA - Cont VC;Sul;Colisão Traseira;2;2;;;;;1
16/12/2017;18:15:00;209;sem vítima;7;BR-116/BA - ContSuFS;Norte;Saida de Pista;1;1;;;;;1
17/12/2017;05:53:00;34;sem vítima;540,4;BR-116/BA;Sul;Colisão Traseira;2;3;;;;;1
17/12/2017;10:18:00;82;sem vítima;907,9;BR-116/BA;Sul;Colisão Traseira;2;2;;;;;1
17/12/2017;11:11:00;91;sem vítima;907;BR-116/BA;Sul;Colisão Traseira;1;2;;;;;1
17/12/2017;16:54:00;160;sem vítima;509;BR-116/BA;Norte;Engavetamento;3;7;;;;;1
18/12/2017;09:24:00;103;sem vítima;847,1;BR-116/BA;Sul;Colisão Traseira;1;2;;;;;1
18/12/2017;22:14:00;274;sem vítima;617;BR-116/BA;Sul;Colisão Traseira;2;2;;;;;1
19/12/2017;06:00:00;25;sem vítima;482,5;BR-116/BA;Sul;Colisão Lateral;1;2;;;;;1
19/12/2017;07:43:00;50;sem vítima;826,8;BR-116/BA;Sul;Colisão Traseira;1;2;;;;;1
19/12/2017;17:55:00;215;sem vítima;683,8;BR-116/BA;Sul;Saida de Pista;1;1;;;;;1
19/12/2017;19:21:00;240;sem vítima;830;BR-116/BA;Sul;Colisão Traseira;1;3;;;;;1
19/12/2017;20:56:00;254;sem vítima;0,6;BR-116/BA - ContSuFS;Norte;Colisão Traseira;1;3;;;;;1
20/12/2017;05:19:00;24;sem vítima;743;BR-116/BA;Norte;Colisão Lateral;1;5;;;;;1
20/12/2017;06:35:00;38;sem vítima;623,7;BR-324/BA;Oeste;Engavetamento;2;6;;;;;1
20/12/2017;15:24:00;196;com vítima;790,9;BR-116/BA;Sul;Engavetamento;3;40;7;;;;1
20/12/2017;22:16:00;282;sem vítima;643;BR-116/BA;Norte;Saida de Pista;1;2;;;;;1
20/12/2017;23:52:00;287;com vítima;601,8;BR-116/BA;Sul;Saida de Pista;1;1;2;;;;1
21/12/2017;12:35:00;144;sem vítima;566,2;BR-116/BA;Sul;Engavetamento;3;3;;;;;1
21/12/2017;22:36:00;274;com vítima;521;BR-116/BA;Sul;Atropelamento de Pedestre;1;1;1;;;;1
22/12/2017;00:25:00;3;sem vítima;810,01;BR-116/BA;Sul;Atropelamento de Animal;1;1;;;;;1
22/12/2017;07:56:00;62;sem vítima;632;BR-116/BA;Norte;Engavetamento;1;5;;;;;1
22/12/2017;10:22:00;115;sem vítima;614;BR-324/BA;Leste;Colisão Traseira;1;2;;;;;1
22/12/2017;11:49:00;149;com vítima;614;BR-116/BA;Sul;Colisão Frontal;1;0;;1;;3;3
23/12/2017;14:03:00;185;com vítima;7;BR-116/BA - ContSuFS;Sul;Atropelamento de Pedestre;1;1;;;;1;3
24/12/2017;10:56:00;92;sem vítima;896,5;BR-116/BA;Sul;Engavetamento;3;5;;;;;1
25/12/2017;09:51:00;45;sem vítima;872,9;BR-116/BA;Norte;Engavetamento;2;3;;;;;1
26/12/2017;07:47:00;60;sem vítima;664;BR-116/BA;Norte;Colisão Lateral;1;2;;;;;1
26/12/2017;14:47:00;187;com vítima;755,9;BR-116/BA;Norte;Engavetamento;1;5;2;;;;1
27/12/2017;04:46:00;18;sem vítima;522;BR-324/BA;Oeste;Colisão Lateral;1;6;;;;;1
27/12/2017;10:54:00;110;sem vítima;614;BR-324/BA;Oeste;Colisão Traseira;1;2;;;;;1
27/12/2017;19:25:00;235;sem vítima;633,4;BR-116/BA;Sul;Colisão Lateral;1;6;;;;;1
28/12/2017;06:53:00;29;com vítima;736;BR-116/BA;Norte;Tombamento;1;0;1;;;;1
28/12/2017;07:38:00;50;com vítima;617,1;BR-324/BA;Leste;Queda de Moto;1;7;1;;;;1
28/12/2017;17:51:00;185;com vítima;610,8;BR-324/BA;Leste;Atropelamento de Pedestre;1;2;;;1;;2
28/12/2017;20:01:00;213;sem vítima;587;BR-324/BA;Leste;Saida de Pista;1;2;;;;;1
29/12/2017;13:58:00;156;sem vítima;429;BR-116/BA;Sul;Saida de Pista;1;1;;;;;1
31/12/2017;07:30:00;47;com vítima;837,2;BR-116/BA;Norte;Colisão Traseira;1;2;3;;;;1
31/12/2017;17:44:00;173;com vítima;910,3;BR-116/BA;Norte;Colisão Transversal;1;1;1;;;;1
01/01/2018;20:40:00;222;com vítima;807;BR-116/BA;Norte;Colisão Frontal;1;1;;;;1;3
02/01/2018;07:57:00;55;sem vítima;522,9;BR-116/BA;Sul;Colisão Lateral;1;2;;;;;1
02/01/2018;12:21:00;145;sem vítima;571,8;BR-116/BA;Norte;Tombamento;1;1;;;;;1
03/01/2018;00:57:00;5;com vítima;451;BR-116/BA;Sul;Sequência;3;4;;1;;1;3
03/01/2018;07:59:00;65;com vítima;878,2;BR-116/BA;Sul;Sequência;1;10;4;;3;;2
04/01/2018;01:37:00;13;sem vítima;603;BR-324/BA;Leste;Saida de Pista;1;1;;;;;1
04/01/2018;07:54:00;61;sem vítima;698;BR-116/BA;Sul;Colisão Traseira;1;2;;;;;1
05/01/2018;12:26:00;126;sem vítima;546,5;BR-116/BA;Sul;Saida de Pista;1;1;;;;;1
05/01/2018;13:12:00;135;com vítima;518;BR-116/BA;Norte;Colisão Traseira;1;1;2;;;;1
05/01/2018;21:51:00;257;sem vítima;608;BR-324/BA;Leste;Outros;1;4;;;;;1
06/01/2018;09:18:00;73;com vítima;693,9;BR-116/BA;Sul;Saida de Pista;1;1;2;;;;1
06/01/2018;10:37:00;92;com vítima;621,5;BR-116/BA;Norte;Engavetamento;3;2;;;1;1;3
07/01/2018;07:15:00;32;sem vítima;580,1;BR-116/BA;Norte;Colisão Transversal;1;4;;;;;1
07/01/2018;16:47:00;129;sem vítima;891;BR-116/BA;Norte;Colisão Traseira;2;2;;;;;1
08/01/2018;07:14:00;41;sem vítima;594;BR-324/BA;Leste;Saida de Pista;1;1;;;;;1
08/01/2018;10:16:00;118;sem vítima;483;BR-116/BA;Norte;Colisão Traseira;1;2;;;;;1
08/01/2018;10:34:00;127;sem vítima;537,15;BR-324/BA;Leste;Colisão Traseira;1;2;;;;;1
08/01/2018;17:18:00;227;sem vítima;694,1;BR-116/BA;Sul;Engavetamento;1;6;;;;;1
09/01/2018;09:07:00;69;sem vítima;841,6;BR-116/BA;Sul;Saida de Pista;1;1;;;;;1
09/01/2018;19:10:00;205;sem vítima;584,5;BR-116/BA;Norte;Colisão Lateral;1;1;;;;;1
10/01/2018;02:49:00;18;sem vítima;530;BR-324/BA;Leste;Saida de Pista;1;1;;;;;1
10/01/2018;10:00:00;119;com vítima;757,4;BR-116/BA;Sul;Engavetamento;3;3;;1;;;2
10/01/2018;17:56:00;226;com vítima;845,2;BR-116/BA;Norte;Colisão Frontal;2;0;1;;1;;2
10/01/2018;19:08:00;242;sem vítima;663;BR-116/BA;Sul;Saida de Pista;1;2;;;;;1
12/01/2018;15:36:00;237;sem vítima;482;BR-116/BA;Norte;Colisão Lateral;1;6;;;;;1
12/01/2018;18:10:00;268;sem vítima;485;BR-116/BA;Sul;Saida de Pista;1;1;;;;;1
13/01/2018;02:13:00;9;sem vítima;548,6;BR-324/BA;Leste;Saida de Pista;1;1;;;;;1
14/01/2018;14:44:00;98;sem vítima;746,5;BR-116/BA;Norte;Colisão Traseira;1;2;;;;;1
14/01/2018;19:22:00;156;com vítima;747;BR-116/BA;Sul;Engavetamento;3;4;2;;;;1
15/01/2018;09:05:00;87;sem vítima;628;BR-116/BA;Sul;Colisão Traseira;2;3;;;;;1
17/01/2018;08:56:00;73;sem vítima;527,5;BR-116/BA;Norte;Colisão Frontal;2;2;;;;;1
17/01/2018;15:40:00;176;sem vítima;608,4;BR-324/BA;Leste;Colisão Traseira;1;4;;;;;1
18/01/2018;13:43:00;190;sem vítima;719,5;BR-116/BA;Norte;Colisão Lateral;1;2;;;;;1
18/01/2018;14:51:00;200;sem vítima;551;BR-324/BA;Oeste;Colisão Traseira;1;47;;;;;1
18/01/2018;16:49:00;230;sem vítima;582,8;BR-324/BA;Oeste;Colisão Traseira;2;2;;;;;1
18/01/2018;17:25:00;238;sem vítima;426,9;BR-116/BA;Norte;Tombamento;1;1;;;;;1
19/01/2018;02:19:00;10;sem vítima;493,8;BR-116/BA;Sul;Saida de Pista;1;2;;;;;1
19/01/2018;02:48:00;11;sem vítima;547,6;BR-116/BA;Sul;Saida de Pista;1;3;;;;;1
19/01/2018;14:03:00;151;sem vítima;849,7;BR-116/BA;Sul;Colisão Lateral;1;3;;;;;1
19/01/2018;20:59:00;245;sem vítima;428;BR-116/BA;Norte;Colisão Traseira;2;2;;;;;1
20/01/2018;13:12:00;139;sem vítima;578,5;BR-116/BA;Sul;Colisão Lateral;3;4;;;;;1
21/01/2018;09:56:00;60;sem vítima;574;BR-116/BA;Norte;Colisão Traseira;2;2;;;;;1
21/01/2018;19:37:00;181;com vítima;894;BR-116/BA;Norte;Colisão Frontal;1;2;;1;;;2
21/01/2018;20:30:00;199;sem vítima;569;BR-116/BA;Sul;Colisão Lateral;1;2;;;;;1
21/01/2018;22:03:00;204;com vítima;883,7;BR-116/BA;Norte;Colisão Traseira;2;1;;1;;;2
22/01/2018;06:01:00;28;com vítima;536;BR-116/BA;Sul;Engavetamento;1;7;2;;;;1
22/01/2018;18:00:00;230;sem vítima;615;BR-324/BA;Oeste;Colisão Traseira;1;3;;;;;1
23/01/2018;07:44:00;36;com vítima;549;BR-324/BA;Oeste;Colisão Lateral;1;2;;1;;;2
23/01/2018;14:48:00;142;com vítima;7;BR-116/BA - ContSuFS;Norte;Tombamento;1;0;1;;;;1
24/01/2018;08:43:00;86;com vítima;615;BR-324/BA;Leste;Colisão Lateral;1;1;1;;;;1
24/01/2018;19:17:00;253;sem vítima;23,8;BR-116/BA - Cont VC;Sul;Saida de Pista;1;1;;;;;1
25/01/2018;06:49:00;23;sem vítima;16,1;BR-116/BA - Cont VC;Sul;Colisão Lateral;1;6;;;;;1
25/01/2018;06:51:00;24;sem vítima;521,2;BR-324/BA;Leste;Colisão Lateral;1;2;;;;;1
25/01/2018;11:09:00;110;sem vítima;581,2;BR-116/BA;Norte;Colisão Transversal;1;4;;;;;1
25/01/2018;12:15:00;121;sem vítima;522;BR-324/BA;Oeste;Colisão Lateral;1;2;;;;;1