data;horario;n_da_ocorrencia;tipo_de_ocorrencia;km;trecho;sentido;tipo_de_acidente;caminhao;ilesos;levemente_feridos;moderadamente_feridos;gravemente_feridos;mortos;3
11/05/2018;21:35:00;258;com vítima;442;BR-116/BA;Sul;Saida de Pista;1;0;;1;;;2
12/05/2018;04:54:00;24;sem vítima;616;BR-324/BA;Leste;Colisão Lateral;1;3;;;;;1
12/05/2018;06:47:00;34;sem vítima;442;BR-116/BA;Sul;Saida de Pista;1;1;;;;;1
12/05/2018;07:20:00;41;sem vítima;913;BR-116/BA;Sul;Colisão Traseira;1;2;;;;;1
12/05/2018;09:23:00;60;sem vítima;602;BR-324/BA;Oeste;Engavetamento;1;4;;;;;1
12/05/2018;15:14:00;143;sem vítima;814;BR-116/BA;Sul;Colisão Traseira;2;2;;;;;1
13/05/2018;06:00:00;20;sem vítima;485;BR-116/BA;Sul;Colisão Traseira;2;2;;;;;1
13/05/2018;20:50:00;176;com vítima;754;BR-116/BA;Sul;Colisão Traseira;2;2;1;;;;1
14/05/2018;01:16:00;6;com vítima;455;BR-116/BA;Norte;Tombamento;1;0;;;;1;3
14/05/2018;06:47:00;36;sem vítima;549,8;BR-116/BA;Sul;Saida de Pista;1;1;;;;;1
14/05/2018;08:28:00;82;com vítima;807,5;BR-116/BA;Norte;Atropelamento - Ciclista;1;1;;;1;;2
14/05/2018;13:22:00;163;com vítima;16;BR-116/BA - Cont VC;Sul;Queda de Moto;1;1;2;;;;1
14/05/2018;15:45:00;197;sem vítima;551;BR-324/BA;Leste;Colisão Traseira;1;5;;;;;1
15/05/2018;09:25:00;79;sem vítima;910,1;BR-116/BA;Norte;Saida de Pista;1;1;;;;;1
15/05/2018;16:06:00;185;sem vítima;560;BR-324/BA;Oeste;Sequência;1;4;;;;;1
16/05/2018;03:32:00;35;sem vítima;587,2;BR-324/BA;Leste;Atropelamento de Animal;1;1;;;;;1
16/05/2018;07:14:00;65;sem vítima;442;BR-116/BA;Sul;Tombamento;1;3;;;;;1
16/05/2018;10:25:00;126;sem vítima;522,8;BR-324/BA;Leste;Colisão Lateral;1;13;;;;;1
16/05/2018;20:21:00;239;sem vítima;465;BR-116/BA;Norte;Colisão Lateral;1;3;;;;;1
17/05/2018;13:52:00;162;com vítima;735;BR-116/BA;Sul;Tombamento;1;0;;1;;;2
18/05/2018;10:11:00;102;sem vítima;588;BR-324/BA;Oeste;Colisão Traseira;1;1;;;;;1
18/05/2018;13:39:00;144;sem vítima;535;BR-116/BA;Norte;Colisão Traseira;2;16;;;;;1
19/05/2018;09:16:00;54;sem vítima;815,4;BR-116/BA;Norte;Engavetamento;2;3;;;;;1
19/05/2018;15:14:00;119;com vítima;837,2;BR-116/BA;Sul;Colisão Transversal;1;1;;;1;;2
19/05/2018;15:15:00;120;sem vítima;815;BR-116/BA;Sul;Colisão Frontal;1;2;;;;;1
19/05/2018;18:36:00;165;sem vítima;623,5;BR-324/BA;Oeste;Colisão Traseira;1;3;;;;;1
20/05/2018;08:26:00;54;sem vítima;616,2;BR-116/BA;Sul;Tombamento;1;1;;;;;1
20/05/2018;20:25:00;164;sem vítima;4;BR-116/BA - ContSuFS;Norte;Colisão Traseira;1;2;;;;;1
21/05/2018;01:03:00;3;sem vítima;529;BR-324/BA;Leste;Colisão Lateral;2;2;;;;;1
22/05/2018;13:07:00;123;sem vítima;526;BR-324/BA;Oeste;Engavetamento;1;3;;;;;1
23/05/2018;09:27:00;70;sem vítima;607,1;BR-324/BA;Oeste;Colisão Traseira;1;2;;;;;1
30/05/2018;08:24:00;64;com vítima;562;BR-324/BA;Oeste;Tombamento;1;0;;1;;;2
30/05/2018;17:43:00;165;com vítima;798,1;BR-116/BA;Norte;Saida de Pista;1;0;1;;;;1
30/05/2018;20:28:00;178;sem vítima;798,4;BR-116/BA;Norte;Saida de Pista;1;1;;;;;1
31/05/2018;10:41:00;72;sem vítima;523,2;BR-324/BA;Leste;Colisão Lateral;2;2;;;;;1
01/06/2018;03:42:00;16;sem vítima;521;BR-116/BA;Sul;Atropelamento de Animal;1;1;;;;;1
01/06/2018;07:10:00;40;sem vítima;804;BR-116/BA;Norte;Engavetamento;2;3;;;;;1
01/06/2018;10:40:00;97;sem vítima;601,04;BR-324/BA;Leste;Engavetamento;2;8;;;;;1
01/06/2018;17:10:00;169;sem vítima;802;BR-116/BA;Sul;Colisão Traseira;2;2;;;;;1
02/06/2018;07:30:00;33;sem vítima;439;BR-116/BA;Sul;Colisão Transversal;1;2;;;;;1
02/06/2018;16:04:00;113;sem vítima;439;BR-116/BA;Norte;Saida de Pista;1;1;;;;;1
03/06/2018;02:23:00;5;sem vítima;590,8;BR-324/BA;Oeste;Saida de Pista;1;1;;;;;1
04/06/2018;06:03:00;19;sem vítima;603;BR-324/BA;Leste;;1;3;;;;;1
04/06/2018;10:00:00;103;com vítima;623,6;BR-116/BA;Norte;Colisão Frontal;1;1;;1;;;2
04/06/2018;14:34:00;178;sem vítima;545;BR-324/BA;Leste;Colisão Transversal;1;3;;;;;1
04/06/2018;17:22:00;219;sem vítima;442;BR-116/BA;Sul;Saida de Pista;1;1;;;;;1
04/06/2018;19:06:00;241;sem vítima;8;BA-526;Norte;Colisão Lateral;1;2;;;;;1
05/06/2018;02:02:00;12;sem vítima;518;BR-116/BA;Sul;Atropelamento de Animal;1;1;;;;;1
05/06/2018;06:34:00;29;sem vítima;525;BR-116/BA;Norte;Colisão Lateral;1;3;;;;;1
05/06/2018;13:10:00;129;sem vítima;482;BR-116/BA;Norte;Colisão Traseira;1;6;;;;;1
05/06/2018;18:28:00;211;sem vítima;520,3;BR-324/BA;Oeste;Engavetamento;1;4;;;;;1
05/06/2018;19:49:00;233;sem vítima;570;BR-324/BA;Leste;Colisão Traseira;1;3;;;;;1
06/06/2018;01:06:00;12;sem vítima;594,8;BR-116/BA;Norte;Saida de Pista;1;1;;;;;1
06/06/2018;07:22:00;61;sem vítima;909,7;BR-116/BA;Norte;Colisão Traseira;2;2;;;;;1
06/06/2018;11:32:00;149;sem vítima;905,9;BR-116/BA;Sul;Colisão Transversal;2;2;;;;;1
06/06/2018;13:07:00;168;com vítima;860;BR-116/BA;Norte;Engavetamento;5;4;1;;;;1
06/06/2018;18:47:00;243;com vítima;546;BR-324/BA;Leste;Tombamento;1;0;;1;;;2
07/06/2018;04:27:00;30;com vítima;744;BR-116/BA;Sul;Colisão Traseira;1;38;1;1;;;2
07/06/2018;07:17:00;51;com vítima;619,7;BR-324/BA;Leste;Engavetamento;1;8;1;;;;1
07/06/2018;16:27:00;215;sem vítima;577;BR-324/BA;Oeste;Colisão Traseira;1;3;;;;;1
07/06/2018;19:24:00;256;sem vítima;492,8;BR-116/BA;Norte;Tombamento;1;1;;;;;1
08/06/2018;08:38:00;80;sem vítima;441,1;BR-116/BA;Norte;Colisão Lateral;1;5;;;;;1
08/06/2018;09:05:00;94;sem vítima;549,8;BR-116/BA;Sul;Colisão Traseira;1;21;;;;;1
08/06/2018;20:05:00;273;sem vítima;495,8;BR-116/BA;Sul;Colisão Traseira;1;2;;;;;1
09/06/2018;02:39:00;26;sem vítima;565;BR-324/BA;Oeste;Atropelamento de Animal;1;1;;;;;1
09/06/2018;11:19:00;126;sem vítima;571;BR-324/BA;Oeste;Saida de Pista;1;1;;;;;1
09/06/2018;16:23:00;190;com vítima;8,3;BR-116/BA - Cont VC;Sul;Atropelamento de Pedestre;1;1;;;;1;3
09/06/2018;19:02:00;229;sem vítima;614;BR-324/BA;Oeste;Saida de Pista;1;1;;;;;1
09/06/2018;20:58:00;248;sem vítima;577,4;BR-116/BA;Sul;Colisão Lateral;1;2;;;;;1
10/06/2018;08:59:00;57;sem vítima;547;BR-116/BA;Norte;Colisão Traseira;2;2;;;;;1
10/06/2018;13:31:00;112;sem vítima;914,2;BR-116/BA;Sul;Colisão Lateral;1;6;;;;;1
10/06/2018;15:12:00;128;sem vítima;766;BR-116/BA;Norte;Colisão Traseira;2;2;;;;;1
10/06/2018;16:22:00;142;sem vítima;24;BR-116/BA - Cont VC;Sul;Colisão Transversal;1;3;;;;;1
10/06/2018;18:15:00;156;sem vítima;838,3;BR-116/BA;Sul;Saida de Pista;1;1;;;;;1
10/06/2018;19:30:00;168;sem vítima;873;BR-116/BA;Norte;Colisão Traseira;2;2;;;;;1
10/06/2018;20:57:00;177;sem vítima;2;BR-116/BA - ContSuFS;Sul;Colisão Traseira;1;3;;;;;1
10/06/2018;23:03:00;199;sem vítima;456,3;BR-116/BA;Sul;Saida de Pista;1;1;;;;;1
11/06/2018;04:00:00;24;sem vítima;600;BR-324/BA;Oeste;Colisão Traseira;1;1;;;;;1
11/06/2018;06:26:00;41;sem vítima;583;BR-324/BA;Leste;Colisão Lateral;1;2;;;;;1
11/06/2018;12:07:00;139;sem vítima;16,5;BR-116/BA - Cont VC;Sul;Colisão Transversal;1;3;;;;;1
11/06/2018;16:07:00;194;com vítima;574,3;BR-116/BA;Norte;Colisão Traseira;1;1;;;;1;3
11/06/2018;16:41:00;200;sem vítima;777;BR-116/BA;Norte;Colisão Traseira;2;2;;;;;1
12/06/2018;17:18:00;183;sem vítima;813,1;BR-116/BA;Sul;Colisão Traseira;1;5;;;;;1
13/06/2018;04:55:00;29;com vítima;663;BR-116/BA;Norte;Colisão Frontal;2;1;;;1;;2
13/06/2018;07:00:00;49;sem vítima;436;BR-116/BA;Sul;Choque Contra Objeto Fixo;1;1;;;;;1
13/06/2018;10:02:00;108;sem vítima;526;BR-324/BA;Oeste;Colisão Traseira;1;2;;;;;1
13/06/2018;16:09:00;186;sem vítima;539,4;BR-324/BA;Oeste;Colisão Lateral;2;3;;;;;1
14/06/2018;09:02:00;99;sem vítima;616,05;BR-324/BA;Oeste;Colisão Lateral;2;2;;;;;1
14/06/2018;12:16:00;154;sem vítima;922;BR-116/BA;Sul;Colisão Lateral;2;2;;;;;1
14/06/2018;14:14:00;183;sem vítima;582,1;BR-324/BA;Leste;Colisão Lateral;1;3;;;;;1
14/06/2018;23:36:00;293;sem vítima;729,5;BR-116/BA;Sul;Colisão Frontal;2;2;;;;;1
15/06/2018;17:17:00;258;sem vítima;495,3;BR-116/BA;Norte;Colisão Transversal;1;5;;;;;1
15/06/2018;20:10:00;295;sem vítima;672,4;BR-116/BA;Sul;Atropelamento de Animal;1;1;;;;;1
15/06/2018;23:45:00;331;sem vítima;466,1;BR-116/BA;Sul;Colisão Traseira;2;2;;;;;1
16/06/2018;00:12:00;1;com vítima;931,9;BR-116/BA;Sul;Colisão Traseira;1;8;2;;;;1
16/06/2018;09:22:00;88;sem vítima;567,5;BR-324/BA;Leste;Tombamento;1;1;;;;;1
17/06/2018;17:16:00;143;com vítima;631,5;BR-116/BA;Sul;Colisão Transversal;1;2;1;;;;1
18/06/2018;04:53:00;23;sem vítima;579,5;BR-324/BA;Leste;Saida de Pista;1;2;;;;;1
18/06/2018;17:25:00;231;sem vítima;551;BR-324/BA;Leste;Colisão Traseira;2;2;;;;;1
18/06/2018;19:06:00;251;sem vítima;0;BR-116/BA - ContSuFS;Norte;Colisão Traseira;1;2;;;;;1
19/06/2018;09:38:00;94;sem vítima;551;BR-324/BA;Leste;Colisão Lateral;1;2;;;;;1
19/06/2018;21:46:00;239;sem vítima;551;BR-324/BA;Oeste;Colisão Traseira;2;2;;;;;1
20/06/2018;05:35:00;22;sem vítima;575;BR-324/BA;Leste;Tombamento;1;2;;;;;1
20/06/2018;09:05:00;88;com vítima;20,8;BR-116/BA - Cont VC;Sul;Saida de Pista;1;1;;1;;;2
20/06/2018;11:03:00;123;sem vítima;600;BR-324/BA;Oeste;Colisão Traseira;1;2;;;;;1
20/06/2018;17:40:00;213;sem vítima;545;BR-324/BA;Leste;Colisão Lateral;1;2;;;;;1
20/06/2018;19:11:00;242;sem vítima;617;BR-116/BA;Norte;Colisão Traseira;1;1;;;;;1
21/06/2018;10:29:00;132;sem vítima;12,15;BR-116/BA - Cont VC;Norte;Colisão Traseira;1;2;;;;;1
21/06/2018;13:10:00;179;sem vítima;816;BR-116/BA;Sul;Colisão Transversal;1;6;;;;;1
21/06/2018;19:51:00;320;sem vítima;521,1;BR-324/BA;Oeste;Engavetamento;2;8;;;;;1
22/06/2018;00:49:00;12;sem vítima;554;BR-324/BA;Oeste;Colisão Traseira;2;2;;;;;1
22/06/2018;05:56:00;46;com vítima;489,95;BR-116/BA;Norte;Colisão Traseira;2;4;1;;;;1
22/06/2018;08:31:00;95;sem vítima;679;BR-116/BA;Sul;Colisão Traseira;2;2;;;;;1
22/06/2018;08:32:00;97;sem vítima;556,2;BR-324/BA;Oeste;Colisão Traseira;1;2;;;;;1
22/06/2018;15:31:00;253;sem vítima;574;BR-324/BA;Oeste;Engavetamento;1;5;;;;;1
23/06/2018;02:07:00;23;com vítima;900,4;BR-116/BA;Sul;Saida de Pista;1;0;1;;;;1
23/06/2018;03:44:00;32;com vítima;575;BR-324/BA;Leste;Tombamento;1;0;;;;1;3
23/06/2018;18:50:00;249;sem vítima;474;BR-116/BA;Norte;Saida de Pista;1;1;;;;;1
24/06/2018;12:52:00;95;sem vítima;842,1;BR-116/BA;Norte;Saida de Pista;1;1;;;;;1
24/06/2018;14:41:00;120;sem vítima;475,2;BR-116/BA;Sul;Atropelamento de Animal;1;1;;;;;1
24/06/2018;15:40:00;152;com vítima;718,1;BR-116/BA;Norte;Colisão Lateral;1;2;2;;;;1
25/06/2018;08:46:00;107;sem vítima;610,4;BR-324/BA;Leste;Colisão Traseira;2;2;;;;;1
25/06/2018;18:38:00;312;sem vítima;552,3;BR-324/BA;Leste;Engavetamento;1;13;;;;;1
25/06/2018;20:05:00;339;sem vítima;552;BR-324/BA;Leste;;1;2;;;;;1
25/06/2018;22:09:00;375;sem vítima;599,5;BR-324/BA;Leste;Colisão Lateral;1;3;;;;;1
25/06/2018;22:28:00;379;com vítima;584,8;BR-116/BA;Sul;Saida de Pista;1;0;1;;;;1
26/06/2018;18:51:00;287;com vítima;817,5;BR-116/BA;Norte;Colisão Transversal;3;2;2;;;;1
27/06/2018;09:17:00;90;com vítima;620,3;BR-324/BA;Oeste;Atropelamento de Pedestre;1;1;;;1;;2
27/06/2018;15:38:00;175;com vítima;904,1;BR-116/BA;Sul;Saida de Pista;1;0;1;;;;1
27/06/2018;19:23:00;214;sem vítima;569,8;BR-116/BA;Norte;Saida de Pista;1;1;;;;;1
28/06/2018;06:18:00;21;sem vítima;483,2;BR-116/BA;Norte;Engavetamento;2;5;;;;;1
28/06/2018;07:35:00;46;sem vítima;1;BR-116/BA - ContSuFS;Norte;Choque Contra Objeto Fixo;1;1;;;;;1
28/06/2018;08:18:00;59;sem vítima;1;BR-116/BA - Cont VC;Norte;Sequência;1;2;;;;;1
28/06/2018;08:50:00;69;com vítima;605;BR-324/BA;Oeste;Atropelamento de Pedestre;1;1;;;;1;3
28/06/2018;15:24:00;142;sem vítima;458,3;BR-116/BA;Sul;Colisão Traseira;2;4;;;;;1
28/06/2018;18:19:00;178;sem vítima;583;BR-324/BA;Oeste;Tombamento;1;1;;;;;1
28/06/2018;22:49:00;213;sem vítima;562;BR-324/BA;Oeste;Atropelamento de Animal;1;1;;;;;1
29/06/2018;01:55:00;14;sem vítima;562;BR-324/BA;Oeste;Colisão Traseira;2;2;;;;;1
29/06/2018;07:07:00;47;sem vítima;632;BR-116/BA;Sul;Colisão Lateral;1;2;;;;;1
29/06/2018;15:58:00;187;sem vítima;547,3;BR-324/BA;Oeste;Engavetamento;1;18;;;;;1
29/06/2018;19:48:00;237;sem vítima;562;BR-324/BA;Oeste;Engavetamento;1;4;;;;;1
30/06/2018;07:09:00;45;sem vítima;912,5;BR-116/BA;Norte;Colisão Traseira;1;33;;;;;1
30/06/2018;10:41:00;101;com vítima;751;BR-116/BA;Sul;Colisão Lateral;1;1;1;;;;1
30/06/2018;10:46:00;103;com vítima;5,05;BR-116/BA - ContSuFS;Sul;Colisão Traseira;1;1;;;1;;2
30/06/2018;18:21:00;215;sem vítima;592;BR-324/BA;Oeste;Colisão Lateral;1;2;;;;;1
30/06/2018;20:02:00;238;sem vítima;4;BR-116/BA - Cont VC;Norte;Colisão Traseira;1;7;;;;;1
01/07/2018;01:38:00;5;com vítima;813,4;BR-116/BA;Norte;Colisão Frontal;1;1;;;;1;3
01/07/2018;19:10:00;167;com vítima;699,9;BR-116/BA;Norte;Tombamento;1;0;1;;;;1
03/07/2018;05:00:00;34;sem vítima;429,4;BR-116/BA;Norte;Colisão Traseira;1;2;;;;;1
03/07/2018;05:41:00;40;com vítima;800;BR-116/BA;Norte;Sequência;1;4;;;1;;2
03/07/2018;05:41:00;107;sem vítima;800;BR-116/BA;Norte;Saida de Pista;1;1;;;;;1
03/07/2018;12:33:00;158;sem vítima;605;BR-324/BA;Leste;Colisão Lateral;1;3;;;;;1
03/07/2018;15:52:00;217;sem vítima;518;BR-324/BA;Oeste;Colisão Traseira;1;2;;;;;1
03/07/2018;17:35:00;237;sem vítima;815,6;BR-116/BA;Sul;Colisão Transversal;1;2;;;;;1
03/07/2018;19:53:00;265;com vítima;921;BR-116/BA;Sul;Saida de Pista;1;0;;;;1;3
04/07/2018;13:39:00;152;sem vítima;455,9;BR-116/BA;Sul;Colisão Traseira;1;3;;;;;1
05/07/2018;04:43:00;23;com vítima;804,4;BR-116/BA;Sul;Colisão Transversal;1;1;;;2;2;3
05/07/2018;07:29:00;59;sem vítima;461,4;BR-116/BA;Norte;Colisão Traseira;1;14;;;;;1
05/07/2018;07:31:00;61;sem vítima;686;BR-116/BA;Sul;Engavetamento;2;3;;;;;1
05/07/2018;17:05:00;203;com vítima;20,2;BR-116/BA - Cont VC;Sul;Colisão Frontal;1;1;;;1;;2
07/07/2018;04:12:00;28;sem vítima;581,8;BR-324/BA;Leste;Tombamento;1;1;;;;;1
07/07/2018;09:23:00;68;sem vítima;518;BR-324/BA;Oeste;Saida de Pista;1;1;;;;;1
08/07/2018;10:21:00;70;sem vítima;695;BR-116/BA;Sul;Colisão Traseira;1;2;;;;;1
08/07/2018;12:28:00;89;com vítima;757;BR-116/BA;Norte;Atropelamento - Ciclista;1;2;1;;;;1
08/07/2018;19:25:00;179;com vítima;720,2;BR-116/BA;Norte;Atropelamento de Pedestre;1;1;;;;1;3
09/07/2018;05:33:00;37;sem vítima;785,6;BR-116/BA;Sul;Tombamento;1;1;;;;;1
09/07/2018;06:02:00;45;com vítima;574;BR-324/BA;Leste;Tombamento;1;0;;1;1;;2
10/07/2018;14:17:00;141;com vítima;551;BR-324/BA;Oeste;Colisão Traseira;1;1;;1;;;2
10/07/2018;14:59:00;154;com vítima;818,8;BR-116/BA;Norte;Tombamento;1;0;;;1;;2
10/07/2018;17:13:00;177;sem vítima;517,1;BR-116/BA;Sul;Colisão Traseira;2;2;;;;;1
11/07/2018;19:08:00;209;sem vítima;772,9;BR-116/BA;Sul;Engavetamento;1;13;;;;;1
12/07/2018;05:50:00;30;sem vítima;921,9;BR-116/BA;Norte;Colisão Lateral;2;2;;;;;1
13/07/2018;02:07:00;4;sem vítima;563,2;BR-324/BA;Oeste;Saida de Pista;1;1;;;;;1
13/07/2018;11:09:00;139;sem vítima;845;BR-116/BA;Norte;Colisão Traseira;2;2;;;;;1
13/07/2018;16:31:00;204;sem vítima;530,9;BR-324/BA;Leste;Saida de Pista;1;1;;;;;1
14/07/2018;10:08:00;96;sem vítima;731,1;BR-116/BA;Norte;Colisão Traseira;2;2;;;;;1
15/07/2018;06:32:00;23;sem vítima;494;BR-116/BA;Sul;Colisão Traseira;2;2;;;;;1
15/07/2018;15:31:00;119;sem vítima;768;BR-116/BA;Norte;Colisão Traseira;1;7;;;;;1
16/07/2018;08:01:00;57;sem vítima;613,6;BR-324/BA;Leste;Colisão Lateral;1;2;;;;;1
16/07/2018;09:50:00;90;sem vítima;724;BR-116/BA;Sul;Engavetamento;2;3;;;;;1
16/07/2018;11:40:00;120;sem vítima;625,3;BR-324/BA;Leste;Engavetamento;2;6;;;;;1
16/07/2018;15:32:00;167;sem vítima;886,6;BR-116/BA;Norte;Sequência;2;5;;;;;1
17/07/2018;06:09:00;20;sem vítima;550;BR-324/BA;Leste;Colisão Lateral;1;4;;;;;1
17/07/2018;16:47:00;195;sem vítima;838;BR-116/BA;Norte;Colisão Traseira;2;2;;;;;1
20/07/2018;04:48:00;9;sem vítima;493,7;BR-116/BA;Sul;Saida de Pista;1;2;;;;;1
20/07/2018;07:21:00;56;com vítima;535;BR-324/BA;Leste;Colisão Traseira;2;2;1;;;;1
20/07/2018;19:56:00;235;sem vítima;603,4;BR-116/BA;Sul;Colisão Lateral;1;2;;;;;1
24/07/2018;17:40:00;195;sem vítima;614,9;BR-324/BA;Leste;Colisão Traseira;2;2;;;;;1
25/07/2018;11:56:00;119;sem vítima;543;BR-116/BA;Norte;Colisão Traseira;1;2;;;;;1
25/07/2018;15:32:00;165;sem vítima;865;BR-116/BA;Sul;Colisão Traseira;2;2;;;;;1
26/07/2018;11:19:00;106;sem vítima;777;BR-116/BA;Norte;Colisão Traseira;2;2;;;;;1
26/07/2018;18:59:00;217;sem vítima;849,2;BR-116/BA;Sul;Colisão Lateral;1;4;;;;;1
27/07/2018;18:17:00;232;sem vítima;793,5;BR-116/BA;Sul;Colisão Lateral;1;4;;;;;1
28/07/2018;00:48:00;8;sem vítima;588,1;BR-324/BA;Leste;Colisão Traseira;2;6;;;;;1
28/07/2018;08:27:00;53;sem vítima;21,8;BR-116/BA - Cont VC;Norte;Colisão Lateral;1;4;;;;;1
28/07/2018;14:47:00;128;sem vítima;607;BR-324/BA;Oeste;Colisão Traseira;1;4;;;;;1
28/07/2018;17:13:00;158;sem vítima;521,6;BR-116/BA;Norte;Colisão Lateral;1;2;;;;;1
29/07/2018;08:48:00;33;sem vítima;883;BR-116/BA;Sul;Tombamento;1;1;;;;;1
29/07/2018;21:07:00;194;sem vítima;593,2;BR-116/BA;Norte;Atropelamento de Animal;1;1;;;;;1
30/07/2018;00:50:00;4;sem vítima;568;BR-324/BA;Leste;Colisão Lateral;1;2;;;;;1
31/07/2018;17:18:00;206;sem vítima;778,7;BR-116/BA;Sul;Colisão Lateral;1;2;;;;;1
01/08/2018;07:01:00;28;com vítima;558,5;BR-116/BA;Sul;Saida de Pista;1;0;;1;;;2
01/08/2018;15:10:00;174;sem vítima;551;BR-324/BA;Oeste;Colisão Traseira;2;2;;;;;1
01/08/2018;16:33:00;204;com vítima;738,7;BR-116/BA;Norte;Colisão Traseira;2;1;;1;;;2
02/08/2018;12:25:00;166;com vítima;449;BR-116/BA;Norte;Colisão Traseira;2;2;;;1;5;3
03/08/2018;08:04:00;77;sem vítima;544;BR-116/BA;Sul;Colisão Traseira;2;2;;;;;1
03/08/2018;15:37:00;183;sem vítima;547;BR-324/BA;Oeste;Colisão Lateral;1;2;;;;;1
03/08/2018;17:40:00;219;sem vítima;673;BR-116/BA;Sul;Colisão Lateral;2;3;;;;;1
03/08/2018;18:50:00;232;sem vítima;0;BR-116/BA - ContSuFS;Norte;Colisão Lateral;1;6;;;;;1
04/08/2018;03:58:00;17;sem vítima;524;BR-324/BA;Leste;Colisão Traseira;1;4;;;;;1
05/08/2018;05:57:00;15;com vítima;524,1;BR-116/BA;Norte;Saida de Pista;1;1;1;;;;1
05/08/2018;09:46:00;45;com vítima;809,1;BR-116/BA;Sul;Colisão Lateral;1;2;2;;;;1
05/08/2018;15:17:00;111;sem vítima;642;BR-116/BA;Norte;Colisão Traseira;2;2;;;;;1
05/08/2018;18:36:00;159;com vítima;817;BR-116/BA;Sul;Colisão Lateral;1;2;2;1;;;2
06/08/2018;00:43:00;8;sem vítima;622;BR-324/BA;Leste;Saida de Pista;1;3;;;;;1
06/08/2018;12:07:00;122;sem vítima;454,9;BR-116/BA;Norte;Choque Contra Objeto Fixo;1;1;;;;;1
06/08/2018;16:45:00;187;com vítima;434;BR-116/BA;Norte;Saida de Pista;1;0;;1;;;2
07/08/2018;01:39:00;9;com vítima;924;BR-116/BA;Sul;Colisão Traseira;2;1;1;;;;1
07/08/2018;07:42:00;47;sem vítima;493,6;BR-116/BA;Norte;Colisão Lateral;2;5;;;;;1
08/08/2018;13:09:00;140;sem vítima;612,9;BR-324/BA;Leste;Colisão Lateral;2;2;;;;;1
09/08/2018;10:22:00;98;sem vítima;590,7;BR-324/BA;Leste;Outros;2;2;;;;;1
09/08/2018;15:18:00;182;com vítima;460,8;BR-116/BA;Sul;Colisão Traseira;1;1;;1;;;2
10/08/2018;03:09:00;8;sem vítima;466,7;BR-116/BA;Norte;Saida de Pista;1;1;;;;;1
10/08/2018;12:45:00;115;sem vítima;568,7;BR-116/BA;Sul;Tombamento;1;1;;;;;1
10/08/2018;20:48:00;219;sem vítima;912;BR-116/BA;Norte;Colisão Lateral;1;2;;;;;1
10/08/2018;22:31:00;229;sem vítima;445,9;BR-116/BA;Sul;Saida de Pista;1;1;;;;;1
11/08/2018;08:10:00;36;com vítima;542,1;BR-324/BA;Oeste;Engavetamento;2;19;3;;;;1
11/08/2018;14:42:00;108;com vítima;870,5;BR-116/BA;Norte;Colisão Transversal;1;4;1;1;;1;3
12/08/2018;09:56:00;44;com vítima;718;BR-116/BA;Sul;Tombamento;1;0;1;;;;1
12/08/2018;19:42:00;161;com vítima;838;BR-116/BA;Norte;Colisão Lateral;1;1;;;;2;3
13/08/2018;01:35:00;13;sem vítima;447,6;BR-116/BA;Sul;Saida de Pista;1;1;;;;;1
13/08/2018;14:31:00;192;com vítima;574;BR-324/BA;Oeste;Saida de Pista;1;0;1;1;2;;2
14/08/2018;10:21:00;87;sem vítima;636,5;BR-116/BA;Norte;Engavetamento;2;3;;;;;1
14/08/2018;10:43:00;93;com vítima;5;BR-116/BA - ContSuFS;Sul;Colisão Lateral;1;2;;1;;;2
14/08/2018;13:03:00;126;com vítima;485;BR-116/BA;Sul;Colisão Lateral;1;1;;1;;;2
14/08/2018;19:01:00;194;sem vítima;5,2;BR-116/BA - ContSuFS;Sul;Engavetamento;1;6;;;;;1
16/08/2018;05:51:00;12;sem vítima;583;BR-116/BA;Norte;Saida de Pista;1;1;;;;;1
16/08/2018;06:58:00;23;sem vítima;565;BR-324/BA;Oeste;Colisão Lateral;1;2;;;;;1
16/08/2018;08:39:00;68;sem vítima;447,7;BR-116/BA;Norte;Colisão Lateral;1;3;;;;;1
17/08/2018;05:35:00;14;sem vítima;610;BR-324/BA;Oeste;Tombamento;1;1;;;;;1
17/08/2018;13:21:00;156;sem vítima;556,7;BR-324/BA;Leste;Saida de Pista;1;1;;;;;1
18/08/2018;00:12:00;2;com vítima;746;BR-116/BA;Norte;Colisão Lateral;1;1;;1;;;2
18/08/2018;08:29:00;52;sem vítima;872;BR-116/BA;Norte;Colisão Transversal;3;3;;;;;1
18/08/2018;09:53:00;66;com vítima;764,9;BR-116/BA;Sul;Engavetamento;1;12;1;;;;1
18/08/2018;10:53:00;83;sem vítima;861,5;BR-116/BA;Sul;Engavetamento;3;3;;;;;1
19/08/2018;07:36:00;19;sem vítima;685,8;BR-116/BA;Sul;Engavetamento;3;4;;;;;1
19/08/2018;12:35:00;63;sem vítima;904,5;BR-116/BA;Norte;Colisão Traseira;1;3;;;;;1
19/08/2018;14:02:00;73;sem vítima;27,5;BR-116/BA - Cont VC;Norte;Colisão Traseira;1;43;;;;;1
19/08/2018;22:30:00;175;com vítima;16;BR-116/BA - Cont VC;Norte;Colisão Lateral;1;1;;1;;;2
20/08/2018;01:23:00;8;sem vítima;27;BR-116/BA - Cont VC;Sul;Colisão Frontal;1;2;;;;;1
20/08/2018;06:31:00;33;sem vítima;604,7;BR-324/BA;Leste;Colisão Traseira;1;2;;;;;1
20/08/2018;12:58:00;151;com vítima;562;BR-324/BA;Oeste;Saida de Pista;1;1;2;;;;1
21/08/2018;01:30:00;7;sem vítima;881,3;BR-116/BA;Norte;Saida de Pista;1;1;;;;;1
21/08/2018;12:12:00;142;sem vítima;530,9;BR-116/BA;Sul;Saida de Pista;1;1;;;;;1