data;horario;n_da_ocorrencia;tipo_de_ocorrencia;km;trecho;sentido;tipo_de_acidente;caminhao;ilesos;levemente_feridos;moderadamente_feridos;gravemente_feridos;mortos;3
21/08/2018;13:51:00;168;sem vítima;580;BR-116/BA;Norte;Tombamento;1;1;;;;;1
22/08/2018;16:46:00;174;sem vítima;565,2;BR-324/BA;Oeste;Colisão Lateral;1;4;;;;;1
22/08/2018;18:56:00;203;com vítima;613,2;BR-116/BA;Sul;Colisão Lateral;2;1;;1;;;2
23/08/2018;16:00:00;182;sem vítima;24,8;BR-116/BA - Cont VC;Sul;Colisão Traseira;1;2;;;;;1
23/08/2018;18:59:00;220;sem vítima;866;BR-116/BA;Norte;Colisão Lateral;4;5;;;;;1
24/08/2018;09:04:00;103;sem vítima;511,4;BR-116/BA;Sul;Tombamento;1;1;;;;;1
24/08/2018;20:56:00;248;sem vítima;737,5;BR-116/BA;Sul;Saida de Pista;1;1;;;;;1
24/08/2018;22:37:00;262;sem vítima;903;BR-116/BA;Norte;Colisão Lateral;1;2;;;;;1
24/08/2018;22:40:00;264;sem vítima;738;BR-116/BA;Norte;Colisão Traseira;1;2;;;;;1
26/08/2018;17:25:00;121;sem vítima;541,9;BR-116/BA;Sul;Colisão Traseira;1;5;;;;;1
26/08/2018;22:07:00;171;com vítima;719,5;BR-116/BA;Norte;Saida de Pista;1;0;1;;;;1
26/08/2018;22:11:00;172;com vítima;5;BR-116/BA - ContSuFS;Sul;Colisão Traseira;1;4;1;;;;1
27/08/2018;04:04:00;8;com vítima;762,5;BR-116/BA;Sul;Saida de Pista;1;0;1;;;;1
27/08/2018;14:21:00;188;sem vítima;558;BR-324/BA;Oeste;Saida de Pista;1;2;;;;;1
27/08/2018;17:54:00;258;sem vítima;542;BR-324/BA;Leste;Colisão Traseira;1;5;;;;;1
27/08/2018;23:11:00;304;sem vítima;575;BR-116/BA;Sul;Colisão Traseira;2;2;;;;;1
28/08/2018;06:06:00;27;sem vítima;638,5;BR-116/BA;Sul;Saida de Pista;1;2;;;;;1
28/08/2018;17:59:00;199;sem vítima;494,8;BR-116/BA;Norte;Colisão Traseira;1;2;;;;;1
29/08/2018;08:15:00;72;sem vítima;618;BR-324/BA;Leste;Colisão Lateral;1;4;;;;;1
30/08/2018;06:58:00;31;sem vítima;29,6;BR-116/BA - Cont VC;Sul;Tombamento;1;1;;;;;1
30/08/2018;08:12:00;59;sem vítima;566,405;BR-116/BA;Norte;Colisão Traseira;2;3;;;;;1
31/08/2018;00:49:00;7;sem vítima;584;BR-324/BA;Oeste;Atropelamento de Animal;1;1;;;;;1
31/08/2018;09:23:00;114;sem vítima;618,1;BR-324/BA;Leste;Engavetamento;1;3;;;;;1
01/09/2018;19:49:00;184;sem vítima;613;BR-324/BA;Leste;Colisão Traseira;2;2;;;;;1
02/09/2018;06:58:00;20;sem vítima;525,9;BR-116/BA;Sul;Colisão Traseira;2;2;;;;;1
02/09/2018;13:36:00;96;com vítima;675,9;BR-116/BA;Norte;Colisão Transversal;1;1;;;;1;3
02/09/2018;18:04:00;164;sem vítima;568;BR-116/BA;Sul;Colisão Lateral;1;2;;;;;1
02/09/2018;19:15:00;188;com vítima;759;BR-116/BA;Norte;Atropelamento - Ciclista;1;1;1;;;;1
03/09/2018;06:03:00;20;sem vítima;566;BR-116/BA;Sul;Choque Contra Objeto Fixo;1;1;;;;;1
03/09/2018;07:47:00;64;com vítima;506;BR-116/BA;Sul;Saida de Pista;1;0;;1;;;2
04/09/2018;00:33:00;1;sem vítima;607,85;BR-324/BA;Leste;Colisão Traseira;1;5;;;;;1
04/09/2018;07:07:00;33;sem vítima;608,8;BR-324/BA;Leste;Colisão Traseira;1;4;;;;;1
04/09/2018;17:51:00;243;com vítima;593;BR-324/BA;Leste;Atropelamento de Pedestre;1;1;;;;1;3
04/09/2018;23:31:00;306;com vítima;441,8;BR-116/BA;Sul;Tombamento;1;1;1;;;;1
05/09/2018;04:23:00;26;sem vítima;613;BR-324/BA;Leste;Atropelamento de Animal;1;3;;;;;1
05/09/2018;10:19:00;115;sem vítima;440,5;BR-116/BA;Sul;Colisão Traseira;2;30;;;;;1
05/09/2018;15:23:00;186;sem vítima;524,9;BR-324/BA;Oeste;Colisão Lateral;2;2;;;;;1
06/09/2018;09:10:00;68;sem vítima;808,5;BR-116/BA;Sul;Colisão Lateral;1;2;;;;;1
06/09/2018;11:37:00;115;sem vítima;427,2;BR-116/BA;Norte;Saida de Pista;1;1;;;;;1
06/09/2018;19:33:00;255;sem vítima;544;BR-324/BA;Oeste;Colisão Traseira;1;2;;;;;1
07/09/2018;07:39:00;70;sem vítima;605;BR-324/BA;Leste;Saida de Pista;1;1;;;;;1
07/09/2018;10:17:00;115;sem vítima;458;BR-116/BA;Sul;Colisão Traseira;1;3;;;;;1
07/09/2018;17:49:00;186;sem vítima;517;BR-116/BA;Sul;Saida de Pista;1;1;;;;;1
08/09/2018;08:23:00;44;sem vítima;864,4;BR-116/BA;Sul;Colisão Traseira;3;3;;;;;1
09/09/2018;16:53:00;179;com vítima;583,95;BR-116/BA;Norte;Colisão Lateral;1;1;;1;;;2
10/09/2018;15:51:00;186;sem vítima;26,2;BR-116/BA - Cont VC;Norte;Colisão Traseira;1;3;;;;;1
10/09/2018;15:55:00;190;sem vítima;674,1;BR-116/BA;Norte;Colisão Transversal;2;2;;;;;1
10/09/2018;18:32:00;228;com vítima;619;BR-324/BA;Leste;Colisão Lateral;1;1;1;;;;1
11/09/2018;09:38:00;94;sem vítima;530;BR-324/BA;Oeste;Saida de Pista;1;2;;;;;1
11/09/2018;13:29:00;154;sem vítima;461;BR-116/BA;Norte;Engavetamento;1;3;;;;;1
13/09/2018;12:51:00;153;sem vítima;629;BR-116/BA;Sul;Colisão Frontal;2;2;;;;;1
13/09/2018;18:36:00;226;sem vítima;603;BR-324/BA;Leste;Colisão Lateral;1;3;;;;;1
13/09/2018;23:35:00;267;com vítima;728;BR-116/BA;Sul;Tombamento;1;0;;;;1;3
14/09/2018;01:55:00;11;com vítima;696;BR-116/BA;Sul;Saida de Pista;1;0;1;1;;;2
14/09/2018;07:23:00;50;sem vítima;725,1;BR-116/BA;Sul;Saida de Pista;1;1;;;;;1
14/09/2018;07:34:00;58;sem vítima;617,2;BR-324/BA;Oeste;Colisão Traseira;1;5;;;;;1
16/09/2018;20:28:00;185;sem vítima;5,15;BR-116/BA - ContSuFS;Sul;Atropelamento de Animal;1;1;;;;;1
17/09/2018;02:52:00;9;com vítima;600,9;BR-324/BA;Leste;Tombamento;1;1;;3;;;2
17/09/2018;14:34:00;177;sem vítima;611;BR-324/BA;Leste;Choque Contra Objeto Fixo;1;1;;;;;1
17/09/2018;19:28:00;266;sem vítima;0;BR-116/BA - ContSuFS;Sul;Colisão Lateral;1;2;;;;;1
18/09/2018;13:47:00;139;com vítima;461,5;BR-116/BA;Norte;Colisão Traseira;1;1;2;1;;;2
18/09/2018;17:48:00;218;sem vítima;661,5;BR-116/BA;Sul;Colisão Traseira;1;3;;;;;1
18/09/2018;21:57:00;265;com vítima;754,9;BR-116/BA;Sul;Colisão Frontal;1;1;1;;;;1
19/09/2018;00:10:00;2;sem vítima;553;BR-116/BA;Norte;Saida de Pista;1;1;;;;;1
19/09/2018;09:00:00;87;sem vítima;614,8;BR-324/BA;Leste;Colisão Traseira;2;2;;;;;1
19/09/2018;12:35:00;141;com vítima;644,4;BR-116/BA;Sul;Saida de Pista;1;0;1;;;;1
19/09/2018;15:51:00;188;com vítima;6,6;BR-116/BA - Cont VC;Sul;Colisão Transversal;1;1;;;;1;3
20/09/2018;07:37:00;51;com vítima;643,5;BR-116/BA;Sul;Saida de Pista;1;0;1;;;;1
20/09/2018;17:13:00;190;sem vítima;608;BR-324/BA;Leste;Colisão Lateral;1;3;;;;;1
21/09/2018;03:32:00;15;sem vítima;564;BR-116/BA;Sul;Saida de Pista;1;3;;;;;1
21/09/2018;04:46:00;17;sem vítima;554;BR-324/BA;Oeste;Atropelamento de Animal;1;5;;;;;1
21/09/2018;16:16:00;203;sem vítima;668;BR-116/BA;Norte;Colisão Lateral;1;3;;;;;1
21/09/2018;19:26:00;259;com vítima;744;BR-116/BA;Sul;Colisão Lateral;2;1;1;;;;1
22/09/2018;13:51:00;132;sem vítima;580;BR-324/BA;Oeste;Colisão Traseira;1;3;;;;;1
22/09/2018;18:54:00;206;sem vítima;496,3;BR-116/BA;Sul;Atropelamento de Animal;1;2;;;;;1
23/09/2018;03:26:00;13;sem vítima;551;BR-324/BA;Oeste;Colisão Traseira;2;2;;;;;1
24/09/2018;09:16:00;82;com vítima;460,7;BR-116/BA;Norte;Colisão Lateral;1;1;1;;;;1
24/09/2018;14:50:00;163;sem vítima;590,1;BR-116/BA;Sul;Colisão Lateral;1;3;;;;;1
24/09/2018;21:38:00;254;sem vítima;675;BR-116/BA;Sul;Atropelamento de Animal;1;2;;;;;1
24/09/2018;22:10:00;259;sem vítima;672;BR-116/BA;Norte;Atropelamento de Animal;1;1;;;;;1
24/09/2018;22:47:00;264;sem vítima;520;BR-116/BA;Norte;Atropelamento de Animal;1;1;;;;;1
26/09/2018;21:36:00;234;com vítima;468;BR-116/BA;Norte;Colisão Traseira;3;5;;2;;;2
27/09/2018;09:44:00;70;com vítima;548,8;BR-324/BA;Leste;Colisão Traseira;2;2;;;1;;2
27/09/2018;12:27:00;99;sem vítima;538,4;BR-324/BA;Leste;Colisão Traseira;1;4;;;;;1
28/09/2018;03:32:00;10;com vítima;486;BR-116/BA;Sul;Colisão Traseira;2;2;1;;;;1
28/09/2018;08:24:00;51;sem vítima;621,2;BR-324/BA;Leste;Colisão Traseira;1;2;;;;;1
28/09/2018;09:12:00;70;com vítima;616,1;BR-116/BA;Sul;Colisão Traseira;2;1;;1;;;2
29/09/2018;18:43:00;151;sem vítima;523;BR-324/BA;Oeste;Colisão Traseira;1;4;;;;;1
30/09/2018;00:07:00;3;sem vítima;749;BR-116/BA;Sul;Saida de Pista;1;1;;;;;1
30/09/2018;11:09:00;63;sem vítima;616,8;BR-116/BA;Sul;Colisão Traseira;2;2;;;;;1
01/10/2018;06:22:00;33;sem vítima;540,9;BR-324/BA;Leste;Colisão Traseira;2;2;;;;;1
02/10/2018;07:11:00;37;sem vítima;622,2;BR-324/BA;Leste;Colisão Traseira;1;2;;;;;1
02/10/2018;22:07:00;207;sem vítima;829,4;BR-116/BA;Sul;Atropelamento de Animal;1;1;;;;;1
03/10/2018;08:00:00;54;com vítima;547,9;BR-324/BA;Oeste;Colisão Traseira;2;1;;1;;;2
04/10/2018;15:22:00;180;sem vítima;495,1;BR-116/BA;Norte;Colisão Lateral;1;2;;;;;1
04/10/2018;16:24:00;208;sem vítima;482,05;BR-116/BA;Norte;Colisão Traseira;2;2;;;;;1
04/10/2018;21:13:00;264;sem vítima;535;BR-116/BA;Norte;Colisão Traseira;2;3;;;;;1
04/10/2018;22:28:00;280;sem vítima;472,5;BR-116/BA;Sul;Saida de Pista;1;2;;;;;1
04/10/2018;22:38:00;282;sem vítima;442;BR-116/BA;Norte;Saida de Pista;1;1;;;;;1
05/10/2018;11:26:00;118;sem vítima;599,2;BR-324/BA;Oeste;Colisão Traseira;2;2;;;;;1
06/10/2018;03:10:00;12;sem vítima;742,5;BR-116/BA;Sul;Saida de Pista;1;1;;;;;1
06/10/2018;07:54:00;31;sem vítima;822,2;BR-116/BA;Sul;Colisão Lateral;1;4;;;;;1
06/10/2018;15:07:00;113;com vítima;562;BR-116/BA;Norte;Colisão Frontal;1;1;;;1;1;3
06/10/2018;15:33:00;120;sem vítima;695;BR-116/BA;Norte;Tombamento;1;1;;;;;1
08/10/2018;07:36:00;56;sem vítima;476,6;BR-116/BA;Norte;Saida de Pista;1;2;;;;;1
09/10/2018;02:44:00;7;sem vítima;564,8;BR-324/BA;Oeste;Atropelamento de Animal;1;1;;;;;1
09/10/2018;07:27:00;51;sem vítima;819;BR-116/BA;Sul;Tombamento;1;1;;;;;1
09/10/2018;11:22:00;102;sem vítima;555;BR-324/BA;Oeste;Colisão Lateral;2;2;;;;;1
09/10/2018;21:23:00;214;sem vítima;473,4;BR-116/BA;Sul;Colisão Lateral;2;2;;;;;1
10/10/2018;11:42:00;124;sem vítima;581;BR-324/BA;Leste;Saida de Pista;1;1;;;;;1
10/10/2018;12:04:00;128;sem vítima;444;BR-116/BA;Sul;Colisão Lateral;1;3;;;;;1
10/10/2018;18:54:00;205;sem vítima;579;BR-116/BA;Norte;Saida de Pista;1;1;;;;;1
12/10/2018;02:40:00;12;sem vítima;543;BR-324/BA;Oeste;Tombamento;1;1;;;;;1
12/10/2018;03:45:00;18;com vítima;467,4;BR-116/BA;Norte;Colisão Traseira;1;1;1;;;;1
12/10/2018;06:04:00;25;com vítima;460;BR-116/BA;Norte;Tombamento;1;0;1;;;;1
13/10/2018;17:14:00;155;com vítima;878;BR-116/BA;Norte;Colisão Traseira;2;2;1;;;;1
13/10/2018;18:22:00;166;sem vítima;493,7;BR-116/BA;Norte;Saida de Pista;1;1;;;;;1
14/10/2018;20:40:00;224;sem vítima;525;BR-116/BA;Norte;Colisão Traseira;1;5;;;;;1
15/10/2018;10:51:00;129;sem vítima;527,5;BR-324/BA;Oeste;Colisão Traseira;2;2;;;;;1
15/10/2018;17:37:00;247;sem vítima;461;BR-116/BA;Sul;Atropelamento de Animal;1;1;;;;;1
16/10/2018;05:53:00;27;sem vítima;441,5;BR-116/BA;Sul;Tombamento;1;1;;;;;1
16/10/2018;07:50:00;63;sem vítima;904,1;BR-116/BA;Norte;Saida de Pista;1;1;;;;;1
16/10/2018;15:50:00;188;sem vítima;532,3;BR-324/BA;Leste;Tombamento;1;1;;;;;1
17/10/2018;23:18:00;281;sem vítima;927;BR-116/BA;Sul;Saida de Pista;1;1;;;;;1
18/10/2018;13:44:00;118;com vítima;3;BR-116/BA - ContSuFS;Sul;Sequência;1;1;1;;;;1
18/10/2018;16:07:00;146;com vítima;579;BR-116/BA;Norte;Colisão Lateral;2;1;1;;;;1
19/10/2018;07:57:00;56;com vítima;786,8;BR-116/BA;Sul;Colisão Frontal;1;2;;1;;;2
19/10/2018;11:14:00;99;com vítima;559;BR-324/BA;Leste;Saida de Pista;1;0;;1;;;2
20/10/2018;07:05:00;32;sem vítima;539,1;BR-116/BA;Sul;Saida de Pista;1;1;;;;;1
20/10/2018;21:00:00;201;sem vítima;461;BR-116/BA;Sul;Engavetamento;2;7;;;;;1
21/10/2018;07:44:00;43;com vítima;843;BR-116/BA;Sul;Colisão Traseira;1;2;2;;;;1
21/10/2018;18:05:00;141;sem vítima;831,1;BR-116/BA;Sul;Engavetamento;1;6;;;;;1
21/10/2018;23:02:00;178;sem vítima;535;BR-116/BA;Norte;Tombamento;1;1;;;;;1
22/10/2018;16:49:00;149;sem vítima;530;BR-324/BA;Oeste;Colisão Traseira;1;3;;;;;1
22/10/2018;18:17:00;172;sem vítima;632;BR-116/BA;Sul;Colisão Lateral;1;2;;;;;1
23/10/2018;15:41:00;149;sem vítima;523;BR-324/BA;Leste;Choque Contra Objeto Fixo;1;1;;;;;1
23/10/2018;18:40:00;183;sem vítima;518;BR-116/BA;Sul;Atropelamento de Animal;1;1;;;;;1
23/10/2018;19:30:00;189;sem vítima;528,1;BR-324/BA;Leste;Engavetamento;3;3;;;;;1
23/10/2018;21:44:00;202;sem vítima;683,9;BR-116/BA;Sul;Tombamento;1;1;;;;;1
24/10/2018;06:40:00;21;sem vítima;526,7;BR-324/BA;Leste;Engavetamento;1;7;;;;;1
24/10/2018;20:25:00;188;com vítima;778,9;BR-116/BA;Sul;Atropelamento de Pedestre;1;1;1;;;;1
25/10/2018;06:31:00;33;sem vítima;609,009;BR-324/BA;Leste;Saida de Pista;1;1;;;;;1
25/10/2018;11:32:00;100;sem vítima;563;BR-324/BA;Leste;Tombamento;1;1;;;;;1
25/10/2018;19:11:00;190;sem vítima;586;BR-324/BA;Leste;Saida de Pista;1;1;;;;;1
25/10/2018;20:14:00;200;sem vítima;643,5;BR-116/BA;Norte;Saida de Pista;1;1;;;;;1
26/10/2018;10:19:00;81;sem vítima;526;BR-324/BA;Leste;Colisão Traseira;1;6;;;;;1
26/10/2018;15:58:00;152;sem vítima;653,7;BR-116/BA;Norte;Colisão Traseira;2;2;;;;;1
26/10/2018;21:42:00;225;sem vítima;479,1;BR-116/BA;Sul;Saida de Pista;1;1;;;;;1
27/10/2018;06:56:00;32;com vítima;583,6;BR-116/BA;Norte;Saida de Pista;1;0;;1;;;2
27/10/2018;09:40:00;63;com vítima;547,1;BR-116/BA;Norte;Saida de Pista;1;0;;1;;;2
28/10/2018;07:22:00;26;sem vítima;911,2;BR-116/BA;Norte;Outros;1;1;;;;;1
28/10/2018;08:39:00;35;sem vítima;577,4;BR-116/BA;Sul;Tombamento;1;1;;;;;1
28/10/2018;09:34:00;49;sem vítima;599;BR-324/BA;Leste;Colisão Transversal;1;4;;;;;1
28/10/2018;09:41:00;50;com vítima;438,6;BR-116/BA;Sul;Sequência;1;1;;;;1;3
28/10/2018;11:34:00;70;sem vítima;874,1;BR-116/BA;Norte;Colisão Traseira;2;5;;;;;1
29/10/2018;01:39:00;2;sem vítima;889;BR-116/BA;Norte;Saida de Pista;1;1;;;;;1
29/10/2018;10:19:00;93;sem vítima;673,5;BR-116/BA;Norte;Engavetamento;3;3;;;;;1
30/10/2018;06:30:00;11;sem vítima;553,3;BR-324/BA;Leste;Saida de Pista;1;2;;;;;1
30/10/2018;10:13:00;93;com vítima;778,5;BR-116/BA;Norte;Atropelamento - Ciclista;1;1;;;1;;2
30/10/2018;19:42:00;212;com vítima;567;BR-116/BA;Sul;Colisão Transversal;1;3;;1;;;2
31/10/2018;07:38:00;56;sem vítima;606,3;BR-324/BA;Oeste;Colisão Lateral;1;3;;;;;1
31/10/2018;09:15:00;92;sem vítima;678,4;BR-116/BA;Sul;Colisão Lateral;2;2;;;;;1
31/10/2018;12:00:00;129;sem vítima;459,4;BR-116/BA;Norte;Tombamento;2;3;;;;;1
31/10/2018;14:47:00;161;sem vítima;427;BR-116/BA;Sul;Saida de Pista;1;2;;;;;1
31/10/2018;17:09:00;205;sem vítima;614;BR-324/BA;Leste;Engavetamento;1;3;;;;;1
01/11/2018;06:46:00;27;sem vítima;527,1;BR-324/BA;Leste;Colisão Transversal;1;2;;;;;1
01/11/2018;07:41:00;47;sem vítima;617;BR-116/BA;Norte;Tombamento;1;1;;;;;1
02/11/2018;15:27:00;147;sem vítima;632;BR-116/BA;Norte;Colisão Transversal;2;3;;;;;1
02/11/2018;15:50:00;151;sem vítima;657;BR-116/BA;Sul;Colisão Traseira;1;2;;;;;1
03/11/2018;16:05:00;130;sem vítima;559;BR-324/BA;Leste;Tombamento;1;1;;;;;1
04/11/2018;07:46:00;30;sem vítima;815,7;BR-116/BA;Sul;Colisão Traseira;1;2;;;;;1
04/11/2018;18:21:00;154;sem vítima;478;BR-116/BA;Sul;Colisão Traseira;1;5;;;;;1
04/11/2018;20:44:00;180;sem vítima;638,3;BR-116/BA;Norte;Saida de Pista;1;1;;;;;1
05/11/2018;07:00:00;35;com vítima;15,8;BR-116/BA - Cont VC;Sul;Colisão Lateral;1;1;1;;;;1
05/11/2018;15:22:00;190;sem vítima;576;BR-324/BA;Oeste;Colisão Traseira;1;4;;;;;1
05/11/2018;18:43:00;234;com vítima;467;BR-116/BA;Sul;Colisão Traseira;1;1;2;;;;1
06/11/2018;07:40:00;61;sem vítima;748,1;BR-116/BA;Sul;Colisão Traseira;2;2;;;;;1
06/11/2018;21:03:00;216;sem vítima;458;BR-116/BA;Norte;Atropelamento de Animal;1;1;;;;;1
07/11/2018;03:27:00;9;sem vítima;513,6;BR-116/BA;Sul;Tombamento;1;1;;;;;1
07/11/2018;15:01:00;141;sem vítima;533,1;BR-324/BA;Oeste;Engavetamento;3;5;;;;;1
08/11/2018;06:57:00;30;sem vítima;611,3;BR-324/BA;Oeste;Engavetamento;2;10;;;;;1
08/11/2018;09:21:00;60;sem vítima;619,25;BR-324/BA;Oeste;Colisão Lateral;1;3;;;;;1
08/11/2018;10:12:00;79;sem vítima;612;BR-324/BA;Oeste;Colisão Traseira;1;3;;;;;1
08/11/2018;11:33:00;104;com vítima;564;BR-324/BA;Oeste;Sequência;1;0;;3;1;;2
08/11/2018;20:57:00;211;com vítima;795,8;BR-116/BA;Sul;Colisão Traseira;3;1;2;;;1;3
09/11/2018;00:42:00;3;sem vítima;564,2;BR-116/BA;Sul;Saida de Pista;1;1;;;;;1
09/11/2018;03:03:00;14;sem vítima;585;BR-324/BA;Oeste;Saida de Pista;1;1;;;;;1
09/11/2018;11:23:00;127;sem vítima;571,8;BR-116/BA;Sul;Colisão Traseira;1;2;;;;;1
09/11/2018;12:39:00;141;sem vítima;599;BR-324/BA;Oeste;Colisão Traseira;1;2;;;;;1
09/11/2018;22:32:00;272;sem vítima;669,3;BR-116/BA;Sul;Atropelamento de Animal;1;1;;;;;1
10/11/2018;02:52:00;8;com vítima;842;BR-116/BA;Sul;Saida de Pista;1;0;;;1;;2
10/11/2018;07:44:00;47;sem vítima;529,5;BR-324/BA;Oeste;Colisão Lateral;1;3;;;;;1
10/11/2018;09:35:00;74;com vítima;591,5;BR-324/BA;Oeste;Sequência;1;3;;1;;;2
10/11/2018;20:24:00;212;sem vítima;456;BR-116/BA;Norte;Saida de Pista;1;1;;;;;1
11/11/2018;23:05:00;178;com vítima;3;BA-526;Norte;Sequência;2;5;;;;1;3
12/11/2018;00:59:00;7;sem vítima;847;BR-116/BA;Norte;Saida de Pista;1;1;;;;;1
12/11/2018;01:02:00;8;sem vítima;642;BR-116/BA;Norte;Saida de Pista;1;1;;;;;1
12/11/2018;05:06:00;20;sem vítima;589,3;BR-116/BA;Sul;Colisão Traseira;1;2;;;;;1
12/11/2018;09:19:00;77;sem vítima;466,2;BR-116/BA;Sul;Colisão Frontal;1;4;;;;;1
12/11/2018;15:06:00;166;sem vítima;719;BR-116/BA;Norte;Colisão Lateral;2;2;;;;;1
13/11/2018;07:29:00;44;sem vítima;571,1;BR-324/BA;Oeste;Colisão Lateral;1;13;;;;;1
13/11/2018;15:21:00;182;sem vítima;1;BR-116/BA - ContSuFS;Norte;Choque Contra Objeto Fixo;1;1;;;;;1
13/11/2018;17:31:00;203;sem vítima;1;BR-116/BA - ContSuFS;Norte;Colisão Lateral;1;2;;;;;1
14/11/2018;11:53:00;128;sem vítima;594,4;BR-116/BA;Norte;Saida de Pista;1;1;;;;;1
14/11/2018;15:48:00;176;sem vítima;518;BR-324/BA;Oeste;Colisão Traseira;2;2;;;;;1
16/11/2018;12:07:00;109;sem vítima;483;BR-116/BA;Sul;Colisão Traseira;1;3;;;;;1
16/11/2018;22:52:00;214;sem vítima;528;BR-324/BA;Leste;Colisão Lateral;1;2;;;;;1
17/11/2018;00:21:00;3;sem vítima;468,8;BR-116/BA;Sul;Saida de Pista;1;1;;;;;1
17/11/2018;05:34:00;10;sem vítima;437;BR-116/BA;Sul;Tombamento;1;1;;;;;1
18/11/2018;15:40:00;120;com vítima;708;BR-116/BA;Sul;Colisão Frontal;1;1;;;;1;3
18/11/2018;17:31:00;150;sem vítima;456,5;BR-116/BA;Sul;Colisão Lateral;2;2;;;;;1
19/11/2018;18:06:00;220;sem vítima;655,3;BR-116/BA;Norte;Engavetamento;3;3;;;;;1
19/11/2018;18:11:00;222;sem vítima;523;BR-324/BA;Leste;Tombamento;1;1;;;;;1
20/11/2018;07:37:00;34;sem vítima;620;BR-324/BA;Oeste;Colisão Lateral;1;2;;;;;1
20/11/2018;08:09:00;54;sem vítima;599,5;BR-324/BA;Oeste;Colisão Traseira;1;4;;;;;1
20/11/2018;08:24:00;58;com vítima;614;BR-324/BA;Leste;Tombamento;2;1;;;1;;2
20/11/2018;14:23:00;142;sem vítima;479,3;BR-116/BA;Sul;Tombamento;1;1;;;;;1
20/11/2018;17:24:00;185;sem vítima;879,3;BR-116/BA;Norte;Colisão Traseira;2;2;;;;;1
20/11/2018;21:05:00;221;sem vítima;650;BR-116/BA;Norte;Colisão Traseira;1;9;;;;;1
21/11/2018;00:21:00;4;com vítima;581,4;BR-116/BA;Sul;Saida de Pista;1;0;;1;;;2
21/11/2018;04:58:00;12;sem vítima;590;BR-324/BA;Oeste;Colisão Traseira;2;2;;;;;1
21/11/2018;11:55:00;118;sem vítima;574;BR-324/BA;Leste;Saida de Pista;1;1;;;;;1
21/11/2018;19:05:00;201;sem vítima;856,5;BR-116/BA;Sul;Colisão Lateral;2;2;;;;;1
22/11/2018;09:31:00;101;com vítima;828;BR-116/BA;Sul;Tombamento;1;0;2;;;;1
22/11/2018;10:49:00;123;sem vítima;554;BR-324/BA;Oeste;Saida de Pista;1;2;;;;;1
22/11/2018;15:49:00;185;sem vítima;804;BR-116/BA;Norte;Colisão Traseira;2;2;;;;;1
22/11/2018;23:03:00;254;sem vítima;525,9;BR-116/BA;Sul;Colisão Frontal;2;2;;;;;1
23/11/2018;06:06:00;15;sem vítima;574;BR-324/BA;Leste;Colisão Traseira;2;3;;;;;1
23/11/2018;07:05:00;37;sem vítima;610;BR-324/BA;Oeste;Engavetamento;2;12;;;;;1
23/11/2018;10:16:00;87;com vítima;526;BR-324/BA;Oeste;Saida de Pista;1;1;3;;;;1
23/11/2018;12:43:00;119;com vítima;602,8;BR-116/BA;Norte;Colisão Traseira;1;10;;2;1;1;3
23/11/2018;17:16:00;180;com vítima;612;BR-324/BA;Leste;Colisão Traseira;1;1;;1;;;2
23/11/2018;18:34:00;199;sem vítima;569;BR-116/BA;Sul;Saida de Pista;1;1;;;;;1
23/11/2018;18:49:00;204;com vítima;699,8;BR-116/BA;Sul;Colisão Frontal;1;1;;;;1;3
23/11/2018;19:08:00;208;sem vítima;2;BR-116/BA - Cont VC;Norte;Atropelamento de Animal;1;1;;;;;1
25/11/2018;11:14:00;78;sem vítima;0,5;BR-116/BA - Cont VC;Sul;Colisão Lateral;1;2;;;;;1
25/11/2018;18:10:00;146;sem vítima;790;BR-116/BA;Sul;Saida de Pista;1;1;;;;;1
27/11/2018;09:27:00;75;sem vítima;621,6;BR-324/BA;Leste;Engavetamento;1;5;;;;;1
27/11/2018;11:40:00;107;sem vítima;877,5;BR-116/BA;Sul;Colisão Transversal;1;2;;;;;1
28/11/2018;08:03:00;36;com vítima;668,2;BR-116/BA;Sul;Colisão Traseira;2;1;1;;;;1
28/11/2018;09:51:00;78;sem vítima;695;BR-116/BA;Sul;Colisão Traseira;2;2;;;;;1
28/11/2018;16:39:00;158;sem vítima;584;BR-116/BA;Sul;Colisão Traseira;2;2;;;;;1
28/11/2018;22:41:00;212;sem vítima;551;BR-324/BA;Oeste;Colisão Lateral;2;2;;;;;1
29/11/2018;02:03:00;11;sem vítima;596;BR-324/BA;Oeste;Atropelamento de Animal;1;2;;;;;1
29/11/2018;07:40:00;39;sem vítima;12,1;BR-116/BA - Cont VC;Sul;Colisão Transversal;1;2;;;;;1
29/11/2018;14:40:00;136;sem vítima;656;BR-116/BA;Norte;Colisão Traseira;2;4;;;;;1
30/11/2018;08:31:00;61;sem vítima;618;BR-324/BA;Leste;Colisão Traseira;1;5;;;;;1
30/11/2018;13:12:00;137;sem vítima;768,8;BR-116/BA;Sul;Saida de Pista;1;1;;;;;1
30/11/2018;14:33:00;152;sem vítima;786,4;BR-116/BA;Sul;Colisão Traseira;2;2;;;;;1
01/12/2018;10:56:00;72;sem vítima;600;BR-116/BA;Norte;Saida de Pista;1;1;;;;;1
01/12/2018;11:23:00;75;com vítima;623,8;BR-116/BA;Sul;Colisão Lateral;1;1;2;;;1;3
01/12/2018;11:55:00;79;com vítima;775;BR-116/BA;Sul;Colisão Traseira;1;1;;1;;;2
01/12/2018;13:56:00;103;com vítima;814;BR-116/BA;Norte;Colisão Lateral;1;1;1;;;;1
01/12/2018;19:13:00;165;com vítima;798;BR-116/BA;Sul;Colisão Frontal;1;2;;1;;;2