data;horario;n_da_ocorrencia;tipo_de_ocorrencia;km;trecho;sentido;tipo_de_acidente;caminhao;ilesos;levemente_feridos;moderadamente_feridos;gravemente_feridos;mortos;3
02/12/2018;19:17:00;169;sem vítima;457;BR-116/BA;Sul;Tombamento;1;1;;;;;1
02/12/2018;19:51:00;174;sem vítima;466;BR-116/BA;Sul;Colisão Traseira;2;2;;;;;1
03/12/2018;04:46:00;23;sem vítima;551;BR-324/BA;Leste;Engavetamento;1;8;;;;;1
03/12/2018;13:12:00;158;sem vítima;564;BR-324/BA;Oeste;Saida de Pista;1;2;;;;;1
03/12/2018;13:19:00;160;sem vítima;539;BR-324/BA;Leste;Colisão Traseira;1;5;;;;;1
03/12/2018;16:35:00;204;com vítima;877,2;BR-116/BA;Norte;Colisão Lateral;1;2;1;;;;1
03/12/2018;16:42:00;206;com vítima;3;BR-116/BA - ContSuFS;Norte;Colisão Traseira;1;2;1;;;;1
03/12/2018;22:30:00;270;com vítima;532;BR-116/BA;Norte;Saida de Pista;1;0;1;;;;1
03/12/2018;23:36:00;279;sem vítima;818,6;BR-116/BA;Sul;Tombamento;1;1;;;;;1
04/12/2018;03:59:00;6;sem vítima;562,05;BR-324/BA;Leste;Tombamento;1;1;;;;;1
04/12/2018;15:26:00;153;sem vítima;584;BR-116/BA;Sul;Saida de Pista;1;1;;;;;1
04/12/2018;17:18:00;176;sem vítima;818,5;BR-116/BA;Sul;Colisão Traseira;1;2;;;;;1
04/12/2018;17:42:00;182;sem vítima;524;BR-116/BA;Sul;Colisão Lateral;2;2;;;;;1
05/12/2018;19:06:00;226;sem vítima;532;BR-116/BA;Norte;Saida de Pista;1;1;;;;;1
06/12/2018;00:11:00;2;com vítima;655;BR-116/BA;Norte;Saida de Pista;1;0;;2;;;2
06/12/2018;01:53:00;13;sem vítima;885;BR-116/BA;Norte;Tombamento;1;1;;;;;1
06/12/2018;17:21:00;229;sem vítima;623,1;BR-324/BA;Oeste;Colisão Lateral;1;2;;;;;1
06/12/2018;17:57:00;235;com vítima;447,7;BR-116/BA;Sul;Colisão Transversal;1;1;1;;;;1
07/12/2018;03:05:00;13;sem vítima;596;BR-116/BA;Norte;Tombamento;1;1;;;;;1
07/12/2018;11:26:00;95;sem vítima;845,9;BR-116/BA;Sul;Saida de Pista;1;1;;;;;1
07/12/2018;14:03:00;126;com vítima;643,7;BR-116/BA;Norte;Saida de Pista;1;0;;;;1;3
07/12/2018;15:48:00;159;com vítima;618,1;BR-324/BA;Leste;Engavetamento;1;4;1;;;;1
07/12/2018;16:24:00;167;com vítima;633,6;BR-116/BA;Norte;Colisão Traseira;1;2;1;;;;1
08/12/2018;01:26:00;9;sem vítima;598;BR-324/BA;Leste;Engavetamento;1;5;;;;;1
08/12/2018;10:40:00;90;com vítima;592;BR-324/BA;Leste;Colisão Traseira;1;1;;1;;;2
09/12/2018;07:37:00;27;sem vítima;904,5;BR-116/BA;Norte;Colisão Traseira;2;2;;;;;1
09/12/2018;14:11:00;107;sem vítima;909,7;BR-116/BA;Norte;Engavetamento;2;3;;;;;1
09/12/2018;15:52:00;137;sem vítima;836,9;BR-116/BA;Norte;Engavetamento;1;3;;;;;1
09/12/2018;17:10:00;162;sem vítima;563,9;BR-324/BA;Leste;Saida de Pista;1;1;;;;;1
09/12/2018;21:58:00;212;com vítima;641,7;BR-116/BA;Sul;Saida de Pista;1;0;1;;;;1
10/12/2018;08:15:00;88;com vítima;526,1;BR-324/BA;Leste;Engavetamento;1;3;2;;;;1
10/12/2018;21:04:00;253;sem vítima;561,5;BR-324/BA;Oeste;Saida de Pista;3;3;;;;;1
11/12/2018;08:55:00;57;sem vítima;614;BR-324/BA;Leste;Colisão Lateral;1;4;;;;;1
11/12/2018;14:07:00;114;com vítima;611;BR-324/BA;Leste;Sequência;1;3;;1;;;2
11/12/2018;14:36:00;119;com vítima;845,1;BR-116/BA;Norte;Colisão Lateral;2;0;1;;;1;3
11/12/2018;16:45:00;150;sem vítima;828,2;BR-116/BA;Norte;Colisão Traseira;1;2;;;;;1
11/12/2018;23:11:00;209;sem vítima;750;BR-116/BA;Norte;Atropelamento de Animal;1;1;;;;;1
13/12/2018;08:52:00;72;sem vítima;561;BR-324/BA;Leste;Colisão Transversal;1;2;;;;;1
13/12/2018;16:57:00;179;sem vítima;841;BR-116/BA;Sul;Colisão Lateral;2;2;;;;;1
13/12/2018;17:18:00;185;com vítima;604;BR-116/BA;Norte;Colisão Lateral;2;1;1;;;;1
14/12/2018;04:20:00;12;sem vítima;581;BR-116/BA;Sul;Colisão Traseira;1;3;;;;;1
14/12/2018;04:44:00;15;com vítima;450;BR-116/BA;Sul;Colisão Frontal;2;1;;2;;;2
14/12/2018;08:06:00;54;sem vítima;729,3;BR-116/BA;Sul;Engavetamento;1;3;;;;;1
14/12/2018;08:45:00;72;com vítima;786,9;BR-116/BA;Norte;Atropelamento de Pedestre;1;1;;;1;;2
14/12/2018;09:00:00;78;com vítima;618,2;BR-324/BA;Oeste;Colisão Transversal;1;5;2;;;;1
14/12/2018;11:17:00;125;sem vítima;585;BR-324/BA;Oeste;Engavetamento;1;3;;;;;1
14/12/2018;16:15:00;187;sem vítima;685,6;BR-116/BA;Sul;Engavetamento;3;3;;;;;1
14/12/2018;18:15:00;227;sem vítima;459;BR-116/BA;Sul;Saida de Pista;1;1;;;;;1
15/12/2018;03:23:00;14;sem vítima;636;BR-116/BA;Norte;Colisão Traseira;1;2;;;;;1
15/12/2018;12:16:00;124;sem vítima;522,8;BR-324/BA;Leste;Tombamento;1;1;;;;;1
15/12/2018;13:22:00;139;com vítima;814,5;BR-116/BA;Sul;Colisão Lateral;2;1;;;;1;3
15/12/2018;22:30:00;247;sem vítima;523,2;BR-324/BA;Leste;Colisão Lateral;1;5;;;;;1
16/12/2018;06:10:00;13;sem vítima;796,9;BR-116/BA;Sul;Colisão Lateral;2;2;;;;;1
16/12/2018;10:13:00;60;sem vítima;496,5;BR-116/BA;Norte;Colisão Traseira;1;3;;;;;1
16/12/2018;11:01:00;72;sem vítima;864;BR-116/BA;Sul;Colisão Traseira;2;2;;;;;1
16/12/2018;12:59:00;103;com vítima;818;BR-116/BA;Norte;Colisão Lateral;1;1;1;;;;1
16/12/2018;15:58:00;143;sem vítima;845;BR-116/BA;Norte;Colisão Traseira;2;2;;;;;1
16/12/2018;21:32:00;215;com vítima;892;BR-116/BA;Norte;Colisão Transversal;2;1;1;;;;1
17/12/2018;00:33:00;2;sem vítima;643;BR-116/BA;Norte;Saida de Pista;1;1;;;;;1
17/12/2018;22:09:00;270;sem vítima;495;BR-116/BA;Sul;Tombamento;1;1;;;;;1
18/12/2018;00:12:00;1;com vítima;719;BR-116/BA;Norte;Tombamento;1;0;;;;1;3
18/12/2018;02:33:00;15;sem vítima;531,5;BR-116/BA;Sul;Colisão Traseira;1;5;;;;;1
18/12/2018;13:02:00;137;com vítima;907;BR-116/BA;Norte;Colisão Traseira;1;3;1;;;;1
18/12/2018;17:25:00;191;sem vítima;678,5;BR-116/BA;Norte;Colisão Traseira;2;2;;;;;1
18/12/2018;22:37:00;243;sem vítima;505;BR-116/BA;Sul;Engavetamento;1;4;;;;;1
19/12/2018;09:26:00;80;sem vítima;619,8;BR-324/BA;Leste;Engavetamento;1;5;;;;;1
19/12/2018;14:05:00;137;com vítima;461;BR-116/BA;Sul;Colisão Transversal;1;2;;;;1;3
19/12/2018;17:47:00;191;sem vítima;801;BR-116/BA;Norte;Colisão Traseira;2;2;;;;;1
20/12/2018;05:32:00;17;sem vítima;851,1;BR-116/BA;Norte;Engavetamento;2;4;;;;;1
20/12/2018;06:21:00;24;com vítima;588,5;BR-324/BA;Leste;Colisão Traseira;2;2;1;1;1;;2
20/12/2018;11:49:00;118;com vítima;616,2;BR-116/BA;Sul;Colisão Traseira;2;2;1;;;;1
20/12/2018;14:43:00;153;sem vítima;551;BR-324/BA;Oeste;Colisão Traseira;1;3;;;;;1
20/12/2018;16:58:00;192;com vítima;25,8;BR-116/BA - Cont VC;Sul;Atropelamento de Pedestre;1;1;;;;1;3
20/12/2018;22:25:00;253;sem vítima;555;BR-324/BA;Oeste;Colisão Lateral;1;3;;;;;1
21/12/2018;07:28:00;73;sem vítima;527;BR-116/BA;Norte;Engavetamento;2;4;;;;;1
21/12/2018;09:42:00;109;com vítima;676;BR-116/BA;Sul;Sequência;3;4;;1;;;2
21/12/2018;14:40:00;184;sem vítima;540,2;BR-324/BA;Oeste;Engavetamento;1;5;;;;;1
22/12/2018;05:43:00;34;sem vítima;448;BR-116/BA;Sul;Colisão Lateral;1;2;;;;;1
22/12/2018;06:15:00;39;sem vítima;540,3;BR-116/BA;Sul;Engavetamento;3;3;;;;;1
23/12/2018;06:46:00;49;sem vítima;863,1;BR-116/BA;Sul;Engavetamento;2;5;;;;;1
23/12/2018;22:27:00;253;sem vítima;835;BR-116/BA;Norte;Colisão Lateral;1;5;;;;;1
24/12/2018;07:43:00;46;com vítima;673,2;BR-116/BA;Norte;Engavetamento;2;6;1;;;;1
25/12/2018;15:27:00;77;com vítima;439;BR-116/BA;Sul;Saida de Pista;1;0;;1;;;2
26/12/2018;17:28:00;218;sem vítima;598;BR-324/BA;Oeste;Colisão Traseira;1;6;;;;;1
26/12/2018;22:30:00;265;com vítima;572;BR-324/BA;Oeste;Saida de Pista;2;1;1;;;;1
27/12/2018;15:21:00;140;sem vítima;0;BR-116/BA - ContSuFS;Norte;Colisão Lateral;1;3;;;;;1
28/12/2018;06:55:00;30;sem vítima;541,7;BR-324/BA;Leste;Colisão Traseira;1;5;;;;;1
29/12/2018;15:34:00;132;sem vítima;551;BR-324/BA;Leste;Engavetamento;1;3;;;;;1
29/12/2018;16:10:00;139;sem vítima;523;BR-324/BA;Leste;Engavetamento;1;8;;;;;1
31/12/2018;11:04:00;75;sem vítima;757;BR-116/BA;Norte;Colisão Lateral;1;3;;;;;1
01/02/2019;15:25:00;162;sem vítima;460;BR-116/BA;Sul;Engavetamento;1;6;;;;;1
01/02/2019;16:47:00;189;sem vítima;833;BR-116/BA;Sul;Colisão Traseira;1;5;;;;;1
01/02/2019;19:51:00;231;com vítima;565;BR-324/BA;Oeste;Tombamento;1;0;;;1;;2
02/02/2019;20:16:00;186;sem vítima;517;BR-116/BA;Sul;Colisão Traseira;1;3;;;;;1
03/02/2019;08:33:00;32;sem vítima;611,3;BR-116/BA;Norte;Colisão Traseira;1;2;;;;;1
03/02/2019;09:55:00;52;com vítima;909,4;BR-116/BA;Sul;Colisão Traseira;2;3;3;;;;1
04/02/2019;06:10:00;27;sem vítima;599;BR-324/BA;Leste;Engavetamento;1;8;;;;;1
04/02/2019;07:34:00;50;sem vítima;524;BR-324/BA;Oeste;Colisão Traseira;1;2;;;;;1
04/02/2019;08:18:00;65;sem vítima;15,3;BR-116/BA - Cont VC;Norte;Colisão Traseira;1;2;;;;;1
05/02/2019;07:38:00;46;sem vítima;687,5;BR-116/BA;Norte;Engavetamento;2;3;;;;;1
05/02/2019;09:00:00;68;com vítima;616;BR-324/BA;Leste;Colisão Traseira;1;2;1;;;;1
05/02/2019;12:10:00;111;sem vítima;461;BR-116/BA;Sul;Colisão Traseira;1;5;;;;;1
05/02/2019;14:40:00;137;sem vítima;616;BR-324/BA;Oeste;Colisão Traseira;2;2;;;;;1
06/02/2019;05:54:00;12;sem vítima;461;BR-116/BA;Sul;Colisão Lateral;1;3;;;;;1
06/02/2019;11:57:00;103;sem vítima;449;BR-116/BA;Sul;Colisão Traseira;2;2;;;;;1
06/02/2019;16:36:00;160;sem vítima;518,5;BR-324/BA;Oeste;Tombamento;1;1;;;;;1
06/02/2019;17:52:00;179;sem vítima;569;BR-324/BA;Oeste;Colisão Lateral;1;3;;;;;1
06/02/2019;18:39:00;190;sem vítima;565;BR-324/BA;Oeste;Atropelamento de Animal;1;2;;;;;1
06/02/2019;21:30:00;226;sem vítima;426,2;BR-116/BA;Norte;Saida de Pista;1;1;;;;;1
07/02/2019;18:19:00;175;sem vítima;533,9;BR-324/BA;Oeste;Colisão Traseira;1;2;;;;;1
08/02/2019;08:09:00;38;sem vítima;5,1;BR-116/BA - ContSuFS;Norte;Colisão Lateral;1;2;;;;;1
08/02/2019;09:37:00;68;sem vítima;738,7;BR-116/BA;Norte;Engavetamento;2;8;;;;;1
08/02/2019;18:48:00;193;com vítima;9,5;BR-116/BA - Cont VC;Norte;Colisão Frontal;1;1;;;;1;3
09/02/2019;04:32:00;14;com vítima;551;BR-324/BA;Oeste;Colisão Traseira;1;1;;1;;;2
09/02/2019;04:54:00;16;com vítima;541;BR-116/BA;Sul;Colisão Traseira;1;39;;;;2;3
10/02/2019;16:59:00;140;sem vítima;8;BR-116/BA - Cont VC;Sul;Tombamento;1;1;;;;;1
10/02/2019;19:45:00;170;sem vítima;508;BR-116/BA;Norte;Saida de Pista;1;1;;;;;1
11/02/2019;01:18:00;5;com vítima;814,5;BR-116/BA;Norte;Colisão Traseira;1;4;;;;1;3
11/02/2019;02:38:00;10;com vítima;429,5;BR-116/BA;Norte;Colisão Lateral;1;2;1;;;;1
11/02/2019;07:44:00;53;com vítima;614,3;BR-324/BA;Oeste;Colisão Traseira;1;3;1;;;;1
11/02/2019;12:57:00;141;com vítima;747;BR-116/BA;Sul;Colisão Traseira;1;1;1;;;;1
11/02/2019;15:17:00;182;com vítima;572,8;BR-116/BA;Norte;Colisão Frontal;1;26;;;2;;2
12/02/2019;09:06:00;78;sem vítima;819;BR-116/BA;Norte;Tombamento;1;1;;;;;1
13/02/2019;07:12:00;22;sem vítima;520;BR-324/BA;Leste;Saida de Pista;1;1;;;;;1
14/02/2019;16:37:00;152;sem vítima;1;BR-116/BA - ContSuFS;Norte;Choque Contra Objeto Fixo;1;3;;;;;1
15/02/2019;08:38:00;63;sem vítima;6,5;BR-116/BA - ContSuFS;Norte;Colisão Lateral;1;3;;;;;1
15/02/2019;09:11:00;72;sem vítima;6,5;BR-116/BA - ContSuFS;Norte;Colisão Lateral;1;2;;;;;1
15/02/2019;18:13:00;183;com vítima;612;BR-324/BA;Leste;Colisão Traseira;1;1;2;;;;1
16/02/2019;19:36:00;190;com vítima;567,4;BR-116/BA;Norte;Saida de Pista;1;0;1;;;;1
18/02/2019;09:00:00;83;sem vítima;640,6;BR-116/BA;Norte;Saida de Pista;1;1;;;;;1
18/02/2019;10:32:00;129;sem vítima;570,8;BR-324/BA;Leste;Tombamento;1;1;;;;;1
18/02/2019;16:42:00;233;sem vítima;571;BR-324/BA;Oeste;Colisão Traseira;2;2;;;;;1
18/02/2019;23:23:00;305;sem vítima;807,4;BR-116/BA;Norte;Saida de Pista;1;1;;;;;1
19/02/2019;10:09:00;88;com vítima;625,7;BR-324/BA;Oeste;Atropelamento de Pedestre;1;1;;;1;;2
19/02/2019;13:57:00;128;sem vítima;567;BR-116/BA;Norte;Colisão Transversal;1;3;;;;;1
19/02/2019;14:35:00;134;sem vítima;551;BR-324/BA;Oeste;Colisão Traseira;1;2;;;;;1
19/02/2019;21:20:00;242;sem vítima;427;BR-116/BA;Norte;Tombamento;1;2;;;;;1
20/02/2019;04:07:00;18;sem vítima;28;BR-116/BA - Cont VC;Sul;Atropelamento de Animal;1;1;;;;;1
21/02/2019;05:11:00;25;com vítima;579;BR-116/BA;Sul;Colisão Traseira;2;6;1;;;;1
21/02/2019;09:53:00;92;sem vítima;815,3;BR-116/BA;Sul;Engavetamento;2;5;;;;;1
22/02/2019;11:28:00;100;sem vítima;586,5;BR-324/BA;Oeste;Colisão Traseira;1;2;;;;;1
24/02/2019;03:11:00;7;sem vítima;617;BR-324/BA;Oeste;Saida de Pista;1;1;;;;;1
24/02/2019;04:28:00;12;com vítima;638,5;BR-116/BA;Sul;Tombamento;1;0;;1;;;2
25/02/2019;11:27:00;151;sem vítima;626,2;BR-324/BA;Oeste;Colisão Traseira;1;2;;;;;1
25/02/2019;12:39:00;166;com vítima;565,8;BR-324/BA;Oeste;Tombamento;1;1;1;;;;1
25/02/2019;13:30:00;175;sem vítima;613,9;BR-324/BA;Leste;Choque Contra Objeto Fixo;1;1;;;;;1
25/02/2019;14:53:00;205;sem vítima;525;BR-116/BA;Sul;Tombamento;1;1;;;;;1
27/02/2019;07:45:00;53;sem vítima;619,7;BR-324/BA;Leste;Engavetamento;1;5;;;;;1
27/02/2019;08:44:00;68;sem vítima;616;BR-324/BA;Leste;Engavetamento;2;8;;;;;1
27/02/2019;11:00:00;119;sem vítima;614;BR-324/BA;Leste;Colisão Lateral;1;2;;;;;1
27/02/2019;11:35:00;124;sem vítima;537;BR-324/BA;Oeste;Colisão Lateral;2;3;;;;;1
27/02/2019;16:59:00;200;sem vítima;5;BA-526;Sul;Colisão Traseira;1;2;;;;;1
28/02/2019;05:54:00;14;sem vítima;598;BR-324/BA;Oeste;Colisão Traseira;1;5;;;;;1
28/02/2019;09:46:00;72;sem vítima;574;BR-324/BA;Leste;Colisão Lateral;1;2;;;;;1
01/03/2019;09:51:00;103;sem vítima;26,5;BR-116/BA - Cont VC;Norte;Colisão Lateral;1;2;;;;;1
02/03/2019;14:15:00;99;sem vítima;519,5;BR-324/BA;Leste;Colisão Lateral;1;2;;;;;1
03/03/2019;16:40:00;133;sem vítima;597,2;BR-116/BA;Norte;Saida de Pista;1;1;;;;;1
03/03/2019;20:35:00;159;com vítima;784;BR-116/BA;Norte;Colisão Transversal;1;1;1;;;;1
04/03/2019;15:13:00;130;sem vítima;494;BR-116/BA;Norte;Colisão Lateral;2;2;;;;;1
06/03/2019;00:37:00;6;com vítima;596,7;BR-324/BA;Leste;Colisão Traseira;1;1;1;;;;1
07/03/2019;19:03:00;198;sem vítima;622;BR-324/BA;Leste;Colisão Lateral;1;2;;;;;1
08/03/2019;16:01:00;161;sem vítima;29;BR-116/BA - Cont VC;Norte;Colisão Traseira;1;3;;;;;1
09/03/2019;13:16:00;99;sem vítima;597,05;BR-116/BA;Norte;Saida de Pista;1;1;;;;;1
09/03/2019;14:16:00;111;com vítima;552,3;BR-116/BA;Sul;Saida de Pista;1;3;1;;;;1
10/03/2019;02:51:00;15;sem vítima;530;BR-324/BA;Oeste;Tombamento;1;1;;;;;1
10/03/2019;18:37:00;155;sem vítima;620,4;BR-324/BA;Leste;Tombamento;1;2;;;;;1
11/03/2019;06:29:00;29;sem vítima;468,6;BR-116/BA;Norte;Colisão Lateral;1;2;;;;;1
11/03/2019;08:49:00;84;sem vítima;608;BR-324/BA;Leste;Colisão Traseira;2;2;;;;;1
12/03/2019;07:57:00;52;sem vítima;765;BR-116/BA;Sul;Colisão Traseira;3;6;;;;;1
12/03/2019;08:09:00;55;sem vítima;581;BR-324/BA;Leste;Colisão Lateral;1;2;;;;;1
12/03/2019;12:24:00;135;sem vítima;587,2;BR-324/BA;Oeste;Colisão Traseira;1;2;;;;;1
12/03/2019;18:35:00;214;sem vítima;540,8;BR-116/BA;Sul;Colisão Lateral;1;2;;;;;1
13/03/2019;06:55:00;46;sem vítima;615,6;BR-324/BA;Leste;Saida de Pista;1;1;;;;;1
13/03/2019;10:53:00;110;com vítima;16;BR-116/BA - Cont VC;Sul;Colisão Transversal;1;1;;1;;;2
13/03/2019;15:08:00;174;sem vítima;873;BR-116/BA;Sul;Colisão Traseira;1;17;;;;;1
14/03/2019;05:14:00;22;com vítima;735,6;BR-116/BA;Sul;Colisão Frontal;1;1;2;1;1;;2
14/03/2019;08:22:00;83;sem vítima;520;BR-324/BA;Leste;;1;2;;;;;1
15/03/2019;17:08:00;187;sem vítima;615;BR-324/BA;Oeste;Colisão Traseira;2;5;;;;;1
16/03/2019;05:59:00;20;sem vítima;469;BR-116/BA;Sul;Choque Contra Objeto Fixo;1;1;;;;;1
16/03/2019;07:22:00;31;sem vítima;819;BR-116/BA;Norte;Tombamento;1;1;;;;;1
16/03/2019;09:48:00;57;sem vítima;533;BR-324/BA;Leste;Colisão Traseira;2;3;;;;;1
16/03/2019;11:47:00;94;sem vítima;583,1;BR-324/BA;Oeste;Colisão Lateral;1;3;;;;;1
16/03/2019;17:25:00;168;com vítima;929,4;BR-116/BA;Norte;Colisão Transversal;1;1;;;;1;3
17/03/2019;14:52:00;87;com vítima;778,9;BR-116/BA;Sul;Colisão Frontal;1;1;;1;;;2
17/03/2019;16:41:00;112;sem vítima;779;BR-116/BA;Norte;Engavetamento;2;41;;;;;1
17/03/2019;17:04:00;120;sem vítima;592;BR-324/BA;Leste;Colisão Traseira;1;6;;;;;1
18/03/2019;04:03:00;17;com vítima;888;BR-116/BA;Sul;Saida de Pista;1;0;1;;;;1
18/03/2019;09:19:00;77;sem vítima;613,5;BR-324/BA;Leste;Colisão Lateral;1;2;;;;;1
18/03/2019;12:41:00;137;com vítima;540,7;BR-116/BA;Sul;Sequência;2;4;;1;;1;3
18/03/2019;15:01:00;181;sem vítima;803,5;BR-116/BA;Sul;Saida de Pista;1;1;;;;;1
19/03/2019;09:09:00;79;sem vítima;559;BR-324/BA;Leste;Colisão Lateral;1;3;;;;;1
19/03/2019;12:20:00;141;com vítima;613;BR-324/BA;Leste;Colisão Traseira;1;1;1;;;;1
19/03/2019;16:30:00;205;com vítima;818,05;BR-116/BA;Sul;Colisão Frontal;1;1;;1;;;2
19/03/2019;18:49:00;234;com vítima;611,3;BR-116/BA;Sul;Saida de Pista;1;0;;;;1;3
20/03/2019;12:39:00;148;sem vítima;556,4;BR-324/BA;Oeste;Colisão Lateral;1;5;;;;;1
21/03/2019;18:52:00;240;com vítima;548;BR-324/BA;Leste;Tombamento;1;1;1;;;;1
21/03/2019;19:11:00;243;sem vítima;548;BR-324/BA;Leste;Engavetamento;3;3;;;;;1
22/03/2019;09:48:00;84;sem vítima;627,2;BR-116/BA;Sul;Colisão Traseira;2;2;;;;;1
22/03/2019;12:50:00;132;com vítima;921;BR-116/BA;Norte;Sequência;3;26;3;;;;1
22/03/2019;15:43:00;176;sem vítima;440;BR-116/BA;Sul;Tombamento;1;1;;;;;1
22/03/2019;16:16:00;183;com vítima;462,8;BR-116/BA;Sul;Atropelamento de Pedestre;1;1;;;1;;2
22/03/2019;18:15:00;203;sem vítima;578;BR-324/BA;Oeste;Colisão Traseira;1;2;;;;;1
22/03/2019;22:18:00;235;com vítima;19;BR-116/BA - Cont VC;Sul;Colisão Frontal;1;2;;;;1;3
22/03/2019;23:26:00;245;sem vítima;427;BR-116/BA;Sul;Colisão Traseira;1;32;;;;;1
23/03/2019;02:33:00;14;sem vítima;602;BR-116/BA;Norte;Colisão Lateral;1;6;;;;;1
23/03/2019;14:38:00;133;com vítima;525;BR-324/BA;Oeste;Saida de Pista;1;1;;;1;;2
24/03/2019;07:55:00;55;sem vítima;565;BR-324/BA;Oeste;Saida de Pista;1;3;;;;;1
24/03/2019;08:14:00;58;sem vítima;803,1;BR-116/BA;Sul;Saida de Pista;1;1;;;;;1
24/03/2019;09:30:00;72;sem vítima;804;BR-116/BA;Sul;Colisão Traseira;2;3;;;;;1
24/03/2019;17:10:00;163;sem vítima;502,2;BR-116/BA;Norte;Saida de Pista;1;1;;;;;1
25/03/2019;03:28:00;12;com vítima;670,8;BR-116/BA;Norte;Colisão Traseira;1;2;;;;1;3
25/03/2019;09:48:00;74;sem vítima;551,8;BR-324/BA;Leste;Saida de Pista;1;1;;;;;1
25/03/2019;18:35:00;199;sem vítima;859,8;BR-116/BA;Norte;Engavetamento;1;6;;;;;1
26/03/2019;09:46:00;75;sem vítima;807;BR-116/BA;Norte;Saida de Pista;1;1;;;;;1
26/03/2019;16:32:00;174;com vítima;454;BR-116/BA;Sul;Colisão Transversal;1;1;;2;;;2
26/03/2019;18:28:00;204;com vítima;490,1;BR-116/BA;Norte;Colisão Traseira;1;1;;1;;;2
27/03/2019;15:59:00;187;sem vítima;3;BR-116/BA - Cont VC;Sul;Colisão Transversal;1;2;;;;;1
27/03/2019;16:42:00;202;sem vítima;614;BR-116/BA;Sul;Saida de Pista;1;1;;;;;1
27/03/2019;16:42:00;231;sem vítima;614;BR-116/BA;Sul;Saida de Pista;1;1;;;;;1
28/03/2019;08:05:00;68;sem vítima;550;BR-324/BA;Leste;Colisão Lateral;1;3;;;;;1
28/03/2019;16:13:00;198;com vítima;545,5;BR-116/BA;Sul;Colisão Lateral;1;3;2;;;;1
29/03/2019;07:16:00;41;sem vítima;574;BR-324/BA;Leste;Tombamento;1;1;;;;;1
29/03/2019;10:41:00;98;sem vítima;775;BR-116/BA;Sul;Colisão Transversal;1;2;;;;;1
29/03/2019;11:40:00;110;sem vítima;494;BR-116/BA;Sul;Colisão Lateral;1;3;;;;;1
29/03/2019;15:17:00;158;sem vítima;559;BR-324/BA;Leste;Colisão Lateral;1;2;;;;;1
29/03/2019;16:00:00;170;sem vítima;571;BR-324/BA;Oeste;Saida de Pista;1;1;;;;;1
29/03/2019;21:16:00;239;sem vítima;3,5;BR-116/BA - ContSuFS;Sul;Tombamento;1;1;;;;;1
29/03/2019;23:24:00;256;sem vítima;615;BR-324/BA;Leste;Colisão Traseira;2;3;;;;;1
30/03/2019;06:10:00;12;sem vítima;804,5;BR-116/BA;Sul;Tombamento;1;1;;;;;1
30/03/2019;06:53:00;21;sem vítima;922,5;BR-116/BA;Sul;Colisão Traseira;2;2;;;;;1
30/03/2019;07:17:00;28;sem vítima;922,5;BR-116/BA;Norte;Colisão Lateral;3;4;;;;;1
30/03/2019;08:34:00;47;sem vítima;565;BR-324/BA;Oeste;Saida de Pista;1;3;;;;;1
30/03/2019;10:08:00;66;sem vítima;576;BR-324/BA;Leste;Saida de Pista;1;1;;;;;1
31/03/2019;03:16:00;15;sem vítima;433;BR-116/BA;Norte;Tombamento;1;1;;;;;1
31/03/2019;18:42:00;156;sem vítima;532;BR-324/BA;Leste;Colisão Lateral;1;2;;;;;1
01/01/2019;14:18:00;71;com vítima;440,5;BR-116/BA;Sul;Saida de Pista;1;1;;1;;;2
02/01/2019;11:37:00;131;sem vítima;595;BR-324/BA;Oeste;Colisão Lateral;1;2;;;;;1
02/01/2019;13:34:00;164;sem vítima;599;BR-324/BA;Oeste;Colisão Traseira;1;6;;;;;1
03/01/2019;09:10:00;71;sem vítima;577;BR-116/BA;Norte;Colisão Transversal;1;2;;;;;1
03/01/2019;17:12:00;190;sem vítima;510,3;BR-116/BA;Norte;Colisão Traseira;1;2;;;;;1
04/01/2019;13:56:00;132;sem vítima;447;BR-116/BA;Sul;Colisão Traseira;1;3;;;;;1
04/01/2019;14:39:00;148;com vítima;601,7;BR-324/BA;Leste;Engavetamento;2;1;;;3;;2
05/01/2019;15:05:00;106;sem vítima;527,15;BR-324/BA;Leste;Colisão Traseira;1;2;;;;;1
05/01/2019;19:22:00;161;sem vítima;556;BR-116/BA;Sul;Tombamento;1;1;;;;;1
06/01/2019;21:10:00;178;com vítima;453,5;BR-116/BA;Sul;Colisão Lateral;1;21;;1;;;2
07/01/2019;00:37:00;2;sem vítima;779;BR-116/BA;Sul;Colisão Lateral;2;2;;;;;1
07/01/2019;08:18:00;60;sem vítima;622;BR-324/BA;Leste;Engavetamento;1;4;;;;;1
07/01/2019;08:47:00;71;sem vítima;460;BR-116/BA;Sul;Colisão Transversal;1;2;;;;;1
07/01/2019;17:32:00;182;com vítima;797,5;BR-116/BA;Norte;Colisão Lateral;1;2;1;;;;1
08/01/2019;07:46:00;36;sem vítima;526,5;BR-324/BA;Oeste;Colisão Transversal;1;3;;;;;1
10/01/2019;03:05:00;7;sem vítima;516;BR-116/BA;Sul;Colisão Lateral;2;2;;;;;1
10/01/2019;14:44:00;154;sem vítima;595;BR-324/BA;Leste;Colisão Traseira;1;2;;;;;1
11/01/2019;06:58:00;38;com vítima;585,2;BR-324/BA;Oeste;Colisão Traseira;1;2;1;;;;1
11/01/2019;17:10:00;188;sem vítima;566;BR-116/BA;Sul;Colisão Traseira;2;2;;;;;1
12/01/2019;11:18:00;88;sem vítima;16,5;BR-116/BA - Cont VC;Norte;Colisão Transversal;1;2;;;;;1