data;horario;n_da_ocorrencia;tipo_de_ocorrencia;km;trecho;sentido;tipo_de_acidente;caminhao;ilesos;levemente_feridos;moderadamente_feridos;gravemente_feridos;mortos;3
16/10/2019;19:52:00;241;com vítima;500;BR-116/BA;Norte;Colisão Frontal;4;4;;1;;2;3
17/10/2019;10:55:00;106;sem vítima;525;BR-324/BA;Leste;Saida de Pista;1;1;;;;;1
18/10/2019;09:13:00;92;com vítima;538;BR-324/BA;Oeste;Atropelamento de Pedestre;1;1;1;;;;1
18/10/2019;17:57:00;232;sem vítima;622,1;BR-324/BA;Oeste;Engavetamento;1;3;;;;;1
18/10/2019;20:15:00;260;sem vítima;756,5;BR-116/BA;Sul;Colisão Lateral;1;2;;;;;1
19/10/2019;06:56:00;34;sem vítima;847,2;BR-116/BA;Norte;Engavetamento;2;12;;;;;1
19/10/2019;10:59:00;72;sem vítima;929;BR-116/BA;Sul;Colisão Traseira;1;5;;;;;1
19/10/2019;12:55:00;95;sem vítima;526;BR-324/BA;Oeste;Colisão Lateral;1;2;;;;;1
19/10/2019;14:30:00;112;sem vítima;615,5;BR-324/BA;Oeste;Colisão Lateral;1;3;;;;;1
19/10/2019;14:54:00;115;sem vítima;913,5;BR-116/BA;Sul;Colisão Traseira;2;2;;;;;1
20/10/2019;09:45:00;62;sem vítima;862,2;BR-116/BA;Norte;Sequência;4;4;;;;;1
20/10/2019;16:51:00;156;sem vítima;837;BR-116/BA;Norte;Colisão Traseira;1;2;;;;;1
21/10/2019;18:51:00;240;sem vítima;458,3;BR-116/BA;Sul;Colisão Traseira;2;2;;;;;1
21/10/2019;23:04:00;279;sem vítima;819;BR-116/BA;Norte;Colisão Lateral;1;3;;;;;1
22/10/2019;06:14:00;14;sem vítima;544,7;BR-116/BA;Norte;Colisão Traseira;1;3;;;;;1
22/10/2019;07:27:00;40;sem vítima;827;BR-116/BA;Norte;Colisão Frontal;1;3;;;;;1
22/10/2019;13:59:00;148;com vítima;717;BR-116/BA;Norte;Tombamento;1;0;1;;;;1
23/10/2019;05:54:00;16;sem vítima;910,4;BR-116/BA;Sul;Saida de Pista;1;2;;;;;1
23/10/2019;13:59:00;140;sem vítima;586,9;BR-324/BA;Leste;Saida de Pista;1;1;;;;;1
24/10/2019;12:38:00;116;sem vítima;518;BR-324/BA;Oeste;Engavetamento;1;5;;;;;1
24/10/2019;13:07:00;124;com vítima;778;BR-116/BA;Sul;Colisão Frontal;1;1;;;;1;3
24/10/2019;15:46:00;162;sem vítima;619,5;BR-324/BA;Leste;Colisão Lateral;1;2;;;;;1
25/10/2019;04:57:00;14;sem vítima;623;BR-324/BA;Leste;Colisão Lateral;1;4;;;;;1
25/10/2019;09:54:00;97;sem vítima;608,2;BR-324/BA;Oeste;Tombamento;1;1;;;;;1
25/10/2019;22:32:00;252;com vítima;790,2;BR-116/BA;Sul;Colisão Frontal;2;2;2;;;1;3
26/10/2019;07:26:00;44;sem vítima;573,5;BR-324/BA;Leste;Saida de Pista;1;2;;;;;1
26/10/2019;10:00:00;86;sem vítima;548;BR-116/BA;Sul;Saida de Pista;1;1;;;;;1
26/10/2019;15:10:00;154;com vítima;852,1;BR-116/BA;Norte;Engavetamento;3;2;;1;;;2
26/10/2019;23:37:00;258;sem vítima;471;BR-116/BA;Norte;Saida de Pista;1;2;;;;;1
27/10/2019;00:10:00;3;com vítima;530;BR-324/BA;Oeste;Tombamento;1;0;2;;;;1
27/10/2019;20:04:00;170;sem vítima;638,2;BR-116/BA;Sul;Tombamento;1;1;;;;;1
28/10/2019;02:33:00;11;sem vítima;533,2;BR-324/BA;Leste;Tombamento;1;1;;;;;1
28/10/2019;10:01:00;96;sem vítima;599;BR-324/BA;Oeste;Colisão Traseira;1;4;;;;;1
28/10/2019;15:01:00;158;com vítima;894,4;BR-116/BA;Sul;Colisão Transversal;1;2;1;;;;1
28/10/2019;16:13:00;171;sem vítima;531;BR-324/BA;Leste;Colisão Lateral;1;4;;;;;1
29/10/2019;03:55:00;12;com vítima;433,2;BR-116/BA;Norte;Tombamento;1;1;1;;;;1
30/10/2019;15:39:00;181;com vítima;521,3;BR-324/BA;Leste;Colisão Traseira;1;2;;2;;;2
30/10/2019;17:44:00;212;sem vítima;551,1;BR-324/BA;Oeste;Colisão Traseira;1;2;;;;;1
31/10/2019;05:32:00;16;sem vítima;584;BR-116/BA;Sul;Colisão Lateral;2;3;;;;;1
31/10/2019;05:59:00;20;sem vítima;566;BR-116/BA;Sul;Colisão Lateral;1;2;;;;;1
31/10/2019;09:21:00;94;sem vítima;442;BR-116/BA;Norte;Saida de Pista;1;1;;;;;1
31/10/2019;10:16:00;107;sem vítima;442;BR-116/BA;Sul;Colisão Lateral;1;2;;;;;1
31/10/2019;19:36:00;246;sem vítima;616;BR-324/BA;Oeste;Colisão Lateral;1;2;;;;;1
02/11/2019;06:04:00;23;sem vítima;524,1;BR-116/BA;Norte;Saida de Pista;1;1;;;;;1
02/11/2019;07:46:00;51;sem vítima;842;BR-116/BA;Norte;Colisão Traseira;1;4;;;;;1
02/11/2019;08:07:00;55;com vítima;8,1;BR-116/BA - Cont VC;Sul;Colisão Lateral;1;1;1;;;;1
03/11/2019;18:29:00;190;sem vítima;783;BR-116/BA;Sul;Engavetamento;2;3;;;;;1
04/11/2019;03:53:00;20;com vítima;571,6;BR-116/BA;Sul;Tombamento;1;0;1;;;;1
04/11/2019;06:40:00;45;com vítima;460,7;BR-116/BA;Sul;Colisão Frontal;1;1;;;1;1;3
04/11/2019;12:19:00;142;sem vítima;606;BR-324/BA;Leste;Colisão Traseira;1;2;;;;;1
04/11/2019;19:19:00;257;sem vítima;537;BR-324/BA;Oeste;Colisão Traseira;1;3;;;;;1
05/11/2019;05:00:00;13;com vítima;615,7;BR-324/BA;Leste;Colisão Traseira;1;1;;1;1;;2
05/11/2019;06:50:00;35;sem vítima;713,8;BR-116/BA;Norte;Colisão Traseira;2;2;;;;;1
06/11/2019;02:03:00;11;sem vítima;555,5;BR-116/BA;Norte;Saida de Pista;1;2;;;;;1
06/11/2019;08:12:00;66;com vítima;614,3;BR-324/BA;Leste;Colisão Traseira;1;4;1;;;;1
06/11/2019;09:55:00;100;sem vítima;460,2;BR-116/BA;Norte;Colisão Transversal;1;3;;;;;1
06/11/2019;12:13:00;134;com vítima;561;BR-324/BA;Leste;Saida de Pista;1;0;;1;;;2
06/11/2019;14:58:00;174;sem vítima;1;BR-116/BA - ContSuFS;Norte;Colisão Traseira;1;3;;;;;1
07/11/2019;05:32:00;23;sem vítima;551;BR-324/BA;Leste;Colisão Lateral;1;2;;;;;1
07/11/2019;16:07:00;199;sem vítima;600;BR-324/BA;Oeste;Colisão Lateral;1;2;;;;;1
07/11/2019;23:10:00;292;com vítima;487;BR-116/BA;Sul;Colisão Traseira;2;1;1;;;;1
08/11/2019;10:20:00;94;sem vítima;613;BR-324/BA;Leste;Colisão Traseira;1;2;;;;;1
08/11/2019;11:44:00;117;sem vítima;426,95;BR-116/BA;Norte;Colisão Traseira;1;2;;;;;1
09/11/2019;08:02:00;54;com vítima;644;BR-116/BA;Sul;Colisão Traseira;2;1;;1;;;2
09/11/2019;20:06:00;218;sem vítima;858;BR-116/BA;Sul;Colisão Lateral;1;3;;;;;1
10/11/2019;06:51:00;28;com vítima;546,1;BR-116/BA;Norte;Colisão Traseira;1;2;;;1;;2
10/11/2019;13:12:00;117;sem vítima;908,5;BR-116/BA;Norte;Colisão Traseira;2;2;;;;;1
11/11/2019;06:36:00;33;sem vítima;614,4;BR-324/BA;Leste;Colisão Traseira;1;3;;;;;1
13/11/2019;07:17:00;54;sem vítima;526,2;BR-324/BA;Leste;Colisão Lateral;1;2;;;;;1
13/11/2019;08:19:00;76;sem vítima;618;BR-324/BA;Leste;Colisão Transversal;1;5;;;;;1
13/11/2019;15:03:00;172;sem vítima;548;BR-324/BA;Leste;Saida de Pista;1;1;;;;;1
14/11/2019;21:34:00;287;sem vítima;571,8;BR-116/BA;Sul;Saida de Pista;1;1;;;;;1
15/11/2019;14:18:00;165;sem vítima;555;BR-324/BA;Leste;Colisão Lateral;1;2;;;;;1
16/11/2019;03:00:00;11;com vítima;579,5;BR-116/BA;Norte;Saida de Pista;1;0;1;;;;1
16/11/2019;09:42:00;69;sem vítima;481,8;BR-116/BA;Norte;Saida de Pista;1;1;;;;;1
17/11/2019;06:14:00;16;com vítima;891,9;BR-116/BA;Sul;Saida de Pista;1;0;1;;;;1
19/11/2019;07:27:00;64;sem vítima;521,5;BR-324/BA;Leste;Colisão Lateral;1;4;;;;;1
19/11/2019;11:22:00;142;sem vítima;559,2;BR-324/BA;Leste;Saida de Pista;1;1;;;;;1
19/11/2019;14:37:00;200;sem vítima;587;BR-324/BA;Leste;Choque Contra Objeto Fixo;1;1;;;;;1
20/11/2019;11:07:00;105;sem vítima;910,1;BR-116/BA;Norte;Saida de Pista;1;1;;;;;1
21/11/2019;05:13:00;15;sem vítima;859,5;BR-116/BA;Norte;Colisão Lateral;1;5;;;;;1
21/11/2019;10:58:00;105;com vítima;24,9;BR-116/BA - Cont VC;Sul;Colisão Transversal;1;1;1;;;;1
21/11/2019;22:52:00;230;com vítima;461,85;BR-116/BA;Sul;Saida de Pista;1;0;1;;;;1
22/11/2019;17:30:00;220;sem vítima;670,9;BR-116/BA;Sul;Colisão Traseira;2;2;;;;;1
24/11/2019;09:05:00;50;com vítima;910,5;BR-116/BA;Sul;Atropelamento - Ciclista;1;1;;;1;;2
24/11/2019;16:26:00;149;com vítima;574,4;BR-324/BA;Leste;Colisão Lateral;1;30;1;;1;;2
24/11/2019;18:40:00;180;sem vítima;546;BR-116/BA;Sul;Colisão Lateral;2;2;;;;;1
24/11/2019;22:56:00;211;sem vítima;470,3;BR-116/BA;Norte;Saida de Pista;1;1;;;;;1
25/11/2019;03:19:00;12;sem vítima;859;BR-116/BA;Norte;Atropelamento de Animal;1;1;;;;;1
25/11/2019;08:42:00;100;sem vítima;619;BR-324/BA;Leste;Colisão Traseira;1;2;;;;;1
25/11/2019;11:36:00;149;sem vítima;542;BR-324/BA;Oeste;Colisão Traseira;1;3;;;;;1
25/11/2019;18:04:00;255;sem vítima;742,3;BR-116/BA;Norte;Tombamento;1;1;;;;;1
26/11/2019;06:16:00;19;sem vítima;580;BR-324/BA;Oeste;Saida de Pista;1;1;;;;;1
26/11/2019;06:59:00;37;sem vítima;586;BR-324/BA;Leste;Colisão Lateral;2;3;;;;;1
26/11/2019;09:22:00;103;sem vítima;565,5;BR-324/BA;Oeste;Saida de Pista;1;4;;;;;1
26/11/2019;11:37:00;138;sem vítima;527;BR-324/BA;Oeste;Saida de Pista;1;1;;;;;1
27/11/2019;01:41:00;5;sem vítima;0;BR-116/BA - ContSuFS;Sul;Colisão Transversal;1;2;;;;;1
27/11/2019;06:14:00;25;sem vítima;560;BR-324/BA;Oeste;Colisão Lateral;1;2;;;;;1
28/11/2019;09:32:00;92;sem vítima;696,4;BR-116/BA;Sul;Saida de Pista;1;2;;;;;1
28/11/2019;10:56:00;115;com vítima;896,5;BR-116/BA;Sul;Saida de Pista;1;1;1;;;;1
28/11/2019;11:29:00;123;sem vítima;814,1;BR-116/BA;Sul;Engavetamento;2;10;;;;;1
29/11/2019;12:45:00;110;com vítima;609;BR-324/BA;Leste;Sequência;1;1;;;;1;3
29/11/2019;13:07:00;117;com vítima;647;BR-116/BA;Sul;Engavetamento;3;1;;1;;1;3
29/11/2019;20:57:00;235;sem vítima;524,5;BR-116/BA;Sul;Saida de Pista;1;1;;;;;1
30/11/2019;13:24:00;120;sem vítima;561;BR-324/BA;Oeste;Colisão Traseira;2;3;;;;;1
30/11/2019;23:04:00;221;sem vítima;669;BR-116/BA;Sul;Atropelamento de Animal;1;1;;;;;1
01/12/2019;03:08:00;7;sem vítima;652;BR-116/BA;Sul;Colisão Lateral;1;4;;;;;1
01/12/2019;10:45:00;73;sem vítima;840;BR-116/BA;Norte;Engavetamento;3;7;;;;;1
01/12/2019;12:21:00;90;sem vítima;850;BR-116/BA;Norte;Colisão Traseira;1;2;;;;;1
01/12/2019;14:40:00;117;com vítima;528,2;BR-116/BA;Norte;Engavetamento;2;10;;1;;;2
01/12/2019;20:08:00;179;com vítima;774;BR-116/BA;Norte;Colisão Traseira;1;1;1;;;;1
01/12/2019;23:11:00;214;sem vítima;447;BR-116/BA;Sul;Atropelamento de Animal;1;1;;;;;1
02/12/2019;10:01:00;112;sem vítima;817;BR-116/BA;Sul;Colisão Transversal;2;3;;;;;1
02/12/2019;13:52:00;177;sem vítima;667,1;BR-116/BA;Norte;Engavetamento;3;33;;;;;1
03/12/2019;04:11:00;21;sem vítima;588;BR-324/BA;Leste;Saida de Pista;1;1;;;;;1
03/12/2019;08:00:00;69;sem vítima;543;BR-116/BA;Norte;Colisão Lateral;2;2;;;;;1
03/12/2019;14:22:00;151;com vítima;14;BR-116/BA - Cont VC;Norte;Colisão Traseira;1;2;1;;;;1
03/12/2019;15:22:00;172;sem vítima;525,5;BR-324/BA;Oeste;Colisão Lateral;2;2;;;;;1
04/12/2019;10:06:00;85;sem vítima;591,5;BR-116/BA;Norte;Colisão Lateral;2;2;;;;;1
04/12/2019;10:10:00;89;sem vítima;534;BR-324/BA;Oeste;Colisão Traseira;2;2;;;;;1
04/12/2019;10:54:00;101;com vítima;577;BR-324/BA;Leste;Saida de Pista;1;0;;1;;;2
04/12/2019;14:59:00;149;sem vítima;602;BR-324/BA;Oeste;Colisão Lateral;1;7;;;;;1
05/12/2019;08:35:00;68;sem vítima;922,1;BR-116/BA;Sul;Engavetamento;1;31;;;;;1
06/12/2019;07:29:00;55;sem vítima;843;BR-116/BA;Sul;Colisão Traseira;2;2;;;;;1
06/12/2019;09:17:00;83;sem vítima;616;BR-324/BA;Leste;Colisão Traseira;1;3;;;;;1
07/12/2019;05:30:00;26;sem vítima;760;BR-116/BA;Sul;Engavetamento;2;3;;;;;1
07/12/2019;10:46:00;113;sem vítima;923,1;BR-116/BA;Sul;Engavetamento;1;37;;;;;1
07/12/2019;16:57:00;205;sem vítima;528,2;BR-116/BA;Norte;Colisão Traseira;1;2;;;;;1
09/12/2019;00:03:00;2;sem vítima;483;BR-116/BA;Sul;Colisão Lateral;1;33;;;;;1
09/12/2019;09:25:00;97;sem vítima;830;BR-116/BA;Sul;Colisão Lateral;1;2;;;;;1
09/12/2019;17:07:00;206;sem vítima;506,03;BR-116/BA;Sul;Engavetamento;3;4;;;;;1
09/12/2019;21:44:00;255;com vítima;494;BR-116/BA;Norte;Colisão Traseira;2;0;1;1;;;2
10/12/2019;04:43:00;8;sem vítima;668;BR-116/BA;Norte;Colisão Traseira;2;2;;;;;1
10/12/2019;06:30:00;24;sem vítima;595;BR-324/BA;Leste;Colisão Traseira;1;8;;;;;1
10/12/2019;11:30:00;113;sem vítima;9;BA-526;Norte;Colisão Traseira;2;2;;;;;1
10/12/2019;15:36:00;167;sem vítima;564;BR-324/BA;Oeste;Saida de Pista;1;1;;;;;1
11/12/2019;05:15:00;27;com vítima;737,7;BR-116/BA;Norte;Colisão Lateral;1;1;;1;;;2
11/12/2019;08:39:00;84;com vítima;653,8;BR-116/BA;Norte;Saida de Pista;1;0;;1;;;2
12/12/2019;12:36:00;143;sem vítima;599;BR-324/BA;Oeste;Colisão Traseira;1;10;;;;;1
12/12/2019;21:08:00;259;sem vítima;925,5;BR-116/BA;Sul;Atropelamento de Animal;1;1;;;;;1
13/12/2019;03:07:00;16;sem vítima;795,7;BR-116/BA;Norte;Saida de Pista;1;1;;;;;1
13/12/2019;05:44:00;27;sem vítima;540,5;BR-116/BA;Sul;Colisão Traseira;2;2;;;;;1
13/12/2019;08:06:00;72;sem vítima;507;BR-116/BA;Norte;Outros;1;3;;;;;1
13/12/2019;08:23:00;79;com vítima;561;BR-324/BA;Leste;Colisão Traseira;1;4;1;1;;;2
14/12/2019;10:00:00;96;com vítima;711,5;BR-116/BA;Sul;Colisão Lateral;1;3;3;;;;1
14/12/2019;16:51:00;206;sem vítima;703;BR-116/BA;Sul;Colisão Traseira;2;2;;;;;1
14/12/2019;19:35:00;239;sem vítima;583;BR-116/BA;Norte;Engavetamento;2;3;;;;;1
14/12/2019;20:00:00;242;sem vítima;929,3;BR-116/BA;Norte;Colisão Lateral;1;5;;;;;1
14/12/2019;20:55:00;254;com vítima;712;BR-116/BA;Norte;Colisão Lateral;1;1;;;2;;2
15/12/2019;08:13:00;64;sem vítima;631;BR-116/BA;Norte;Colisão Transversal;1;4;;;;;1
15/12/2019;11:35:00;99;sem vítima;546,4;BR-324/BA;Oeste;Colisão Lateral;1;6;;;;;1
15/12/2019;16:58:00;142;sem vítima;695;BR-116/BA;Norte;Engavetamento;3;3;;;;;1
15/12/2019;22:20:00;219;sem vítima;913,1;BR-116/BA;Norte;Colisão Lateral;2;2;;;;;1
16/12/2019;05:00:00;19;sem vítima;527,5;BR-324/BA;Leste;Colisão Traseira;1;2;;;;;1
16/12/2019;05:20:00;20;sem vítima;608;BR-324/BA;Leste;Colisão Lateral;2;2;;;;;1
16/12/2019;13:54:00;184;sem vítima;610,6;BR-324/BA;Leste;Engavetamento;1;6;;;;;1
16/12/2019;19:33:00;269;com vítima;641,9;BR-116/BA;Norte;Saida de Pista;1;0;1;;;;1
17/12/2019;02:30:00;10;sem vítima;436,9;BR-116/BA;Sul;Atropelamento de Animal;1;2;;;;;1
17/12/2019;06:14:00;23;com vítima;440;BR-116/BA;Norte;Colisão Traseira;1;50;;;;1;3
17/12/2019;23:25:00;243;sem vítima;621;BR-324/BA;Oeste;Colisão Lateral;1;2;;;;;1
18/12/2019;15:32:00;199;sem vítima;643;BR-116/BA;Sul;Engavetamento;1;4;;;;;1
18/12/2019;18:58:00;246;sem vítima;773;BR-116/BA;Norte;Colisão Lateral;1;2;;;;;1
19/12/2019;16:20:00;206;com vítima;460;BR-116/BA;Sul;Engavetamento;3;3;;1;;;2
19/12/2019;17:33:00;231;sem vítima;557,8;BR-324/BA;Oeste;Colisão Lateral;1;3;;;;;1
19/12/2019;19:03:00;255;sem vítima;623,5;BR-324/BA;Oeste;Colisão Traseira;1;2;;;;;1
20/12/2019;07:22:00;52;sem vítima;643,3;BR-116/BA;Sul;Tombamento;1;1;;;;;1
20/12/2019;08:03:00;65;sem vítima;610;BR-324/BA;Oeste;Engavetamento;1;38;;;;;1
20/12/2019;09:02:00;98;com vítima;641,4;BR-116/BA;Sul;Colisão Traseira;2;1;;1;;;2
20/12/2019;09:11:00;104;sem vítima;525;BR-116/BA;Sul;Colisão Lateral;1;2;;;;;1
20/12/2019;10:31:00;127;sem vítima;591;BR-324/BA;Oeste;Colisão Traseira;1;4;;;;;1
20/12/2019;16:25:00;212;com vítima;565,3;BR-116/BA;Sul;Colisão Traseira;2;1;1;;;;1
21/12/2019;10:16:00;129;sem vítima;921,6;BR-116/BA;Norte;Saida de Pista;1;1;;;;;1
21/12/2019;14:22:00;187;sem vítima;894;BR-116/BA;Norte;Colisão Traseira;1;49;;;;;1
21/12/2019;18:34:00;265;com vítima;698;BR-116/BA;Norte;Atropelamento de Pedestre;1;1;;;1;;2
22/12/2019;13:46:00;116;com vítima;852;BR-116/BA;Norte;Colisão Lateral;1;4;;1;;;2
22/12/2019;22:32:00;219;com vítima;742;BR-116/BA;Norte;Colisão Traseira;1;4;3;;;;1
23/12/2019;16:47:00;244;sem vítima;604,4;BR-116/BA;Norte;Saida de Pista;1;1;;;;;1
23/12/2019;17:39:00;259;sem vítima;431;BR-116/BA;Sul;Tombamento;1;1;;;;;1
23/12/2019;20:47:00;297;sem vítima;597;BR-116/BA;Norte;Saida de Pista;1;1;;;;;1
24/12/2019;11:25:00;93;sem vítima;560;BR-324/BA;Oeste;Colisão Lateral;1;2;;;;;1
24/12/2019;14:20:00;125;com vítima;520,5;BR-324/BA;Leste;Colisão Traseira;1;4;5;;;;1
26/12/2019;03:20:00;4;com vítima;466;BR-116/BA;Norte;Colisão Traseira;2;0;1;;1;;2
26/12/2019;13:34:00;127;sem vítima;574,1;BR-324/BA;Leste;Saida de Pista;1;2;;;;;1
27/12/2019;05:36:00;20;com vítima;580,5;BR-116/BA;Sul;Saida de Pista;1;0;1;;;;1
27/12/2019;06:03:00;23;com vítima;533;BR-116/BA;Norte;Colisão Transversal;2;2;2;;;;1
28/12/2019;09:11:00;61;sem vítima;551;BR-324/BA;Oeste;Colisão Traseira;1;5;;;;;1
29/12/2019;11:54:00;108;com vítima;752;BR-116/BA;Norte;Colisão Traseira;1;3;1;;;;1
31/12/2019;06:44:00;25;sem vítima;715;BR-116/BA;Norte;Colisão Lateral;1;3;;;;;1
31/12/2019;08:20:00;43;sem vítima;442;BR-116/BA;Sul;Saida de Pista;1;1;;;;;1
02/03/2020;16:38:00;235;sem vítima;643,4;BR-116/BA;Norte;Engavetamento;3;6;;;;;1
02/03/2020;17:10:00;244;sem vítima;577;BR-324/BA;Oeste;Saida de Pista;1;1;;;;;1
02/03/2020;17:40:00;252;sem vítima;622,7;BR-324/BA;Oeste;Engavetamento;1;7;;;;;1
02/03/2020;21:10:00;288;sem vítima;561;BR-324/BA;Oeste;Colisão Traseira;2;3;;;;;1
03/03/2020;17:17:00;171;com vítima;819,9;BR-116/BA;Norte;Atropelamento de Pedestre;1;1;;;;1;3
03/03/2020;22:40:00;218;sem vítima;598,98;BR-324/BA;Oeste;Colisão Traseira;2;2;;;;;1
04/03/2020;08:36:00;63;sem vítima;540;BR-324/BA;Leste;Tombamento;1;1;;;;;1
04/03/2020;19:50:00;222;com vítima;585,6;BR-116/BA;Sul;Saida de Pista;1;0;1;;;1;3
05/03/2020;00:04:00;1;sem vítima;571,5;BR-116/BA;Norte;Saida de Pista;1;1;;;;;1
05/03/2020;08:37:00;80;sem vítima;493,5;BR-116/BA;Sul;Colisão Lateral;1;4;;;;;1
05/03/2020;14:22:00;183;sem vítima;525;BR-324/BA;Oeste;Engavetamento;1;6;;;;;1
06/03/2020;06:59:00;40;sem vítima;544;BR-116/BA;Sul;Colisão Traseira;1;2;;;;;1
06/03/2020;10:19:00;106;com vítima;583;BR-116/BA;Norte;Colisão Lateral;3;2;1;;;;1
06/03/2020;11:04:00;128;sem vítima;574;BR-116/BA;Sul;Tombamento;1;1;;;;;1
06/03/2020;16:00:00;195;sem vítima;602;BR-116/BA;Sul;Saida de Pista;1;1;;;;;1
06/03/2020;22:59:00;283;sem vítima;706;BR-116/BA;Norte;Colisão Traseira;2;3;;;;;1
07/03/2020;02:45:00;15;sem vítima;543;BR-324/BA;Oeste;Saida de Pista;1;1;;;;;1
07/03/2020;03:38:00;20;sem vítima;838,8;BR-116/BA;Norte;Saida de Pista;1;1;;;;;1
07/03/2020;08:14:00;49;sem vítima;441,7;BR-116/BA;Sul;Saida de Pista;1;1;;;;;1
07/03/2020;09:36:00;70;sem vítima;428;BR-116/BA;Sul;Tombamento;1;1;;;;;1
07/03/2020;12:04:00;103;sem vítima;605,95;BR-324/BA;Oeste;Colisão Lateral;1;2;;;;;1
07/03/2020;15:19:00;145;sem vítima;602;BR-324/BA;Oeste;Colisão Lateral;1;4;;;;;1
08/03/2020;01:12:00;8;sem vítima;576;BR-324/BA;Leste;Colisão Lateral;1;3;;;;;1
08/03/2020;17:23:00;182;sem vítima;575,2;BR-116/BA;Norte;Colisão Traseira;1;3;;;;;1
09/03/2020;00:22:00;3;com vítima;876;BR-116/BA;Norte;Colisão Traseira;2;1;;2;;;2
09/03/2020;11:35:00;149;sem vítima;561;BR-324/BA;Oeste;Saida de Pista;1;1;;;;;1
09/03/2020;11:48:00;152;com vítima;859;BR-116/BA;Norte;Colisão Frontal;1;1;1;;;;1
09/03/2020;13:11:00;165;com vítima;2;BR-116/BA - ContSuFS;Norte;Colisão Traseira;2;1;1;;;;1
09/03/2020;22:08:00;286;sem vítima;428;BR-116/BA;Sul;Atropelamento de Animal;1;2;;;;;1
10/03/2020;11:40:00;145;sem vítima;465,7;BR-116/BA;Sul;Colisão Traseira;1;2;;;;;1
10/03/2020;17:18:00;227;sem vítima;571;BR-116/BA;Sul;Colisão Traseira;1;2;;;;;1
10/03/2020;23:29:00;288;sem vítima;581,5;BR-324/BA;Leste;Saida de Pista;1;1;;;;;1
11/03/2020;12:30:00;118;com vítima;564;BR-324/BA;Leste;Saida de Pista;1;2;;1;;;2
11/03/2020;13:10:00;127;sem vítima;568,8;BR-116/BA;Sul;Saida de Pista;1;1;;;;;1
12/03/2020;06:11:00;21;sem vítima;865;BR-116/BA;Sul;Colisão Lateral;1;2;;;;;1
12/03/2020;16:26:00;142;sem vítima;714;BR-116/BA;Sul;Saida de Pista;1;2;;;;;1
12/03/2020;18:19:00;171;sem vítima;14,2;BR-116/BA - Cont VC;Norte;Colisão Traseira;1;3;;;;;1
13/03/2020;01:21:00;8;sem vítima;800,3;BR-116/BA;Norte;Atropelamento de Animal;1;2;;;;;1
13/03/2020;01:45:00;9;com vítima;842,3;BR-116/BA;Norte;Colisão Traseira;1;1;1;;;;1
13/03/2020;03:32:00;16;sem vítima;640,8;BR-116/BA;Norte;Saida de Pista;1;1;;;;;1
13/03/2020;07:02:00;51;sem vítima;530,9;BR-116/BA;Norte;Colisão Lateral;1;2;;;;;1
13/03/2020;07:46:00;69;sem vítima;793;BR-116/BA;Norte;Colisão Traseira;1;2;;;;;1
13/03/2020;09:46:00;96;sem vítima;615;BR-324/BA;Leste;Colisão Lateral;1;5;;;;;1
14/03/2020;10:13:00;71;sem vítima;2,8;BA-526;Norte;Saida de Pista;1;1;;;;;1
14/03/2020;19:24:00;188;sem vítima;556,7;BR-116/BA;Sul;Saida de Pista;1;1;;;;;1
15/03/2020;07:59:00;40;sem vítima;659;BR-116/BA;Sul;Colisão Traseira;2;2;;;;;1
15/03/2020;09:06:00;50;com vítima;658,7;BR-116/BA;Sul;Colisão Traseira;2;1;;1;;;2
15/03/2020;16:26:00;149;sem vítima;852,2;BR-116/BA;Norte;Colisão Lateral;1;3;;;;;1
16/03/2020;07:57:00;71;sem vítima;24,5;BR-116/BA - Cont VC;Norte;Saida de Pista;1;1;;;;;1
16/03/2020;09:25:00;107;sem vítima;532;BR-324/BA;Oeste;Colisão Frontal;1;3;;;;;1
16/03/2020;14:41:00;170;sem vítima;519;BR-324/BA;Oeste;Colisão Traseira;1;3;;;;;1
16/03/2020;17:27:00;223;sem vítima;533;BR-324/BA;Oeste;Colisão Lateral;1;3;;;;;1
16/03/2020;18:42:00;242;sem vítima;533;BR-324/BA;Oeste;Saida de Pista;1;1;;;;;1
16/03/2020;22:21:00;278;sem vítima;581;BR-324/BA;Oeste;Colisão Traseira;2;2;;;;;1
17/03/2020;07:42:00;38;sem vítima;634;BR-116/BA;Sul;Colisão Lateral;1;5;;;;;1
17/03/2020;08:42:00;63;sem vítima;926,7;BR-116/BA;Norte;Colisão Traseira;2;3;;;;;1
18/03/2020;14:16:00;159;sem vítima;530;BR-324/BA;Leste;Tombamento;1;1;;;;;1
19/03/2020;04:35:00;16;sem vítima;716,3;BR-116/BA;Norte;Colisão Lateral;2;2;;;;;1
19/03/2020;10:02:00;84;com vítima;596,3;BR-116/BA;Sul;Saida de Pista;1;0;;1;;;2
20/03/2020;10:45:00;87;sem vítima;455,5;BR-116/BA;Norte;Atropelamento de Animal;1;1;;;;;1
20/03/2020;13:47:00;135;com vítima;469;BR-116/BA;Sul;Colisão Traseira;1;1;4;;;;1
20/03/2020;17:00:00;189;sem vítima;526,3;BR-324/BA;Oeste;Colisão Lateral;1;2;;;;;1
20/03/2020;20:04:00;232;sem vítima;568,1;BR-324/BA;Oeste;Colisão Traseira;1;4;;;;;1
21/03/2020;07:44:00;46;sem vítima;461;BR-116/BA;Norte;Saida de Pista;1;2;;;;;1
21/03/2020;08:50:00;58;sem vítima;686,3;BR-116/BA;Norte;Tombamento;1;1;;;;;1
21/03/2020;13:43:00;127;sem vítima;580;BR-116/BA;Norte;Tombamento;1;2;;;;;1