data;horario;n_da_ocorrencia;tipo_de_ocorrencia;km;trecho;sentido;tipo_de_acidente;caminhao;ilesos;levemente_feridos;moderadamente_feridos;gravemente_feridos;mortos;3
21/03/2020;15:10:00;149;sem vítima;507,7;BR-116/BA;Sul;Colisão Frontal;2;2;;;;;1
21/03/2020;15:45:00;161;sem vítima;572,7;BR-116/BA;Norte;Sequência;3;4;;;;;1
21/03/2020;23:12:00;220;sem vítima;601,8;BR-116/BA;Sul;Saida de Pista;1;1;;;;;1
22/03/2020;16:20:00;146;sem vítima;672;BR-116/BA;Norte;Tombamento;1;1;;;;;1
22/03/2020;16:36:00;148;sem vítima;496;BR-116/BA;Norte;Colisão Traseira;1;2;;;;;1
23/03/2020;05:06:00;16;sem vítima;602;BR-324/BA;Leste;Colisão Traseira;1;2;;;;;1
23/03/2020;19:52:00;218;com vítima;663;BR-116/BA;Norte;Colisão Frontal;1;1;;;;1;3
23/03/2020;21:26:00;227;com vítima;545;BR-324/BA;Oeste;Colisão Transversal;1;2;1;;;;1
24/03/2020;07:28:00;47;sem vítima;588,4;BR-324/BA;Oeste;Saida de Pista;1;2;;;;;1
24/03/2020;18:49:00;192;com vítima;595;BR-324/BA;Leste;Atropelamento de Pedestre;1;1;;;1;;2
24/03/2020;21:31:00;213;sem vítima;543,5;BR-116/BA;Sul;Atropelamento de Animal;1;1;;;;;1
25/03/2020;07:39:00;47;com vítima;570;BR-116/BA;Sul;Tombamento;3;2;;;;3;3
25/03/2020;09:33:00;71;sem vítima;565;BR-324/BA;Oeste;Saida de Pista;1;1;;;;;1
25/03/2020;09:39:00;74;sem vítima;541;BR-324/BA;Oeste;Colisão Lateral;1;3;;;;;1
26/03/2020;10:11:00;83;sem vítima;565;BR-324/BA;Oeste;Saida de Pista;1;2;;;;;1
26/03/2020;15:21:00;141;sem vítima;576;BR-324/BA;Leste;Saida de Pista;1;7;;;;;1
27/03/2020;01:30:00;7;sem vítima;537;BR-324/BA;Oeste;Saida de Pista;1;1;;;;;1
27/03/2020;07:03:00;34;sem vítima;615;BR-324/BA;Leste;Colisão Traseira;1;2;;;;;1
27/03/2020;15:13:00;132;sem vítima;596,5;BR-324/BA;Leste;Colisão Traseira;1;3;;;;;1
28/03/2020;04:19:00;17;sem vítima;505;BR-116/BA;Sul;Saida de Pista;1;1;;;;;1
29/03/2020;07:14:00;29;com vítima;433,1;BR-116/BA;Norte;Saida de Pista;1;0;1;2;;;2
29/03/2020;08:19:00;37;sem vítima;873;BR-116/BA;Sul;Colisão Traseira;2;2;;;;;1
29/03/2020;16:44:00;97;sem vítima;640,7;BR-116/BA;Norte;Saida de Pista;1;1;;;;;1
29/03/2020;18:40:00;115;sem vítima;618,7;BR-116/BA;Sul;Saida de Pista;1;2;;;;;1
30/03/2020;09:59:00;83;sem vítima;616,7;BR-324/BA;Oeste;Colisão Lateral;1;4;;;;;1
30/03/2020;15:52:00;158;sem vítima;6;BR-116/BA - ContSuFS;Sul;Colisão Traseira;1;2;;;;;1
30/03/2020;21:45:00;214;sem vítima;523;BR-324/BA;Oeste;Colisão Traseira;1;2;;;;;1
30/03/2020;22:11:00;216;sem vítima;521;BR-324/BA;Leste;Colisão Traseira;1;2;;;;;1
31/03/2020;10:01:00;73;sem vítima;760;BR-116/BA;Sul;Colisão Traseira;1;3;;;;;1
31/03/2020;11:07:00;87;com vítima;753,7;BR-116/BA;Norte;Saida de Pista;1;0;;;;1;3
31/03/2020;22:03:00;182;sem vítima;532;BR-324/BA;Oeste;Colisão Traseira;1;2;;;;;1
01/07/2020;11:38:00;104;com vítima;626;BR-324/BA;Oeste;Colisão Traseira;2;3;;1;;;2
02/07/2020;14:17:00;144;sem vítima;551;BR-324/BA;Oeste;Colisão Lateral;1;2;;;;;1
03/07/2020;05:45:00;20;com vítima;616;BR-324/BA;Leste;Colisão Traseira;1;2;;1;1;;2
03/07/2020;07:04:00;32;com vítima;602,6;BR-324/BA;Oeste;Engavetamento;2;6;1;;;;1
03/07/2020;07:35:00;40;sem vítima;603;BR-324/BA;Oeste;Colisão Lateral;1;2;;;;;1
04/07/2020;00:21:00;5;sem vítima;481,2;BR-116/BA;Sul;Saida de Pista;1;1;;;;;1
04/07/2020;06:21:00;22;sem vítima;624,1;BR-116/BA;Sul;Colisão Lateral;2;2;;;;;1
04/07/2020;10:45:00;70;sem vítima;847,2;BR-116/BA;Norte;Colisão Lateral;1;4;;;;;1
04/07/2020;11:26:00;76;sem vítima;605;BR-324/BA;Leste;Saida de Pista;1;1;;;;;1
05/07/2020;08:15:00;30;com vítima;632,5;BR-116/BA;Sul;Colisão Transversal;1;4;2;;;;1
05/07/2020;16:28:00;127;sem vítima;643,3;BR-116/BA;Norte;Colisão Lateral;2;7;;;;;1
06/07/2020;23:28:00;265;sem vítima;851;BR-116/BA;Norte;Saida de Pista;1;1;;;;;1
07/07/2020;01:59:00;2;com vítima;834;BR-116/BA;Norte;Saida de Pista;1;2;1;;;1;3
08/07/2020;08:41:00;58;sem vítima;588;BR-324/BA;Oeste;Saida de Pista;1;4;;;;;1
08/07/2020;09:40:00;77;sem vítima;543;BR-324/BA;Oeste;Engavetamento;2;5;;;;;1
08/07/2020;15:46:00;179;sem vítima;616;BR-324/BA;Oeste;Colisão Traseira;1;2;;;;;1
08/07/2020;16:20:00;189;com vítima;604;BR-116/BA;Sul;Colisão Traseira;2;1;;;1;;2
08/07/2020;16:54:00;197;sem vítima;439;BR-116/BA;Sul;Colisão Traseira;2;2;;;;;1
09/07/2020;12:30:00;117;com vítima;517;BR-116/BA;Sul;Colisão Lateral;1;6;;;1;;2
10/07/2020;00:22:00;3;com vítima;459;BR-116/BA;Sul;Colisão Traseira;2;1;2;;;;1
10/07/2020;01:11:00;11;sem vítima;548;BR-116/BA;Sul;Saida de Pista;1;1;;;;;1
10/07/2020;08:17:00;77;sem vítima;610,5;BR-324/BA;Leste;Colisão Traseira;2;3;;;;;1
10/07/2020;10:36:00;116;sem vítima;577;BR-324/BA;Leste;Saida de Pista;1;1;;;;;1
10/07/2020;21:05:00;278;sem vítima;580;BR-324/BA;Leste;Saida de Pista;1;2;;;;;1
11/07/2020;11:22:00;101;sem vítima;644;BR-116/BA;Sul;Colisão Lateral;3;3;;;;;1
11/07/2020;16:08:00;153;sem vítima;516,3;BR-116/BA;Norte;Colisão Traseira;2;2;;;;;1
13/07/2020;05:28:00;12;sem vítima;621;BR-324/BA;Leste;Colisão Traseira;1;4;;;;;1
13/07/2020;07:26:00;50;com vítima;827,9;BR-116/BA;Norte;Colisão Transversal;1;1;;;;1;3
13/07/2020;10:10:00;100;com vítima;852,5;BR-116/BA;Sul;Tombamento;1;0;1;;;;1
13/07/2020;10:14:00;101;sem vítima;711;BR-116/BA;Norte;Saida de Pista;1;1;;;;;1
13/07/2020;15:39:00;202;sem vítima;529;BR-116/BA;Sul;Colisão Lateral;1;2;;;;;1
14/07/2020;04:27:00;13;sem vítima;566;BR-324/BA;Leste;Colisão Traseira;2;2;;;;;1
14/07/2020;16:23:00;179;sem vítima;640,2;BR-116/BA;Norte;Tombamento;1;1;;;;;1
14/07/2020;18:27:00;207;sem vítima;622,5;BR-324/BA;Oeste;Engavetamento;1;3;;;;;1
15/07/2020;06:36:00;21;sem vítima;597;BR-324/BA;Oeste;Engavetamento;1;5;;;;;1
15/07/2020;07:30:00;41;sem vítima;653;BR-116/BA;Sul;Saida de Pista;1;1;;;;;1
15/07/2020;09:42:00;85;sem vítima;619,5;BR-324/BA;Leste;Saida de Pista;1;1;;;;;1
15/07/2020;14:19:00;142;sem vítima;583;BR-324/BA;Oeste;Saida de Pista;1;1;;;;;1
15/07/2020;14:37:00;149;sem vítima;565;BR-324/BA;Oeste;Saida de Pista;1;1;;;;;1
15/07/2020;14:47:00;153;sem vítima;431,4;BR-116/BA;Norte;Colisão Lateral;1;4;;;;;1
15/07/2020;23:26:00;237;sem vítima;769;BR-116/BA;Norte;Saida de Pista;1;1;;;;;1
17/07/2020;10:30:00;92;sem vítima;530;BR-324/BA;Leste;Colisão Transversal;2;2;;;;;1
17/07/2020;12:30:00;104;com vítima;15;BR-116/BA - Cont VC;Norte;Colisão Lateral;1;2;1;;;;1
17/07/2020;14:04:00;114;sem vítima;602;BR-116/BA;Norte;Saida de Pista;1;1;;;;;1
18/07/2020;03:40:00;18;sem vítima;491;BR-116/BA;Norte;Saida de Pista;1;1;;;;;1
18/07/2020;11:30:00;71;com vítima;867;BR-116/BA;Norte;Colisão Traseira;1;1;1;;;;1
18/07/2020;13:29:00;84;sem vítima;574,3;BR-324/BA;Oeste;Saida de Pista;1;3;;;;;1
18/07/2020;15:18:00;114;sem vítima;868,5;BR-116/BA;Norte;Colisão Lateral;2;2;;;;;1
19/07/2020;06:21:00;20;sem vítima;910;BR-116/BA;Sul;Colisão Traseira;1;2;;;;;1
19/07/2020;08:16:00;43;sem vítima;736;BR-116/BA;Norte;Choque Contra Objeto Fixo;1;1;;;;;1
19/07/2020;17:06:00;150;sem vítima;595,1;BR-116/BA;Norte;Saida de Pista;1;1;;;;;1
19/07/2020;19:53:00;189;sem vítima;554;BR-324/BA;Leste;Colisão Lateral;1;4;;;;;1
19/07/2020;21:37:00;203;com vítima;665,25;BR-116/BA;Sul;Tombamento;1;0;1;;;;1
20/07/2020;01:53:00;11;sem vítima;606,8;BR-324/BA;Leste;Atropelamento de Animal;1;2;;;;;1
20/07/2020;05:53:00;25;sem vítima;548;BR-324/BA;Oeste;Colisão Lateral;1;3;;;;;1
20/07/2020;17:00:00;232;sem vítima;565;BR-324/BA;Leste;Colisão Lateral;1;2;;;;;1
20/07/2020;17:38:00;243;sem vítima;565,2;BR-324/BA;Leste;Colisão Traseira;1;3;;;;;1
21/07/2020;06:24:00;21;com vítima;620;BR-324/BA;Leste;Colisão Traseira;1;1;;1;;;2
21/07/2020;12:44:00;125;sem vítima;652;BR-116/BA;Norte;Colisão Traseira;1;2;;;;;1
21/07/2020;16:52:00;188;sem vítima;500;BR-116/BA;Norte;Colisão Traseira;2;2;;;;;1
21/07/2020;18:29:00;206;sem vítima;625;BR-324/BA;Oeste;Colisão Lateral;1;2;;;;;1
21/07/2020;21:50:00;247;sem vítima;674;BR-116/BA;Norte;Atropelamento de Animal;1;1;;;;;1
22/07/2020;04:54:00;12;com vítima;466;BR-116/BA;Norte;Colisão Traseira;1;1;;;1;;2
22/07/2020;09:07:00;83;sem vítima;522;BR-324/BA;Leste;Engavetamento;2;8;;;;;1
22/07/2020;09:46:00;89;sem vítima;620;BR-324/BA;Leste;Colisão Traseira;1;2;;;;;1
22/07/2020;14:10:00;146;sem vítima;559;BR-324/BA;Leste;Saida de Pista;1;1;;;;;1
22/07/2020;14:57:00;158;sem vítima;518;BR-324/BA;Oeste;Colisão Traseira;1;2;;;;;1
22/07/2020;18:28:00;212;com vítima;609,4;BR-116/BA;Sul;Saida de Pista;1;0;;1;;;2
23/07/2020;22:20:00;265;sem vítima;555;BR-116/BA;Norte;Saida de Pista;1;1;;;;;1
23/07/2020;22:32:00;270;sem vítima;555;BR-116/BA;Sul;Colisão Traseira;1;2;;;;;1
23/07/2020;23:59:00;276;sem vítima;638,4;BR-116/BA;Norte;Saida de Pista;1;1;;;;;1
24/07/2020;10:26:00;104;sem vítima;602,7;BR-116/BA;Norte;Colisão Traseira;2;2;;;;;1
24/07/2020;11:24:00;118;com vítima;927,7;BR-116/BA;Sul;Tombamento;1;1;;1;;;2
24/07/2020;15:51:00;178;sem vítima;526;BR-324/BA;Oeste;Engavetamento;1;3;;;;;1
25/07/2020;00:28:00;5;sem vítima;586,5;BR-116/BA;Sul;Saida de Pista;1;1;;;;;1
25/07/2020;05:06:00;20;sem vítima;458,8;BR-116/BA;Norte;Saida de Pista;1;1;;;;;1
25/07/2020;10:56:00;88;sem vítima;804,5;BR-116/BA;Norte;Colisão Traseira;2;2;;;;;1
25/07/2020;11:56:00;101;com vítima;608;BR-324/BA;Leste;Engavetamento;3;3;1;;;;1
26/07/2020;00:44:00;2;sem vítima;574;BR-324/BA;Leste;Saida de Pista;1;1;;;;;1
26/07/2020;07:25:00;27;sem vítima;544;BR-116/BA;Sul;Colisão Traseira;2;2;;;;;1
26/07/2020;12:05:00;73;sem vítima;860,2;BR-116/BA;Sul;Atropelamento de Animal;1;1;;;;;1
26/07/2020;17:44:00;142;sem vítima;838;BR-116/BA;Norte;Engavetamento;1;3;;;;;1
26/07/2020;18:28:00;152;sem vítima;646;BR-116/BA;Norte;Tombamento;1;1;;;;;1
27/07/2020;06:52:00;38;com vítima;584;BR-324/BA;Leste;Saida de Pista;1;2;1;;;;1
27/07/2020;09:36:00;92;sem vítima;608;BR-324/BA;Leste;Colisão Lateral;1;2;;;;;1
27/07/2020;15:26:00;165;sem vítima;610,9;BR-116/BA;Norte;Saida de Pista;1;1;;;;;1
27/07/2020;19:15:00;215;sem vítima;595,4;BR-116/BA;Norte;Saida de Pista;1;1;;;;;1
28/07/2020;06:34:00;22;sem vítima;482;BR-116/BA;Norte;Engavetamento;1;3;;;;;1
28/07/2020;09:26:00;79;sem vítima;456,8;BR-116/BA;Sul;Colisão Lateral;1;2;;;;;1
29/07/2020;10:19:00;86;sem vítima;565;BR-324/BA;Oeste;Saida de Pista;1;1;;;;;1
29/07/2020;14:43:00;134;com vítima;774;BR-116/BA;Norte;Colisão Lateral;1;1;1;1;;;2
30/07/2020;02:16:00;12;sem vítima;582;BR-324/BA;Leste;Colisão Lateral;1;3;;;;;1
30/07/2020;08:21:00;75;sem vítima;620;BR-324/BA;Leste;Colisão Lateral;1;3;;;;;1
31/07/2020;08:28:00;64;sem vítima;610;BR-324/BA;Oeste;Colisão Traseira;1;3;;;;;1
31/07/2020;16:57:00;199;sem vítima;429,5;BR-116/BA;Sul;Colisão Lateral;1;2;;;;;1
31/07/2020;17:13:00;202;sem vítima;520;BR-324/BA;Oeste;Engavetamento;1;4;;;;;1
02/05/2020;05:50:00;13;com vítima;478;BR-116/BA;Sul;Colisão Traseira;1;1;1;;;;1
02/05/2020;07:39:00;40;sem vítima;27;BR-116/BA - Cont VC;Sul;Colisão Transversal;1;2;;;;;1
02/05/2020;14:59:00;119;sem vítima;910;BR-116/BA;Norte;Colisão Traseira;2;3;;;;;1
03/05/2020;04:24:00;13;com vítima;891;BR-116/BA;Sul;Colisão Frontal;1;1;3;2;;;2
03/05/2020;10:04:00;53;sem vítima;624;BR-324/BA;Leste;Colisão Lateral;1;2;;;;;1
03/05/2020;14:21:00;91;com vítima;795;BR-116/BA;Norte;Atropelamento - Ciclista;1;1;;;;1;3
03/05/2020;19:05:00;142;com vítima;507;BR-116/BA;Sul;Colisão Frontal;1;5;;;2;;2
05/05/2020;13:48:00;115;sem vítima;530;BR-324/BA;Leste;Saida de Pista;1;1;;;;;1
05/05/2020;13:53:00;116;sem vítima;546,1;BR-324/BA;Oeste;Colisão Lateral;2;2;;;;;1
05/05/2020;22:02:00;207;com vítima;595;BR-324/BA;Leste;Colisão Traseira;1;1;;1;;;2
06/05/2020;07:17:00;39;com vítima;518;BR-324/BA;Leste;Colisão Lateral;1;1;1;;;;1
06/05/2020;12:44:00;106;sem vítima;599;BR-324/BA;Leste;Saida de Pista;1;1;;;;;1
07/05/2020;10:40:00;86;sem vítima;433;BR-116/BA;Norte;Tombamento;1;1;;;;;1
07/05/2020;16:20:00;146;sem vítima;569,1;BR-116/BA;Sul;Saida de Pista;1;1;;;;;1
08/05/2020;14:06:00;111;com vítima;910;BR-116/BA;Norte;Colisão Traseira;2;1;1;;;;1
08/05/2020;17:07:00;153;sem vítima;493;BR-116/BA;Norte;Tombamento;1;1;;;;;1
08/05/2020;21:12:00;193;sem vítima;548,5;BR-324/BA;Leste;Colisão Traseira;2;2;;;;;1
09/05/2020;01:14:00;5;sem vítima;567;BR-324/BA;Leste;Saida de Pista;1;1;;;;;1
09/05/2020;07:31:00;36;sem vítima;615;BR-324/BA;Leste;Colisão Traseira;1;2;;;;;1
09/05/2020;09:09:00;60;com vítima;690,5;BR-116/BA;Sul;Tombamento;1;0;;;1;;2
09/05/2020;13:07:00;101;sem vítima;612,45;BR-324/BA;Oeste;Colisão Traseira;1;5;;;;;1
09/05/2020;15:05:00;128;sem vítima;616;BR-116/BA;Sul;Colisão Traseira;2;2;;;;;1
09/05/2020;18:46:00;165;sem vítima;454,5;BR-116/BA;Norte;Atropelamento de Animal;1;1;;;;;1
10/05/2020;00:07:00;2;com vítima;595,2;BR-116/BA;Sul;Colisão Traseira;2;1;;1;;;2
10/05/2020;07:40:00;38;com vítima;693,3;BR-116/BA;Sul;Colisão Transversal;1;3;2;1;;;2
10/05/2020;09:43:00;53;sem vítima;565;BR-324/BA;Oeste;Saida de Pista;1;1;;;;;1
11/05/2020;07:56:00;63;sem vítima;662,4;BR-116/BA;Norte;Colisão Traseira;2;2;;;;;1
11/05/2020;22:30:00;254;sem vítima;585;BR-324/BA;Leste;Saida de Pista;1;1;;;;;1
12/05/2020;04:52:00;5;sem vítima;782;BR-116/BA;Norte;Saida de Pista;1;1;;;;;1
12/05/2020;08:13:00;53;sem vítima;819;BR-116/BA;Norte;Tombamento;1;1;;;;;1
12/05/2020;08:25:00;58;sem vítima;565;BR-324/BA;Oeste;Tombamento;1;1;;;;;1
12/05/2020;20:25:00;211;sem vítima;607;BR-324/BA;Leste;Colisão Traseira;2;2;;;;;1
13/05/2020;01:56:00;11;sem vítima;903,3;BR-116/BA;Norte;Tombamento;1;1;;;;;1
13/05/2020;13:15:00;119;com vítima;580,1;BR-324/BA;Oeste;Colisão Traseira;1;1;1;;;;1
13/05/2020;17:36:00;182;com vítima;9,2;BR-116/BA - Cont VC;Sul;Colisão Lateral;2;2;;1;;;2
15/05/2020;18:00:00;162;com vítima;631;BR-116/BA;Norte;Colisão Transversal;1;2;1;;;;1
15/05/2020;23:36:00;218;sem vítima;673;BR-116/BA;Sul;Atropelamento de Animal;1;1;;;;;1
16/05/2020;17:43:00;158;sem vítima;817,8;BR-116/BA;Sul;Colisão Transversal;2;2;;;;;1
16/05/2020;22:25:00;197;sem vítima;639;BR-116/BA;Norte;Tombamento;1;1;;;;;1
17/05/2020;03:44:00;14;sem vítima;552;BR-116/BA;Sul;Tombamento;1;1;;;;;1
17/05/2020;13:42:00;78;com vítima;433;BR-116/BA;Norte;Tombamento;1;0;1;;;;1
18/05/2020;08:03:00;55;com vítima;613;BR-324/BA;Oeste;Colisão Lateral;1;1;;;1;;2
18/05/2020;17:37:00;216;com vítima;621;BR-324/BA;Leste;Engavetamento;1;5;2;;;;1
18/05/2020;18:13:00;228;sem vítima;621;BR-324/BA;Leste;Colisão Traseira;1;2;;;;;1
19/05/2020;14:34:00;143;sem vítima;565;BR-324/BA;Oeste;Saida de Pista;1;1;;;;;1
19/05/2020;20:04:00;214;sem vítima;814;BR-116/BA;Norte;Atropelamento de Animal;1;1;;;;;1
19/05/2020;20:09:00;217;sem vítima;441,8;BR-116/BA;Norte;Saida de Pista;1;1;;;;;1
20/05/2020;19:55:00;177;com vítima;909,7;BR-116/BA;Norte;Saida de Pista;1;0;1;;;;1
21/05/2020;09:40:00;85;com vítima;620;BR-324/BA;Oeste;Colisão Traseira;1;1;3;;1;;2
21/05/2020;12:00:00;109;sem vítima;564;BR-324/BA;Oeste;Saida de Pista;1;1;;;;;1
21/05/2020;13:39:00;138;sem vítima;578;BR-324/BA;Oeste;Colisão Lateral;1;2;;;;;1
21/05/2020;22:22:00;277;sem vítima;559;BR-324/BA;Leste;Saida de Pista;1;1;;;;;1
22/05/2020;06:46:00;48;sem vítima;520;BR-116/BA;Sul;Colisão Lateral;2;2;;;;;1
22/05/2020;07:50:00;79;sem vítima;526;BR-324/BA;Leste;Colisão Lateral;1;2;;;;;1
22/05/2020;08:17:00;86;sem vítima;864;BR-116/BA;Sul;Colisão Lateral;1;4;;;;;1
22/05/2020;18:38:00;244;sem vítima;618;BR-324/BA;Oeste;Saida de Pista;1;2;;;;;1
24/05/2020;20:27:00;164;com vítima;547,3;BR-116/BA;Norte;Colisão Traseira;1;1;1;;;;1
24/05/2020;23:16:00;187;com vítima;573,5;BR-116/BA;Norte;Colisão Frontal;1;2;;;;1;3
25/05/2020;06:34:00;33;sem vítima;602;BR-324/BA;Leste;Colisão Traseira;1;2;;;;;1
25/05/2020;06:44:00;37;sem vítima;532;BR-116/BA;Sul;Colisão Traseira;1;4;;;;;1
25/05/2020;10:34:00;93;com vítima;433,5;BR-116/BA;Sul;Tombamento;1;0;1;;;;1
25/05/2020;10:54:00;100;sem vítima;716;BR-116/BA;Norte;Colisão Traseira;2;2;;;;;1
25/05/2020;22:10:00;218;sem vítima;456;BR-116/BA;Sul;Colisão Traseira;2;2;;;;;1
26/05/2020;03:08:00;6;sem vítima;476,5;BR-116/BA;Norte;Sequência;2;2;;;;;1
26/05/2020;14:27:00;130;sem vítima;770,1;BR-116/BA;Norte;Saida de Pista;1;2;;;;;1
27/05/2020;00:20:00;3;sem vítima;734,3;BR-116/BA;Sul;Saida de Pista;1;1;;;;;1
27/05/2020;09:48:00;94;sem vítima;547,5;BR-324/BA;Oeste;Colisão Traseira;1;6;;;;;1
28/05/2020;01:46:00;7;com vítima;841,5;BR-116/BA;Norte;Saida de Pista;1;0;1;;;;1
29/05/2020;16:06:00;169;com vítima;18;BR-116/BA - Cont VC;Sul;Queda de Moto;1;1;1;;;;1
29/05/2020;18:20:00;210;sem vítima;599;BR-324/BA;Oeste;Colisão Traseira;1;3;;;;;1
29/05/2020;20:00:00;227;com vítima;554;BR-324/BA;Oeste;Saida de Pista;1;1;1;;;;1
30/05/2020;14:11:00;102;sem vítima;818;BR-116/BA;Sul;Colisão Traseira;1;2;;;;;1
30/05/2020;15:26:00;113;sem vítima;531,9;BR-116/BA;Norte;Engavetamento;3;3;;;;;1
30/05/2020;16:57:00;128;sem vítima;890,2;BR-116/BA;Sul;Saida de Pista;1;1;;;;;1
31/05/2020;18:37:00;144;sem vítima;654,5;BR-116/BA;Norte;Saida de Pista;1;1;;;;;1
01/06/2020;06:26:00;30;sem vítima;549,7;BR-324/BA;Leste;Saida de Pista;1;2;;;;;1
01/06/2020;06:34:00;40;sem vítima;549,7;BR-324/BA;Leste;Saida de Pista;1;1;;;;;1
01/06/2020;07:30:00;58;sem vítima;474,05;BR-116/BA;Norte;Colisão Traseira;1;2;;;;;1
01/06/2020;10:43:00;113;sem vítima;519;BR-324/BA;Oeste;Colisão Lateral;1;3;;;;;1
01/06/2020;11:14:00;119;sem vítima;736,2;BR-116/BA;Sul;Tombamento;1;1;;;;;1
02/06/2020;15:28:00;162;sem vítima;606,8;BR-324/BA;Leste;Colisão Lateral;1;2;;;;;1
02/06/2020;17:14:00;187;sem vítima;574;BR-324/BA;Oeste;Colisão Traseira;1;2;;;;;1
03/06/2020;07:18:00;40;com vítima;617;BR-324/BA;Leste;Sequência;1;4;2;;;;1
03/06/2020;08:47:00;72;sem vítima;813,3;BR-116/BA;Norte;Colisão Lateral;1;2;;;;;1
03/06/2020;10:39:00;96;sem vítima;569;BR-324/BA;Oeste;Colisão Lateral;1;2;;;;;1
03/06/2020;12:35:00;124;com vítima;549;BR-324/BA;Leste;Colisão Traseira;2;2;;1;1;;2
03/06/2020;13:23:00;133;sem vítima;549,7;BR-324/BA;Oeste;Saida de Pista;2;2;;;;;1
03/06/2020;14:16:00;145;com vítima;3;BR-116/BA - Cont VC;Norte;Colisão Lateral;1;1;;;1;;2
04/06/2020;04:27:00;12;sem vítima;530;BR-324/BA;Oeste;Saida de Pista;1;1;;;;;1
04/06/2020;08:09:00;53;sem vítima;518,5;BR-324/BA;Oeste;Colisão Lateral;1;4;;;;;1
04/06/2020;09:58:00;82;com vítima;11,5;BR-116/BA - Cont VC;Norte;Colisão Transversal;1;1;1;;;;1
04/06/2020;11:28:00;110;sem vítima;538;BR-324/BA;Oeste;Colisão Traseira;2;2;;;;;1
05/06/2020;07:08:00;66;sem vítima;575,8;BR-324/BA;Leste;Colisão Traseira;2;3;;;;;1
05/06/2020;11:09:00;127;sem vítima;600;BR-324/BA;Oeste;Engavetamento;3;3;;;;;1
05/06/2020;15:54:00;194;com vítima;719,4;BR-116/BA;Norte;Saida de Pista;1;0;;1;;;2
06/06/2020;09:10:00;59;sem vítima;650,05;BR-116/BA;Norte;Colisão Traseira;2;3;;;;;1
07/06/2020;15:22:00;110;sem vítima;931,2;BR-116/BA;Sul;Engavetamento;1;1;;;;;1
07/06/2020;20:14:00;165;sem vítima;543;BR-116/BA;Norte;Saida de Pista;1;1;;;;;1
07/06/2020;21:33:00;179;com vítima;694;BR-116/BA;Norte;Saida de Pista;2;1;;;1;;2
07/06/2020;22:16:00;187;sem vítima;639,3;BR-116/BA;Sul;Colisão Lateral;2;2;;;;;1
07/06/2020;23:02:00;192;sem vítima;572,5;BR-116/BA;Sul;Saida de Pista;1;1;;;;;1
08/06/2020;06:52:00;32;sem vítima;595,2;BR-324/BA;Leste;Colisão Traseira;2;3;;;;;1
08/06/2020;16:04:00;189;com vítima;2;BR-116/BA - ContSuFS;Sul;Colisão Transversal;1;1;1;;;;1
08/06/2020;20:07:00;244;sem vítima;3;BR-116/BA - ContSuFS;Sul;Colisão Traseira;1;2;;;;;1
09/06/2020;02:30:00;11;sem vítima;603;BR-324/BA;Oeste;Colisão Traseira;1;2;;;;;1
09/06/2020;10:32:00;122;sem vítima;575;BR-324/BA;Oeste;Saida de Pista;1;1;;;;;1
09/06/2020;10:34:00;126;com vítima;804;BR-116/BA;Norte;Colisão Transversal;2;0;1;1;;;2
09/06/2020;13:12:00;159;sem vítima;568,6;BR-116/BA;Sul;Saida de Pista;1;1;;;;;1
09/06/2020;19:54:00;231;sem vítima;559;BR-324/BA;Oeste;Saida de Pista;1;2;;;;;1
10/06/2020;12:20:00;120;com vítima;801,9;BR-116/BA;Norte;Saida de Pista;1;0;;1;;;2
10/06/2020;22:46:00;229;sem vítima;669;BR-116/BA;Sul;Atropelamento de Animal;1;1;;;;;1
11/06/2020;06:25:00;29;sem vítima;542;BR-324/BA;Oeste;Atropelamento - Ciclista;1;2;;;;;1
11/06/2020;08:02:00;58;sem vítima;583;BR-324/BA;Oeste;Colisão Traseira;1;2;;;;;1
11/06/2020;10:32:00;107;sem vítima;616,7;BR-116/BA;Sul;Colisão Lateral;1;3;;;;;1
11/06/2020;23:00:00;258;sem vítima;477,5;BR-116/BA;Sul;Atropelamento de Animal;1;1;;;;;1
12/06/2020;03:19:00;15;sem vítima;538;BR-116/BA;Sul;Saida de Pista;1;2;;;;;1
12/06/2020;09:45:00;84;com vítima;620;BR-324/BA;Leste;Colisão Traseira;2;1;;1;;;2
13/06/2020;06:53:00;34;sem vítima;904,5;BR-116/BA;Sul;Tombamento;1;4;;;;;1
13/06/2020;09:58:00;67;sem vítima;606;BR-324/BA;Oeste;Sequência;1;2;;;;;1
14/06/2020;08:59:00;52;sem vítima;551;BR-324/BA;Oeste;Colisão Traseira;1;3;;;;;1
14/06/2020;12:23:00;84;sem vítima;482;BR-116/BA;Sul;Engavetamento;3;3;;;;;1
15/06/2020;07:12:00;47;sem vítima;613;BR-324/BA;Oeste;Colisão Traseira;1;2;;;;;1
16/06/2020;06:17:00;18;sem vítima;564;BR-324/BA;Leste;Saida de Pista;1;1;;;;;1
17/06/2020;15:34:00;167;com vítima;729;BR-116/BA;Norte;Colisão Frontal;2;2;;;;1;3
17/06/2020;15:57:00;179;sem vítima;861;BR-116/BA;Sul;Colisão Lateral;1;3;;;;;1
17/06/2020;16:23:00;184;com vítima;616;BR-324/BA;Oeste;Colisão Traseira;2;2;;1;;;2
17/06/2020;18:37:00;207;com vítima;518,8;BR-324/BA;Oeste;Colisão Traseira;1;2;1;;;;1
17/06/2020;22:19:00;237;sem vítima;555;BR-116/BA;Norte;Outros;1;1;;;;;1
18/06/2020;11:36:00;109;sem vítima;526;BR-324/BA;Oeste;Colisão Traseira;1;3;;;;;1