data;horario;n_da_ocorrencia;tipo_de_ocorrencia;km;trecho;sentido;tipo_de_acidente;caminhao;ilesos;levemente_feridos;moderadamente_feridos;gravemente_feridos;mortos;3
19/06/2020;07:00:00;29;sem vítima;459;BR-116/BA;Sul;Colisão Traseira;1;4;;;;;1
19/06/2020;07:41:00;43;com vítima;610,7;BR-324/BA;Leste;Colisão Lateral;1;2;2;;;;1
20/06/2020;12:04:00;130;com vítima;7;BR-116/BA - Cont VC;Norte;Colisão Traseira;1;20;;1;;;2
20/06/2020;17:20:00;211;sem vítima;817;BR-116/BA;Sul;Saida de Pista;1;1;;;;;1
21/06/2020;06:01:00;26;sem vítima;590,5;BR-324/BA;Leste;Colisão Traseira;1;3;;;;;1
21/06/2020;14:05:00;105;sem vítima;564;BR-116/BA;Norte;Saida de Pista;1;1;;;;;1
22/06/2020;08:10:00;66;sem vítima;604;BR-324/BA;Leste;Engavetamento;1;4;;;;;1
22/06/2020;09:36:00;84;sem vítima;806;BR-116/BA;Norte;Colisão Traseira;1;4;;;;;1
22/06/2020;11:42:00;125;sem vítima;584;BR-116/BA;Norte;Saida de Pista;1;1;;;;;1
22/06/2020;13:24:00;140;com vítima;4;BR-116/BA - Cont VC;Norte;Sequência;1;2;;1;;;2
22/06/2020;16:47:00;200;sem vítima;543;BR-324/BA;Oeste;Colisão Traseira;1;3;;;;;1
22/06/2020;18:38:00;232;sem vítima;646;BR-116/BA;Sul;Colisão Lateral;1;2;;;;;1
23/06/2020;08:12:00;47;sem vítima;614;BR-324/BA;Leste;Engavetamento;2;4;;;;;1
23/06/2020;08:41:00;53;sem vítima;615;BR-324/BA;Leste;Engavetamento;2;5;;;;;1
23/06/2020;15:18:00;155;com vítima;520,7;BR-324/BA;Oeste;Colisão Transversal;1;1;;;1;;2
24/06/2020;05:56:00;19;sem vítima;550;BR-324/BA;Leste;Tombamento;1;1;;;;;1
24/06/2020;14:00:00;86;sem vítima;5,1;BR-116/BA - ContSuFS;Sul;Colisão Lateral;1;2;;;;;1
24/06/2020;22:23:00;196;sem vítima;571;BR-324/BA;Leste;Colisão Traseira;2;4;;;;;1
25/06/2020;08:31:00;62;sem vítima;24,5;BR-116/BA - Cont VC;Sul;Tombamento;1;1;;;;;1
25/06/2020;13:13:00;141;sem vítima;535;BR-324/BA;Leste;Sequência;1;3;;;;;1
26/06/2020;11:29:00;103;sem vítima;623;BR-324/BA;Leste;Colisão Lateral;1;2;;;;;1
26/06/2020;17:19:00;183;sem vítima;537;BR-324/BA;Oeste;Colisão Lateral;1;2;;;;;1
26/06/2020;18:38:00;201;com vítima;18;BR-116/BA - Cont VC;Norte;Colisão Frontal;1;1;1;;;;1
26/06/2020;21:17:00;234;sem vítima;567,5;BR-324/BA;Leste;Saida de Pista;1;2;;;;;1
27/06/2020;11:58:00;124;sem vítima;591;BR-324/BA;Leste;Colisão Lateral;1;8;;;;;1
27/06/2020;14:15:00;141;sem vítima;429,05;BR-116/BA;Sul;Engavetamento;1;3;;;;;1
27/06/2020;18:52:00;204;sem vítima;782;BR-116/BA;Norte;Saida de Pista;1;1;;;;;1
27/06/2020;23:30:00;232;sem vítima;8,1;BA-526;Sul;Saida de Pista;1;1;;;;;1
28/06/2020;10:49:00;74;sem vítima;640;BR-116/BA;Sul;Saida de Pista;1;1;;;;;1
28/06/2020;14:36:00;112;sem vítima;903;BR-116/BA;Sul;Saida de Pista;1;2;;;;;1
28/06/2020;15:11:00;118;sem vítima;427,4;BR-116/BA;Sul;Colisão Lateral;1;3;;;;;1
28/06/2020;23:20:00;213;sem vítima;734,3;BR-116/BA;Norte;Colisão Traseira;1;2;;;;;1
30/06/2020;03:33:00;9;sem vítima;470;BR-116/BA;Sul;Tombamento;1;2;;;;;1
30/06/2020;12:10:00;138;sem vítima;574;BR-324/BA;Oeste;Saida de Pista;1;1;;;;;1
30/06/2020;14:22:00;164;sem vítima;586;BR-116/BA;Sul;Colisão Lateral;2;3;;;;;1
30/06/2020;15:21:00;173;sem vítima;573;BR-324/BA;Leste;Engavetamento;1;3;;;;;1
03/04/2020;05:15:00;22;sem vítima;460;BR-116/BA;Norte;Atropelamento de Animal;1;1;;;;;1
03/04/2020;13:53:00;146;sem vítima;646;BR-116/BA;Sul;Colisão Transversal;1;2;;;;;1
05/04/2020;01:18:00;6;sem vítima;911,5;BR-116/BA;Sul;Colisão Lateral;2;3;;;;;1
06/04/2020;05:56:00;11;sem vítima;482;BR-116/BA;Sul;Outros;1;1;;;;;1
06/04/2020;06:56:00;31;sem vítima;476;BR-116/BA;Norte;Colisão Lateral;1;6;;;;;1
06/04/2020;07:02:00;33;sem vítima;0,2;BR-116/BA - ContSuFS;Norte;Colisão Traseira;1;2;;;;;1
06/04/2020;07:09:00;34;sem vítima;10;BR-116/BA - Cont VC;Norte;Atropelamento de Animal;1;1;;;;;1
08/04/2020;07:13:00;41;sem vítima;551;BR-324/BA;Leste;Colisão Traseira;1;2;;;;;1
08/04/2020;18:48:00;247;com vítima;5;BR-116/BA - Cont VC;Norte;Colisão Lateral;1;1;;1;;1;3
09/04/2020;10:25:00;93;sem vítima;581,2;BR-116/BA;Norte;Tombamento;1;1;;;;;1
09/04/2020;12:19:00;115;sem vítima;539,9;BR-324/BA;Oeste;Colisão Traseira;1;2;;;;;1
11/04/2020;06:16:00;20;sem vítima;594,7;BR-116/BA;Norte;Tombamento;1;1;;;;;1
11/04/2020;12:18:00;69;sem vítima;616;BR-324/BA;Oeste;Colisão Traseira;1;2;;;;;1
11/04/2020;13:24:00;83;sem vítima;664;BR-116/BA;Norte;Saida de Pista;1;1;;;;;1
11/04/2020;15:21:00;100;sem vítima;494;BR-116/BA;Norte;Colisão Traseira;2;2;;;;;1
14/04/2020;16:27:00;165;sem vítima;582;BR-324/BA;Leste;Colisão Lateral;1;2;;;;;1
15/04/2020;06:32:00;17;sem vítima;736;BR-116/BA;Norte;Tombamento;1;1;;;;;1
16/04/2020;05:58:00;12;com vítima;829,9;BR-116/BA;Norte;Colisão Frontal;1;0;1;1;;;2
16/04/2020;11:20:00;97;sem vítima;616;BR-324/BA;Oeste;Colisão Lateral;1;2;;;;;1
17/04/2020;11:43:00;98;sem vítima;534,5;BR-116/BA;Sul;Saida de Pista;1;1;;;;;1
17/04/2020;14:56:00;142;sem vítima;532;BR-324/BA;Oeste;Colisão Traseira;1;3;;;;;1
18/04/2020;07:07:00;28;sem vítima;631;BR-116/BA;Norte;Colisão Transversal;1;2;;;;;1
18/04/2020;07:19:00;32;sem vítima;699;BR-116/BA;Norte;Tombamento;1;1;;;;;1
19/04/2020;02:26:00;12;com vítima;616;BR-116/BA;Sul;Tombamento;1;0;1;;;;1
23/04/2020;11:27:00;79;sem vítima;593,1;BR-324/BA;Oeste;Saida de Pista;1;3;;;;;1
23/04/2020;18:36:00;162;sem vítima;525;BR-324/BA;Oeste;Colisão Traseira;1;2;;;;;1
24/04/2020;02:30:00;5;sem vítima;448,7;BR-116/BA;Norte;Saida de Pista;1;2;;;;;1
24/04/2020;07:56:00;57;com vítima;763;BR-116/BA;Norte;Colisão Frontal;1;1;;;1;;2
24/04/2020;10:17:00;108;sem vítima;736;BR-116/BA;Norte;Tombamento;1;1;;;;;1
25/04/2020;05:09:00;18;sem vítima;576,5;BR-324/BA;Leste;Saida de Pista;1;1;;;;;1
25/04/2020;11:53:00;89;sem vítima;12,5;BR-116/BA - Cont VC;Norte;Colisão Traseira;1;2;;;;;1
25/04/2020;17:37:00;151;sem vítima;466,4;BR-116/BA;Norte;Tombamento;1;1;;;;;1
27/04/2020;09:45:00;100;sem vítima;565,1;BR-324/BA;Oeste;Saida de Pista;1;1;;;;;1
27/04/2020;10:43:00;128;sem vítima;537;BR-324/BA;Oeste;Saida de Pista;1;1;;;;;1
28/04/2020;06:12:00;20;sem vítima;784,6;BR-116/BA;Norte;Saida de Pista;1;1;;;;;1
29/04/2020;05:28:00;12;sem vítima;597,5;BR-116/BA;Sul;Saida de Pista;1;3;;;;;1
29/04/2020;06:40:00;22;com vítima;817,8;BR-116/BA;Norte;Colisão Transversal;1;1;;1;;;2
30/04/2020;06:24:00;17;com vítima;525;BR-324/BA;Leste;Colisão Traseira;2;1;1;;1;;2
30/04/2020;15:01:00;126;com vítima;814,9;BR-116/BA;Sul;Atropelamento de Pedestre;1;2;;;;1;3
30/04/2020;15:18:00;132;sem vítima;593,6;BR-116/BA;Sul;Saida de Pista;1;1;;;;;1
30/04/2020;20:04:00;197;com vítima;932;BR-116/BA;Norte;Colisão Lateral;1;1;1;;1;;2
30/04/2020;21:44:00;221;sem vítima;555;BR-324/BA;Oeste;Colisão Traseira;1;6;;;;;1
02/01/2020;08:29:00;78;sem vítima;619;BR-324/BA;Oeste;Colisão Traseira;1;2;;;;;1
02/01/2020;12:46:00;153;sem vítima;662;BR-116/BA;Norte;Saida de Pista;1;1;;;;;1
02/01/2020;13:11:00;158;sem vítima;530,2;BR-324/BA;Oeste;Saida de Pista;1;1;;;;;1
02/01/2020;15:24:00;190;com vítima;439;BR-116/BA;Sul;Engavetamento;1;26;2;1;;;2
02/01/2020;23:20:00;271;com vítima;524,4;BR-116/BA;Sul;Colisão Frontal;1;0;;1;;1;3
03/01/2020;03:41:00;10;sem vítima;584;BR-324/BA;Leste;Tombamento;1;3;;;;;1
03/01/2020;05:13:00;15;com vítima;508,5;BR-116/BA;Sul;Colisão Lateral;1;13;3;1;;;2
03/01/2020;08:15:00;70;com vítima;695,8;BR-116/BA;Norte;Colisão Frontal;1;1;2;1;1;;2
03/01/2020;10:41:00;123;sem vítima;548;BR-324/BA;Leste;Choque Contra Objeto Fixo;1;1;;;;;1
03/01/2020;11:08:00;130;sem vítima;526,5;BR-116/BA;Sul;Colisão Lateral;1;4;;;;;1
04/01/2020;20:21:00;244;sem vítima;560;BR-324/BA;Oeste;Atropelamento de Animal;1;1;;;;;1
04/01/2020;21:52:00;265;sem vítima;521,8;BR-324/BA;Leste;Atropelamento de Animal;1;1;;;;;1
05/01/2020;11:44:00;90;com vítima;861;BR-116/BA;Norte;Colisão Lateral;2;7;1;1;;1;3
06/01/2020;14:10:00;199;sem vítima;556,2;BR-324/BA;Leste;Choque Contra Objeto Fixo;1;1;;;;;1
07/01/2020;00:51:00;4;sem vítima;551;BR-324/BA;Oeste;Colisão Lateral;2;2;;;;;1
08/01/2020;17:32:00;203;sem vítima;529;BR-324/BA;Oeste;Engavetamento;1;3;;;;;1
09/01/2020;08:04:00;76;sem vítima;695;BR-116/BA;Sul;Colisão Traseira;2;2;;;;;1
09/01/2020;10:34:00;114;sem vítima;7;BR-116/BA - ContSuFS;Sul;Engavetamento;1;11;;;;;1
09/01/2020;20:22:00;242;com vítima;574;BR-116/BA;Sul;Colisão Transversal;1;1;;1;;;2
10/01/2020;09:49:00;95;sem vítima;554;BR-116/BA;Norte;Colisão Lateral;1;2;;;;;1
10/01/2020;12:27:00;133;sem vítima;828,3;BR-116/BA;Sul;Tombamento;1;1;;;;;1
10/01/2020;15:21:00;170;sem vítima;613;BR-324/BA;Oeste;Colisão Traseira;1;2;;;;;1
10/01/2020;15:48:00;181;com vítima;632,7;BR-116/BA;Norte;Atropelamento de Pedestre;1;1;;;1;;2
10/01/2020;17:04:00;201;sem vítima;831;BR-116/BA;Norte;Engavetamento;2;6;;;;;1
10/01/2020;18:15:00;228;sem vítima;9;BR-116/BA - Cont VC;Sul;Colisão Transversal;1;2;;;;;1
11/01/2020;00:22:00;4;sem vítima;539;BR-324/BA;Oeste;Colisão Traseira;1;2;;;;;1
11/01/2020;04:03:00;16;com vítima;684;BR-116/BA;Sul;Colisão Frontal;1;1;2;2;;1;3
11/01/2020;11:31:00;104;sem vítima;603,8;BR-324/BA;Oeste;Saida de Pista;1;1;;;;;1
11/01/2020;14:45:00;138;com vítima;902;BR-116/BA;Sul;Saida de Pista;1;0;1;;;;1
13/01/2020;03:09:00;15;com vítima;621;BR-324/BA;Leste;Colisão Traseira;1;1;1;;;;1
13/01/2020;13:01:00;141;com vítima;577;BR-116/BA;Sul;Colisão Traseira;1;1;;1;;;2
14/01/2020;20:20:00;254;com vítima;818;BR-116/BA;Sul;Atropelamento - Ciclista;1;1;;1;;;2
15/01/2020;03:32:00;8;sem vítima;540;BR-324/BA;Leste;Colisão Traseira;2;2;;;;;1
16/01/2020;03:11:00;11;sem vítima;568;BR-324/BA;Leste;Colisão Traseira;1;4;;;;;1
16/01/2020;10:55:00;118;sem vítima;544,7;BR-116/BA;Norte;Colisão Lateral;1;2;;;;;1
16/01/2020;13:16:00;139;sem vítima;16,5;BR-116/BA - Cont VC;Norte;Colisão Lateral;1;2;;;;;1
16/01/2020;19:29:00;246;sem vítima;646,7;BR-116/BA;Norte;Tombamento;1;1;;;;;1
17/01/2020;08:52:00;85;sem vítima;764,8;BR-116/BA;Sul;Colisão Traseira;2;2;;;;;1
17/01/2020;15:57:00;192;sem vítima;568;BR-324/BA;Oeste;Colisão Traseira;1;4;;;;;1
17/01/2020;22:28:00;310;sem vítima;735;BR-116/BA;Sul;Colisão Traseira;1;6;;;;;1
17/01/2020;23:44:00;318;com vítima;606;BR-116/BA;Sul;Colisão Traseira;2;1;;1;;;2
18/01/2020;04:12:00;22;sem vítima;559;BR-324/BA;Leste;Saida de Pista;1;2;;;;;1
18/01/2020;07:15:00;43;sem vítima;620;BR-324/BA;Leste;Colisão Lateral;1;2;;;;;1
18/01/2020;10:18:00;83;sem vítima;5;BR-116/BA - ContSuFS;Sul;Colisão Traseira;1;2;;;;;1
19/01/2020;06:01:00;19;sem vítima;813;BR-116/BA;Sul;Colisão Lateral;1;2;;;;;1
20/01/2020;07:11:00;33;sem vítima;613,07;BR-324/BA;Leste;Engavetamento;2;5;;;;;1
20/01/2020;07:38:00;44;sem vítima;610;BR-324/BA;Oeste;Colisão Traseira;1;32;;;;;1
20/01/2020;13:49:00;179;com vítima;764;BR-116/BA;Sul;Colisão Lateral;1;1;1;;;;1
20/01/2020;17:45:00;243;com vítima;7;BR-116/BA - Cont VC;Sul;Colisão Traseira;1;2;2;;;;1
22/01/2020;04:54:00;15;sem vítima;548,8;BR-324/BA;Leste;Saida de Pista;1;3;;;;;1
22/01/2020;09:34:00;98;sem vítima;625,8;BR-324/BA;Leste;Colisão Lateral;1;2;;;;;1
22/01/2020;10:11:00;113;sem vítima;555,1;BR-324/BA;Oeste;Colisão Lateral;1;4;;;;;1
22/01/2020;10:30:00;120;sem vítima;466,4;BR-116/BA;Norte;Colisão Traseira;1;3;;;;;1
22/01/2020;15:42:00;194;com vítima;606;BR-324/BA;Oeste;Atropelamento de Pedestre;1;1;;1;;;2
22/01/2020;15:56:00;198;com vítima;680;BR-116/BA;Sul;Engavetamento;2;12;1;;;;1
22/01/2020;18:35:00;250;com vítima;589;BR-116/BA;Sul;Colisão Traseira;2;4;;1;;;2
23/01/2020;06:38:00;20;sem vítima;843;BR-116/BA;Norte;Colisão Lateral;2;2;;;;;1
23/01/2020;10:30:00;86;com vítima;446;BR-116/BA;Sul;Colisão Traseira;1;42;1;;1;;2
23/01/2020;20:46:00;234;sem vítima;539;BR-116/BA;Norte;Colisão Lateral;1;2;;;;;1
24/01/2020;04:38:00;14;com vítima;890;BR-116/BA;Norte;Colisão Frontal;1;0;3;;;4;3
24/01/2020;05:42:00;21;com vítima;704;BR-116/BA;Sul;Colisão Lateral;2;2;;;1;3;3
24/01/2020;12:56:00;153;sem vítima;767;BR-116/BA;Norte;Engavetamento;2;3;;;;;1
25/01/2020;05:35:00;17;sem vítima;510;BR-116/BA;Norte;Saida de Pista;1;1;;;;;1
25/01/2020;06:06:00;22;sem vítima;912;BR-116/BA;Norte;Colisão Traseira;3;5;;;;;1
25/01/2020;09:54:00;71;sem vítima;792;BR-116/BA;Sul;Engavetamento;1;52;;;;;1
26/01/2020;06:01:00;23;com vítima;615,8;BR-116/BA;Sul;Saida de Pista;1;0;;2;;;2
26/01/2020;09:50:00;60;sem vítima;562,2;BR-116/BA;Sul;Saida de Pista;1;1;;;;;1
26/01/2020;11:04:00;71;sem vítima;755,5;BR-116/BA;Norte;Colisão Traseira;1;2;;;;;1
26/01/2020;12:17:00;85;sem vítima;714;BR-116/BA;Norte;Tombamento;1;1;;;;;1
26/01/2020;19:30:00;183;sem vítima;527;BR-324/BA;Leste;Saida de Pista;1;1;;;;;1
26/01/2020;21:44:00;216;sem vítima;643,9;BR-116/BA;Sul;Saida de Pista;1;1;;;;;1
27/01/2020;09:39:00;114;sem vítima;600;BR-324/BA;Leste;Colisão Lateral;1;4;;;;;1
27/01/2020;19:54:00;289;com vítima;753,5;BR-116/BA;Sul;Colisão Frontal;1;2;1;2;1;1;3
28/01/2020;09:13:00;96;sem vítima;596,4;BR-116/BA;Sul;Saida de Pista;1;1;;;;;1
28/01/2020;19:00:00;274;sem vítima;469,2;BR-116/BA;Sul;Colisão Lateral;2;2;;;;;1
29/01/2020;10:05:00;109;sem vítima;817;BR-116/BA;Sul;Engavetamento;2;3;;;;;1
29/01/2020;16:02:00;203;com vítima;728;BR-116/BA;Sul;Colisão Lateral;1;1;1;1;;;2
30/01/2020;09:27:00;79;sem vítima;618,9;BR-116/BA;Sul;Saida de Pista;1;2;;;;;1
30/01/2020;19:28:00;218;sem vítima;777;BR-116/BA;Norte;Colisão Traseira;1;2;;;;;1
30/01/2020;21:05:00;235;com vítima;812,8;BR-116/BA;Norte;Colisão Lateral;1;4;3;;1;;2
31/01/2020;10:51:00;91;sem vítima;616;BR-324/BA;Oeste;Colisão Traseira;1;4;;;;;1
31/01/2020;12:34:00;112;sem vítima;551;BR-324/BA;Oeste;Colisão Traseira;1;2;;;;;1
01/02/2020;06:27:00;33;sem vítima;537;BR-324/BA;Oeste;Colisão Traseira;1;2;;;;;1
01/02/2020;11:13:00;94;sem vítima;873;BR-116/BA;Sul;Colisão Traseira;2;2;;;;;1
01/02/2020;19:31:00;213;com vítima;703;BR-116/BA;Norte;Saida de Pista;1;0;1;;;;1
02/02/2020;03:21:00;16;sem vítima;769;BR-116/BA;Norte;Colisão Lateral;1;8;;;;;1
02/02/2020;17:32:00;177;sem vítima;830,5;BR-116/BA;Norte;Engavetamento;2;62;;;;;1
02/02/2020;19:51:00;211;sem vítima;574,7;BR-116/BA;Norte;Colisão Traseira;1;2;;;;;1
03/02/2020;12:37:00;138;sem vítima;494;BR-116/BA;Sul;Engavetamento;1;5;;;;;1
03/02/2020;16:37:00;198;com vítima;813;BR-116/BA;Sul;Sequência;1;2;;1;;1;3
03/02/2020;17:21:00;211;com vítima;827;BR-116/BA;Sul;Colisão Transversal;1;1;2;;;;1
04/02/2020;09:31:00;110;sem vítima;603;BR-324/BA;Oeste;Sequência;1;18;;;;;1
05/02/2020;09:24:00;94;sem vítima;639;BR-116/BA;Sul;Tombamento;1;1;;;;;1
06/02/2020;12:42:00;120;sem vítima;595;BR-324/BA;Oeste;Saida de Pista;1;1;;;;;1
07/02/2020;13:30:00;153;sem vítima;601;BR-324/BA;Leste;Colisão Traseira;2;2;;;;;1
07/02/2020;13:55:00;159;sem vítima;525,4;BR-116/BA;Sul;Colisão Traseira;2;2;;;;;1
08/02/2020;04:08:00;11;com vítima;802;BR-116/BA;Sul;Saida de Pista;1;0;;1;;;2
08/02/2020;17:15:00;158;sem vítima;572,2;BR-116/BA;Sul;Saida de Pista;1;1;;;;;1
09/02/2020;20:03:00;178;com vítima;764;BR-116/BA;Sul;Colisão Frontal;2;0;;1;;1;3
12/02/2020;09:10:00;81;com vítima;790;BR-116/BA;Norte;Colisão Lateral;1;1;2;;;;1
12/02/2020;16:26:00;183;sem vítima;670,1;BR-116/BA;Norte;Colisão Lateral;1;4;;;;;1
12/02/2020;17:08:00;191;sem vítima;615;BR-324/BA;Leste;Sequência;1;3;;;;;1
14/02/2020;05:38:00;20;com vítima;441,7;BR-116/BA;Norte;Saida de Pista;1;0;1;;;1;3
14/02/2020;08:50:00;85;sem vítima;587,9;BR-324/BA;Leste;Saida de Pista;1;3;;;;;1
14/02/2020;10:30:00;113;sem vítima;531,5;BR-324/BA;Leste;Engavetamento;1;4;;;;;1
14/02/2020;20:34:00;277;com vítima;7,9;BR-116/BA - Cont VC;Sul;Tombamento;1;0;1;;;;1
14/02/2020;20:53:00;280;sem vítima;7;BA-526;Norte;Saida de Pista;1;1;;;;;1
15/02/2020;06:47:00;28;com vítima;682;BR-116/BA;Norte;Saida de Pista;1;0;1;;;;1
15/02/2020;12:08:00;103;sem vítima;523;BR-324/BA;Leste;Saida de Pista;1;2;;;;;1
15/02/2020;14:36:00;127;sem vítima;710;BR-116/BA;Norte;Colisão Traseira;2;2;;;;;1
15/02/2020;15:12:00;137;com vítima;603;BR-116/BA;Norte;Colisão Lateral;1;2;;1;;;2
16/02/2020;11:03:00;59;sem vítima;512,2;BR-116/BA;Sul;Colisão Transversal;2;2;;;;;1
16/02/2020;15:23:00;112;sem vítima;843;BR-116/BA;Norte;Colisão Traseira;1;2;;;;;1
17/02/2020;05:18:00;19;com vítima;614;BR-116/BA;Norte;Colisão Traseira;1;37;3;1;;;2
17/02/2020;05:43:00;23;sem vítima;632;BR-116/BA;Norte;Engavetamento;1;3;;;;;1
18/02/2020;04:22:00;5;sem vítima;545,4;BR-116/BA;Sul;Colisão Lateral;3;3;;;;;1
18/02/2020;12:22:00;138;com vítima;909,3;BR-116/BA;Sul;Colisão Traseira;1;3;1;;;;1
19/02/2020;10:39:00;117;sem vítima;512;BR-116/BA;Sul;Colisão Traseira;2;2;;;;;1
19/02/2020;13:30:00;151;sem vítima;621,5;BR-324/BA;Leste;Engavetamento;1;3;;;;;1
19/02/2020;17:16:00;216;com vítima;644;BR-116/BA;Norte;Colisão Traseira;2;1;1;;;;1
19/02/2020;18:48:00;228;sem vítima;427;BR-116/BA;Norte;Colisão Lateral;1;5;;;;;1
19/02/2020;20:37:00;245;sem vítima;446,8;BR-116/BA;Sul;Colisão Traseira;2;2;;;;;1
20/02/2020;04:02:00;13;sem vítima;560;BR-324/BA;Leste;Tombamento;1;2;;;;;1
20/02/2020;07:51:00;63;sem vítima;615;BR-324/BA;Leste;Choque Contra Objeto Fixo;1;2;;;;;1
20/02/2020;10:20:00;106;sem vítima;549,7;BR-116/BA;Sul;Saida de Pista;1;1;;;;;1
20/02/2020;18:37:00;272;sem vítima;765;BR-116/BA;Norte;Colisão Lateral;2;2;;;;;1
22/02/2020;01:19:00;8;com vítima;24;BR-116/BA - Cont VC;Sul;Colisão Frontal;1;1;1;;;;1
22/02/2020;06:18:00;31;sem vítima;530,1;BR-324/BA;Oeste;Colisão Traseira;1;2;;;;;1
22/02/2020;13:45:00;146;sem vítima;584,8;BR-324/BA;Leste;Saida de Pista;1;1;;;;;1
22/02/2020;15:18:00;178;com vítima;563,4;BR-116/BA;Sul;Colisão Frontal;2;1;2;;;1;3
22/02/2020;17:38:00;215;sem vítima;871;BR-116/BA;Sul;Engavetamento;2;3;;;;;1
23/02/2020;00:13:00;5;sem vítima;16,2;BR-116/BA - Cont VC;Norte;Atropelamento de Animal;1;1;;;;;1
23/02/2020;10:27:00;82;sem vítima;931,8;BR-116/BA;Sul;Colisão Traseira;2;2;;;;;1
24/02/2020;11:59:00;80;com vítima;696;BR-116/BA;Norte;Sequência;1;3;1;;;;1
25/02/2020;07:59:00;41;com vítima;849;BR-116/BA;Norte;Tombamento;1;0;1;;;;1
25/02/2020;13:19:00;96;com vítima;448;BR-116/BA;Norte;Saida de Pista;1;0;;1;;;2
25/02/2020;13:58:00;101;sem vítima;769,8;BR-116/BA;Norte;Tombamento;1;1;;;;;1
25/02/2020;20:18:00;185;sem vítima;495;BR-116/BA;Norte;Colisão Traseira;1;3;;;;;1
26/02/2020;13:40:00;133;sem vítima;555;BR-324/BA;Oeste;Colisão Traseira;1;2;;;;;1
26/02/2020;13:55:00;136;sem vítima;569,3;BR-116/BA;Sul;Saida de Pista;1;1;;;;;1
27/02/2020;08:38:00;76;sem vítima;620,5;BR-324/BA;Leste;Tombamento;1;3;;;;;1
27/02/2020;15:26:00;175;sem vítima;563,6;BR-324/BA;Leste;Colisão Traseira;1;2;;;;;1
28/02/2020;12:17:00;130;sem vítima;834,2;BR-116/BA;Norte;Colisão Traseira;2;2;;;;;1
29/02/2020;07:37:00;53;com vítima;691;BR-116/BA;Norte;Tombamento;1;0;1;;;;1
29/02/2020;09:19:00;84;com vítima;621;BR-324/BA;Leste;Saida de Pista;1;0;1;;;;1
29/02/2020;11:32:00;118;sem vítima;647;BR-116/BA;Sul;Colisão Traseira;1;5;;;;;1
29/02/2020;12:05:00;124;sem vítima;639;BR-116/BA;Sul;Tombamento;1;1;;;;;1
29/02/2020;13:22:00;131;com vítima;877;BR-116/BA;Sul;Colisão Lateral;1;2;1;;;;1
29/02/2020;16:49:00;199;com vítima;696,3;BR-116/BA;Sul;Saida de Pista;1;0;;;;1;3
01/08/2020;00:52:00;4;ASV - Acidente SEM Vítima;757,6;BR-116/BA;Sul;Choque Contra Objeto Fixo;1;1;;;;;1
01/08/2020;07:37:00;48;AV - Acidente com VITIMA;719;BR-116/BA;Sul;Colisão Frontal;1;2;;2;;;2
01/08/2020;07:44:00;51;ASV - Acidente SEM Vítima;544;BR-116/BA;Sul;Colisão Traseira;2;2;;;;;1
01/08/2020;10:38:00;95;ASV - Acidente SEM Vítima;777;BR-116/BA;Norte;Colisão Traseira;2;2;;;;;1
01/08/2020;14:58:00;144;ASV - Acidente SEM Vítima;616,4;BR-116/BA;Sul;Colisão Traseira;2;3;;;;;1
01/08/2020;19:49:00;206;ASV - Acidente SEM Vítima;694;BR-116/BA;Sul;Engavetamento;3;3;;;;;1
02/08/2020;06:23:00;19;ASV - Acidente SEM Vítima;438;BR-116/BA;Sul;Tombamento;1;1;;;;;1
03/08/2020;11:19:00;127;AV - Acidente com VITIMA;617,8;BR-116/BA;Sul;Sequência;2;5;;1;;;2
03/08/2020;11:55:00;138;AV - Acidente com VITIMA;531;BR-324/BA;Oeste;Outros;1;0;;1;;;2
03/08/2020;16:18:00;188;ASV - Acidente SEM Vítima;525;BR-324/BA;Oeste;Colisão Lateral;2;2;;;;;1
04/08/2020;09:35:00;90;ASV - Acidente SEM Vítima;614;BR-324/BA;Leste;Engavetamento;2;3;;;;;1
04/08/2020;09:50:00;100;ASV - Acidente SEM Vítima;582;BR-324/BA;Oeste;Saida de Pista;1;1;;;;;1
04/08/2020;11:54:00;109;ASV - Acidente SEM Vítima;599;BR-324/BA;Oeste;Colisão Traseira;1;2;;;;;1
04/08/2020;10:51:00;117;AV - Acidente com VITIMA;735;BR-116/BA;Norte;Colisão Traseira;1;2;1;;;;1
04/08/2020;12:08:00;122;ASV - Acidente SEM Vítima;622,35;BR-324/BA;Oeste;Colisão Traseira;1;7;;;;;1
04/08/2020;13:39:00;143;AV - Acidente com VITIMA;493;BR-116/BA;Sul;Colisão Traseira;1;2;;2;;;2
04/08/2020;23:01:00;245;ASV - Acidente SEM Vítima;434;BR-116/BA;Sul;Tombamento;1;1;;;;;1
05/08/2020;16:15:00;188;AV - Acidente com VITIMA;764;BR-116/BA;Sul;Colisão Transversal;1;2;;;1;;2
05/08/2020;17:03:00;196;AV - Acidente com VITIMA;514;BR-116/BA;Norte;Colisão Lateral;1;1;1;;;;1
05/08/2020;20:41:00;245;AV - Acidente com VITIMA;616;BR-324/BA;Oeste;Sequência;1;1;2;;;;1
06/08/2020;02:07:00;19;ASV - Acidente SEM Vítima;427,2;BR-116/BA;Norte;Tombamento;1;1;;;;;1
06/08/2020;07:56:00;68;ASV - Acidente SEM Vítima;570;BR-324/BA;Leste;Colisão Traseira;2;2;;;;;1
06/08/2020;09:56:00;113;ASV - Acidente SEM Vítima;614,4;BR-116/BA;Sul;Saida de Pista;1;1;;;;;1
06/08/2020;13:41:00;169;ASV - Acidente SEM Vítima;560;BR-324/BA;Leste;Saida de Pista;1;1;;;;;1