data;horario;n_da_ocorrencia;tipo_de_ocorrencia;km;trecho;sentido;tipo_de_acidente;caminhao;ilesos;levemente_feridos;moderadamente_feridos;gravemente_feridos;mortos;3
06/08/2020;17:54:00;245;AV - Acidente com VITIMA;649;BR-116/BA;Norte;Colisão Frontal;2;1;;2;;;2
07/08/2020;10:31:00;129;ASV - Acidente SEM Vítima;590;BR-324/BA;Oeste;Colisão Lateral;1;2;;;;;1
07/08/2020;13:52:00;182;ASV - Acidente SEM Vítima;569;BR-324/BA;Oeste;Saida de Pista;1;1;;;;;1
07/08/2020;14:41:00;208;ASV - Acidente SEM Vítima;527,6;BR-324/BA;Oeste;Engavetamento;3;11;;;;;1
07/08/2020;18:28:00;273;ASV - Acidente SEM Vítima;566;BR-116/BA;Norte;Colisão Traseira;2;2;;;;;1
07/08/2020;19:16:00;289;ASV - Acidente SEM Vítima;470;BR-116/BA;Norte;Sequência;1;3;;;;;1
08/08/2020;17:09:00;191;AV - Acidente com VITIMA;8,9;BR-116/BA - Cont VC;Sul;Atropelamento de Pedestre;1;1;;;1;;2
08/08/2020;18:35:00;218;ASV - Acidente SEM Vítima;865,3;BR-116/BA;Sul;Engavetamento;3;3;;;;;1
09/08/2020;16:37:00;167;ASV - Acidente SEM Vítima;640,5;BR-116/BA;Norte;Saida de Pista;1;1;;;;;1
09/08/2020;17:05:00;176;ASV - Acidente SEM Vítima;26,5;BR-116/BA - Cont VC;Norte;Engavetamento;1;3;;;;;1
09/08/2020;17:39:00;189;ASV - Acidente SEM Vítima;546;BR-116/BA;Sul;Saida de Pista;1;2;;;;;1
09/08/2020;18:58:00;210;ASV - Acidente SEM Vítima;535;BR-116/BA;Norte;Saida de Pista;1;1;;;;;1
09/08/2020;19:25:00;215;ASV - Acidente SEM Vítima;26,7;BR-116/BA - Cont VC;Norte;Colisão Lateral;1;2;;;;;1
10/08/2020;15:45:00;170;ASV - Acidente SEM Vítima;537;BR-324/BA;Leste;Colisão Lateral;1;2;;;;;1
11/08/2020;06:05:00;24;ASV - Acidente SEM Vítima;560;BR-324/BA;Oeste;Tombamento;1;1;;;;;1
11/08/2020;07:41:00;58;ASV - Acidente SEM Vítima;615;BR-324/BA;Leste;Colisão Traseira;1;2;;;;;1
11/08/2020;13:49:00;134;ASV - Acidente SEM Vítima;568;BR-324/BA;Oeste;Saida de Pista;1;1;;;;;1
11/08/2020;14:50:00;147;AV - Acidente com VITIMA;607;BR-324/BA;Leste;Colisão Traseira;1;1;1;;;;1
11/08/2020;16:25:00;181;ASV - Acidente SEM Vítima;527;BR-324/BA;Oeste;Engavetamento;3;8;;;;;1
11/08/2020;22:30:00;264;ASV - Acidente SEM Vítima;443,2;BR-116/BA;Sul;Colisão Traseira;2;2;;;;;1
12/08/2020;07:01:00;46;AV - Acidente com VITIMA;622,6;BR-324/BA;Leste;Engavetamento;1;7;1;;;;1
12/08/2020;13:26:00;158;ASV - Acidente SEM Vítima;5;BR-116/BA - ContSuFS;Norte;Saida de Pista;1;1;;;;;1
12/08/2020;16:34:00;212;ASV - Acidente SEM Vítima;561;BR-324/BA;Oeste;Colisão Lateral;2;3;;;;;1
12/08/2020;22:58:00;273;AF - Acidente com Vitima Fatal;625,5;BR-116/BA;Sul;Colisão Lateral;3;0;1;2;;2;3
12/08/2020;23:06:00;275;ASV - Acidente SEM Vítima;596;BR-116/BA;Sul;Saida de Pista;1;2;;;;;1
13/08/2020;01:09:00;4;ASV - Acidente SEM Vítima;756,8;BR-116/BA;Sul;Saida de Pista;1;1;;;;;1
13/08/2020;04:55:00;14;ASV - Acidente SEM Vítima;599;BR-324/BA;Leste;Colisão Traseira;1;2;;;;;1
13/08/2020;05:25:00;19;ASV - Acidente SEM Vítima;548,3;BR-116/BA;Sul;Saida de Pista;1;1;;;;;1
13/08/2020;07:02:00;41;ASV - Acidente SEM Vítima;561;BR-324/BA;Oeste;Saida de Pista;1;1;;;;;1
13/08/2020;11:33:00;125;ASV - Acidente SEM Vítima;565;BR-324/BA;Oeste;Saida de Pista;1;1;;;;;1
13/08/2020;13:16:00;148;ASV - Acidente SEM Vítima;596;BR-116/BA;Norte;Tombamento;1;1;;;;;1
13/08/2020;14:20:00;174;ASV - Acidente SEM Vítima;543,1;BR-324/BA;Leste;Colisão Lateral;1;2;;;;;1
13/08/2020;15:04:00;188;ASV - Acidente SEM Vítima;545;BR-324/BA;Leste;Colisão Lateral;1;2;;;;;1
15/08/2020;13:56:00;136;ASV - Acidente SEM Vítima;569;BR-324/BA;Oeste;Saida de Pista;1;1;;;;;1
15/08/2020;15:28:00;177;ASV - Acidente SEM Vítima;711,2;BR-116/BA;Norte;Colisão Traseira;2;2;;;;;1
15/08/2020;17:22:00;218;AV - Acidente com VITIMA;862;BR-116/BA;Norte;Colisão Lateral;1;0;;1;;;2
16/08/2020;08:41:00;62;A PP - Acidente envolvendo Produto Perigoso;910,4;BR-116/BA;Norte;Saida de Pista;1;1;;;;;1
17/08/2020;06:53:00;50;ASV - Acidente SEM Vítima;537;BR-324/BA;Leste;Engavetamento;1;9;;;;;1
17/08/2020;07:39:00;72;ASV - Acidente SEM Vítima;615;BR-324/BA;Leste;Colisão Traseira;1;2;;;;;1
17/08/2020;08:04:00;86;ASV - Acidente SEM Vítima;623;BR-116/BA;Norte;Saida de Pista;1;1;;;;;1
17/08/2020;11:24:00;165;AV - Acidente com VITIMA;747,5;BR-116/BA;Norte;Saida de Pista;1;0;1;;;;1
18/08/2020;09:09:00;79;ASV - Acidente SEM Vítima;552,3;BR-324/BA;Oeste;Tombamento;1;2;;;;;1
18/08/2020;09:20:00;83;ASV - Acidente SEM Vítima;925;BR-116/BA;Norte;Saida de Pista;1;1;;;;;1
18/08/2020;10:11:00;95;AV - Acidente com VITIMA;775;BR-116/BA;Norte;Colisão Traseira;1;2;1;;;;1
18/08/2020;13:56:00;150;ASV - Acidente SEM Vítima;582;BR-324/BA;Oeste;Tombamento;1;1;;;;;1
19/08/2020;06:31:00;26;ASV - Acidente SEM Vítima;459;BR-116/BA;Sul;Saida de Pista;1;1;;;;;1
19/08/2020;07:15:00;36;ASV - Acidente SEM Vítima;912;BR-116/BA;Sul;Colisão Traseira;1;3;;;;;1
19/08/2020;08:12:00;54;ASV - Acidente SEM Vítima;551;BR-324/BA;Leste;Colisão Lateral;1;2;;;;;1
19/08/2020;08:38:00;58;ASV - Acidente SEM Vítima;559,3;BR-116/BA;Sul;Tombamento;1;1;;;;;1
20/08/2020;04:03:00;17;ASV - Acidente SEM Vítima;603;BR-324/BA;Leste;Colisão Traseira;1;2;;;;;1
20/08/2020;09:53:00;103;ASV - Acidente SEM Vítima;644;BR-116/BA;Norte;Colisão Traseira;2;2;;;;;1
20/08/2020;18:21:00;237;ASV - Acidente SEM Vítima;591;BR-324/BA;Oeste;Colisão Lateral;1;4;;;;;1
21/08/2020;07:28:00;48;ASV - Acidente SEM Vítima;524,4;BR-324/BA;Leste;Colisão Traseira;2;2;;;;;1
21/08/2020;10:47:00;108;A PP - Acidente envolvendo Produto Perigoso;551;BR-324/BA;Leste;Choque Contra Objeto Fixo;1;1;;;;;1
21/08/2020;15:35:00;179;ASV - Acidente SEM Vítima;551;BR-324/BA;Oeste;Colisão Traseira;1;2;;;;;1
22/08/2020;17:10:00;214;AV - Acidente com VITIMA;528,1;BR-116/BA;Norte;Saida de Pista;1;0;1;;;;1
22/08/2020;18:33:00;235;ASV - Acidente SEM Vítima;0;BR-116/BA - ContSuFS;Sul;Colisão Lateral;1;2;;;;;1
22/08/2020;21:37:00;275;ASV - Acidente SEM Vítima;427,2;BR-116/BA;Sul;Atropelamento de Animal;1;1;;;;;1
22/08/2020;23:24:00;291;ASV - Acidente SEM Vítima;556,3;BR-116/BA;Sul;Colisão Frontal;1;2;;;;;1
23/08/2020;15:47:00;134;ASV - Acidente SEM Vítima;592;BR-116/BA;Sul;Colisão Lateral;1;2;;;;;1
23/08/2020;18:59:00;172;AF - Acidente com Vitima Fatal;745;BR-116/BA;Norte;Colisão Frontal;1;1;;;2;2;3
23/08/2020;22:47:00;212;ASV - Acidente SEM Vítima;745;BR-116/BA;Norte;Colisão Traseira;1;2;;;;;1
24/08/2020;05:40:00;24;AV - Acidente com VITIMA;427;BR-116/BA;Norte;Tombamento;1;0;1;;;;1
24/08/2020;07:48:00;66;ASV - Acidente SEM Vítima;805;BR-116/BA;Norte;Colisão Traseira;1;2;;;;;1
24/08/2020;09:44:00;103;ASV - Acidente SEM Vítima;698;BR-116/BA;Norte;Colisão Traseira;1;2;;;;;1
24/08/2020;17:23:00;214;AV - Acidente com VITIMA;555;BR-116/BA;Norte;Tombamento;1;0;1;;;;1
25/08/2020;16:58:00;208;ASV - Acidente SEM Vítima;591;BR-324/BA;Oeste;Colisão Traseira;2;3;;;;;1
25/08/2020;19:04:00;233;ASV - Acidente SEM Vítima;518;BR-324/BA;Oeste;Colisão Traseira;1;2;;;;;1
25/08/2020;20:18:00;248;ASV - Acidente SEM Vítima;592,75;BR-324/BA;Leste;Colisão Traseira;2;2;;;;;1
27/08/2020;05:35:00;22;ASV - Acidente SEM Vítima;760,1;BR-116/BA;Norte;Engavetamento;1;15;;;;;1
27/08/2020;19:50:00;252;ASV - Acidente SEM Vítima;586;BR-324/BA;Leste;Saida de Pista;1;1;;;;;1
28/08/2020;01:16:00;6;AV - Acidente com VITIMA;818,001;BR-116/BA;Sul;Colisão Traseira;1;1;;;1;;2
28/08/2020;02:53:00;11;AV - Acidente com VITIMA;908,2;BR-116/BA;Sul;Colisão Lateral;1;1;;1;;;2
28/08/2020;11:36:00;115;ASV - Acidente SEM Vítima;912,15;BR-116/BA;Norte;Saida de Pista;1;1;;;;;1
28/08/2020;14:06:00;144;ASV - Acidente SEM Vítima;598,8;BR-324/BA;Oeste;Colisão Traseira;1;2;;;;;1
28/08/2020;23:23:00;246;AV - Acidente com VITIMA;911,25;BR-116/BA;Norte;Colisão Traseira;1;1;;1;;;2
29/08/2020;10:25:00;104;ASV - Acidente SEM Vítima;821,4;BR-116/BA;Sul;Saida de Pista;1;1;;;;;1
29/08/2020;13:28:00;146;ASV - Acidente SEM Vítima;803;BR-116/BA;Norte;Engavetamento;2;3;;;;;1
30/08/2020;06:26:00;36;ASV - Acidente SEM Vítima;594,4;BR-116/BA;Sul;Colisão Lateral;2;2;;;;;1
30/08/2020;09:08:00;78;AV - Acidente com VITIMA;591;BR-324/BA;Leste;Colisão Traseira;1;1;4;1;;;2
30/08/2020;10:59:00;109;ASV - Acidente SEM Vítima;765;BR-116/BA;Sul;Colisão Traseira;1;2;;;;;1
30/08/2020;14:01:00;151;ASV - Acidente SEM Vítima;595;BR-324/BA;Leste;Colisão Traseira;1;5;;;;;1
31/08/2020;17:06:00;259;ASV - Acidente SEM Vítima;623,1;BR-324/BA;Oeste;Colisão Traseira;1;2;;;;;1
31/08/2020;18:41:00;281;ASV - Acidente SEM Vítima;491;BR-116/BA;Sul;Colisão Lateral;1;2;;;;;1
01/09/2020;14:39:00;180;AV - Acidente com VITIMA;605;BR-324/BA;Oeste;Atropelamento de Pedestre;1;1;;1;;;2
01/09/2020;17:15:00;201;A PP - Acidente envolvendo Produto Perigoso;474;BR-116/BA;Sul;Saida de Pista;1;1;;;;;1
02/09/2020;04:59:00;12;ASV - Acidente SEM Vítima;584,8;BR-324/BA;Leste;Colisão Traseira;1;7;;;;;1
02/09/2020;10:32:00;112;AV - Acidente com VITIMA;638,1;BR-116/BA;Norte;Saida de Pista;1;0;;1;;;2
02/09/2020;14:28:00;171;ASV - Acidente SEM Vítima;561;BR-324/BA;Oeste;Colisão Lateral;1;5;;;;;1
03/09/2020;12:54:00;128;ASV - Acidente SEM Vítima;594;BR-116/BA;Norte;Colisão Traseira;1;2;;;;;1
03/09/2020;16:49:00;194;ASV - Acidente SEM Vítima;1;BR-116/BA - ContSuFS;Norte;Colisão Traseira;2;2;;;;;1
03/09/2020;19:13:00;227;ASV - Acidente SEM Vítima;574;BR-324/BA;Oeste;Saida de Pista;1;1;;;;;1
03/09/2020;20:49:00;242;AV - Acidente com VITIMA;757,5;BR-116/BA;Sul;Colisão Frontal;1;1;;2;;;2
03/09/2020;20:56:00;243;ASV - Acidente SEM Vítima;595;BR-324/BA;Leste;Colisão Traseira;2;2;;;;;1
04/09/2020;20:25:00;294;AV - Acidente com VITIMA;805;BR-116/BA;Norte;Colisão Transversal;1;1;2;;;;1
05/09/2020;02:37:00;18;AV - Acidente com VITIMA;743,5;BR-116/BA;Sul;Colisão Lateral;1;1;1;;;;1
05/09/2020;04:18:00;22;AV - Acidente com VITIMA;512;BR-116/BA;Sul;Saida de Pista;1;0;2;1;;;2
05/09/2020;07:09:00;45;ASV - Acidente SEM Vítima;579;BR-324/BA;Leste;Saida de Pista;1;1;;;;;1
05/09/2020;10:08:00;101;ASV - Acidente SEM Vítima;554;BR-324/BA;Leste;Saida de Pista;1;1;;;;;1
05/09/2020;23:23:00;261;AV - Acidente com VITIMA;432;BR-116/BA;Sul;Tombamento;1;0;;;1;;2
06/09/2020;10:14:00;82;ASV - Acidente SEM Vítima;544;BR-116/BA;Sul;Colisão Traseira;1;2;;;;;1
06/09/2020;11:24:00;96;ASV - Acidente SEM Vítima;843;BR-116/BA;Sul;Colisão Traseira;2;2;;;;;1
06/09/2020;13:13:00;119;AV - Acidente com VITIMA;428;BR-116/BA;Sul;Colisão Traseira;2;1;;1;;;2
06/09/2020;16:02:00;154;ASV - Acidente SEM Vítima;555;BR-116/BA;Norte;Tombamento;1;1;;;;;1
06/09/2020;20:57:00;201;AV - Acidente com VITIMA;815;BR-116/BA;Sul;Colisão Frontal;1;1;1;;;;1
07/09/2020;10:23:00;103;AV - Acidente com VITIMA;437,8;BR-116/BA;Norte;Sequência;1;2;1;;;;1
07/09/2020;15:59:00;195;ASV - Acidente SEM Vítima;676;BR-116/BA;Sul;Saida de Pista;1;1;;;;;1
08/09/2020;07:26:00;52;AV - Acidente com VITIMA;616,7;BR-324/BA;Oeste;Colisão Traseira;1;1;;1;;;2
08/09/2020;16:46:00;255;AV - Acidente com VITIMA;539;BR-324/BA;Oeste;Colisão Traseira;1;1;;1;;;2
09/09/2020;12:03:00;147;ASV - Acidente SEM Vítima;614,15;BR-324/BA;Leste;Engavetamento;1;7;;;;;1
10/09/2020;08:18:00;71;ASV - Acidente SEM Vítima;603;BR-324/BA;Leste;Colisão Lateral;1;2;;;;;1
11/09/2020;12:15:00;166;ASV - Acidente SEM Vítima;908;BR-116/BA;Norte;Colisão Lateral;2;2;;;;;1
11/09/2020;13:49:00;188;ASV - Acidente SEM Vítima;518;BR-324/BA;Oeste;Colisão Traseira;1;2;;;;;1
11/09/2020;14:58:00;212;AV - Acidente com VITIMA;549,9;BR-324/BA;Oeste;Colisão Traseira;3;6;;1;;;2
11/09/2020;18:50:00;297;ASV - Acidente SEM Vítima;551;BR-324/BA;Oeste;Colisão Lateral;1;2;;;;;1
11/09/2020;19:41:00;313;ASV - Acidente SEM Vítima;549;BR-324/BA;Oeste;Saida de Pista;1;1;;;;;1
11/09/2020;21:43:00;333;ASV - Acidente SEM Vítima;27;BR-116/BA - Cont VC;Norte;Tombamento;1;1;;;;;1
12/09/2020;07:18:00;31;ASV - Acidente SEM Vítima;846;BR-116/BA;Sul;Colisão Frontal;2;10;;;;;1
12/09/2020;18:14:00;172;AV - Acidente com VITIMA;25;BR-116/BA - Cont VC;Norte;Colisão Frontal;1;1;;1;;;2
12/09/2020;22:16:00;225;ASV - Acidente SEM Vítima;581;BR-116/BA;Sul;Colisão Lateral;1;4;;;;;1
13/09/2020;07:59:00;41;ASV - Acidente SEM Vítima;666;BR-116/BA;Sul;Colisão Lateral;1;2;;;;;1
13/09/2020;18:48:00;154;ASV - Acidente SEM Vítima;587,9;BR-116/BA;Norte;Tombamento;1;1;;;;;1
16/09/2020;03:09:00;12;ASV - Acidente SEM Vítima;487;BR-116/BA;Sul;Colisão Traseira;1;2;;;;;1
16/09/2020;07:34:00;45;ASV - Acidente SEM Vítima;536;BR-116/BA;Norte;Sequência;3;3;;;;;1
16/09/2020;09:20:00;76;ASV - Acidente SEM Vítima;565,2;BR-324/BA;Oeste;Colisão Traseira;2;3;;;;;1
16/09/2020;09:41:00;88;ASV - Acidente SEM Vítima;518;BR-324/BA;Oeste;Colisão Lateral;1;2;;;;;1
16/09/2020;13:30:00;143;ASV - Acidente SEM Vítima;7;BR-116/BA - ContSuFS;Sul;Colisão Lateral;2;2;;;;;1
16/09/2020;21:22:00;296;ASV - Acidente SEM Vítima;536;BR-116/BA;Sul;Saida de Pista;1;6;;;;;1
17/09/2020;08:49:00;77;ASV - Acidente SEM Vítima;458;BR-116/BA;Sul;Colisão Lateral;2;3;;;;;1
17/09/2020;14:20:00;180;AV - Acidente com VITIMA;909,8;BR-116/BA;Norte;Colisão Lateral;2;1;2;;;;1
18/09/2020;03:44:00;15;ASV - Acidente SEM Vítima;566;BR-116/BA;Norte;Colisão Lateral;1;2;;;;;1
18/09/2020;06:30:00;39;ASV - Acidente SEM Vítima;754;BR-116/BA;Sul;Colisão Lateral;2;2;;;;;1
18/09/2020;08:19:00;80;ASV - Acidente SEM Vítima;525;BR-324/BA;Oeste;Engavetamento;1;6;;;;;1
18/09/2020;11:21:00;128;AV - Acidente com VITIMA;642,3;BR-116/BA;Sul;Saida de Pista;1;0;1;;;;1
18/09/2020;14:33:00;177;ASV - Acidente SEM Vítima;760;BR-116/BA;Sul;Colisão Lateral;1;2;;;;;1
18/09/2020;20:16:00;281;ASV - Acidente SEM Vítima;485;BR-116/BA;Sul;Colisão Traseira;1;2;;;;;1
19/09/2020;04:35:00;22;ASV - Acidente SEM Vítima;431;BR-116/BA;Norte;Saida de Pista;1;1;;;;;1
19/09/2020;07:48:00;45;ASV - Acidente SEM Vítima;505;BR-116/BA;Norte;Colisão Transversal;1;2;;;;;1
19/09/2020;10:19:00;79;AV - Acidente com VITIMA;756;BR-116/BA;Sul;Colisão Transversal;1;1;1;;;;1
19/09/2020;15:04:00;125;ASV - Acidente SEM Vítima;625,8;BR-324/BA;Leste;Tombamento;1;1;;;;;1
19/09/2020;15:14:00;128;ASV - Acidente SEM Vítima;644;BR-116/BA;Sul;Colisão Lateral;1;2;;;;;1
20/09/2020;12:56:00;76;ASV - Acidente SEM Vítima;709;BR-116/BA;Norte;Engavetamento;1;3;;;;;1
21/09/2020;06:03:00;22;ASV - Acidente SEM Vítima;432;BR-116/BA;Norte;Colisão Lateral;2;2;;;;;1
21/09/2020;06:52:00;41;ASV - Acidente SEM Vítima;434;BR-116/BA;Norte;Tombamento;2;2;;;;;1
21/09/2020;06:54:00;43;ASV - Acidente SEM Vítima;573;BR-116/BA;Norte;Colisão Lateral;1;2;;;;;1
21/09/2020;11:00:00;112;ASV - Acidente SEM Vítima;611,8;BR-324/BA;Leste;Engavetamento;1;4;;;;;1
22/09/2020;08:04:00;64;ASV - Acidente SEM Vítima;725;BR-116/BA;Norte;Colisão Traseira;2;2;;;;;1
22/09/2020;09:20:00;89;ASV - Acidente SEM Vítima;529,8;BR-324/BA;Oeste;Tombamento;1;1;;;;;1
22/09/2020;09:49:00;95;AV - Acidente com VITIMA;532,2;BR-324/BA;Oeste;Engavetamento;1;5;1;;;;1
22/09/2020;18:02:00;213;AV - Acidente com VITIMA;847;BR-116/BA;Norte;Colisão Transversal;1;1;1;;;;1
23/09/2020;12:57:00;140;ASV - Acidente SEM Vítima;518;BR-324/BA;Oeste;Colisão Traseira;2;2;;;;;1
23/09/2020;16:58:00;196;ASV - Acidente SEM Vítima;524;BR-324/BA;Oeste;Saida de Pista;1;1;;;;;1
23/09/2020;18:48:00;227;ASV - Acidente SEM Vítima;534;BR-324/BA;Oeste;Engavetamento;3;17;;;;;1
24/09/2020;03:01:00;13;ASV - Acidente SEM Vítima;585;BR-116/BA;Sul;Colisão Lateral;2;2;;;;;1
24/09/2020;22:07:00;264;ASV - Acidente SEM Vítima;543;BR-324/BA;Oeste;Saida de Pista;1;1;;;;;1
25/09/2020;07:30:00;47;AV - Acidente com VITIMA;857,1;BR-116/BA;Norte;Saida de Pista;1;0;1;;;;1
25/09/2020;09:45:00;95;AV - Acidente com VITIMA;912,5;BR-116/BA;Sul;Colisão Lateral;1;1;1;;;;1
25/09/2020;12:34:00;133;AF - Acidente com Vitima Fatal;516;BR-116/BA;Sul;Colisão Lateral;1;1;;;;1;3
25/09/2020;14:20:00;159;ASV - Acidente SEM Vítima;622;BR-324/BA;Leste;Colisão Traseira;1;2;;;;;1
25/09/2020;16:01:00;192;ASV - Acidente SEM Vítima;559,1;BR-324/BA;Oeste;Colisão Traseira;1;2;;;;;1
25/09/2020;20:31:00;250;ASV - Acidente SEM Vítima;490,3;BR-116/BA;Sul;Colisão Traseira;1;2;;;;;1
26/09/2020;05:06:00;26;AV - Acidente com VITIMA;523;BR-324/BA;Leste;Tombamento;1;1;1;;;;1
26/09/2020;05:58:00;29;ASV - Acidente SEM Vítima;551;BR-324/BA;Leste;Colisão Lateral;1;7;;;;;1
26/09/2020;09:33:00;95;A PPV - Acidente envolvendo Produto Perigoso com vitima;639,7;BR-116/BA;Norte;Colisão Frontal;1;3;2;1;;;2
27/09/2020;13:24:00;99;AV - Acidente com VITIMA;735;BR-116/BA;Norte;Colisão Traseira;1;2;1;;;;1
27/09/2020;22:45:00;223;ASV - Acidente SEM Vítima;511;BR-116/BA;Norte;Colisão Lateral;2;3;;;;;1
27/09/2020;23:51:00;235;ASV - Acidente SEM Vítima;897,2;BR-116/BA;Norte;Colisão Traseira;1;2;;;;;1
28/09/2020;07:59:00;62;ASV - Acidente SEM Vítima;495;BR-116/BA;Norte;Colisão Lateral;2;2;;;;;1
28/09/2020;09:16:00;96;ASV - Acidente SEM Vítima;528;BR-324/BA;Leste;Engavetamento;3;3;;;;;1
28/09/2020;10:47:00;119;ASV - Acidente SEM Vítima;847;BR-116/BA;Norte;Colisão Traseira;2;2;;;;;1
28/09/2020;18:31:00;262;ASV - Acidente SEM Vítima;613,2;BR-324/BA;Leste;Colisão Lateral;1;2;;;;;1
29/09/2020;06:17:00;25;ASV - Acidente SEM Vítima;655;BR-116/BA;Norte;Colisão Traseira;2;3;;;;;1
29/09/2020;13:26:00;149;ASV - Acidente SEM Vítima;572,6;BR-324/BA;Oeste;Saida de Pista;1;1;;;;;1
30/09/2020;04:39:00;15;ASV - Acidente SEM Vítima;588;BR-324/BA;Leste;Saida de Pista;1;1;;;;;1
30/09/2020;10:57:00;110;ASV - Acidente SEM Vítima;879;BR-116/BA;Sul;Colisão Lateral;4;5;;;;;1
30/09/2020;14:10:00;164;AV - Acidente com VITIMA;552;BR-324/BA;Oeste;Saida de Pista;1;2;;1;;;2
01/10/2020;09:47:00;110;ASV - Acidente SEM Vítima;633,8;BR-116/BA;Norte;Saida de Pista;1;1;;;;;1
01/10/2020;11:23:00;141;ASV - Acidente SEM Vítima;558;BR-324/BA;Oeste;Colisão Traseira;2;2;;;;;1
01/10/2020;15:27:00;207;ASV - Acidente SEM Vítima;579,1;BR-116/BA;Norte;Saida de Pista;1;1;;;;;1
02/10/2020;02:34:00;8;ASV - Acidente SEM Vítima;514;BR-116/BA;Norte;Saida de Pista;2;2;;;;;1
02/10/2020;09:16:00;92;ASV - Acidente SEM Vítima;614;BR-324/BA;Oeste;Colisão Traseira;1;5;;;;;1
02/10/2020;15:24:00;205;ASV - Acidente SEM Vítima;548,3;BR-116/BA;Sul;Saida de Pista;1;1;;;;;1
02/10/2020;15:40:00;212;AF - Acidente com Vitima Fatal;458;BR-116/BA;Sul;Colisão Traseira;2;2;;;;1;3
03/10/2020;05:53:00;17;ASV - Acidente SEM Vítima;735;BR-116/BA;Norte;Colisão Transversal;2;2;;;;;1
03/10/2020;09:36:00;70;AF - Acidente com Vitima Fatal;692;BR-116/BA;Sul;Engavetamento;3;0;2;1;;1;3
04/10/2020;10:44:00;87;ASV - Acidente SEM Vítima;496;BR-116/BA;Sul;Colisão Traseira;3;3;;;;;1
04/10/2020;14:09:00;121;ASV - Acidente SEM Vítima;741;BR-116/BA;Sul;Saida de Pista;1;1;;;;;1
04/10/2020;15:49:00;149;ASV - Acidente SEM Vítima;569,2;BR-116/BA;Sul;Saida de Pista;1;1;;;;;1
05/10/2020;08:23:00;63;ASV - Acidente SEM Vítima;485;BR-116/BA;Norte;Colisão Lateral;2;4;;;;;1
05/10/2020;08:49:00;73;ASV - Acidente SEM Vítima;609;BR-324/BA;Leste;Colisão Traseira;1;8;;;;;1
05/10/2020;13:33:00;141;AV - Acidente com VITIMA;759;BR-116/BA;Norte;Engavetamento;2;1;1;1;;;2
05/10/2020;20:05:00;246;ASV - Acidente SEM Vítima;762;BR-116/BA;Norte;Colisão Traseira;2;2;;;;;1
06/10/2020;07:14:00;31;ASV - Acidente SEM Vítima;542;BR-324/BA;Leste;Engavetamento;2;4;;;;;1
06/10/2020;17:00:00;186;AV - Acidente com VITIMA;618;BR-324/BA;Oeste;Engavetamento;1;2;2;;;;1
07/10/2020;03:12:00;11;ASV - Acidente SEM Vítima;0,3;BR-116/BA - ContSuFS;Norte;Tombamento;1;1;;;;;1
07/10/2020;13:46:00;163;A PP - Acidente envolvendo Produto Perigoso;547;BR-324/BA;Oeste;Colisão Traseira;2;2;;;;;1
07/10/2020;15:40:00;188;ASV - Acidente SEM Vítima;573;BR-324/BA;Oeste;Colisão Lateral;1;2;;;;;1
07/10/2020;17:08:00;210;ASV - Acidente SEM Vítima;802;BR-116/BA;Sul;Engavetamento;3;3;;;;;1
07/10/2020;19:04:00;246;ASV - Acidente SEM Vítima;509;BR-116/BA;Norte;Colisão Traseira;1;2;;;;;1
08/10/2020;03:11:00;7;ASV - Acidente SEM Vítima;555,3;BR-324/BA;Leste;Tombamento;1;1;;;;;1
08/10/2020;09:06:00;76;ASV - Acidente SEM Vítima;453;BR-116/BA;Sul;Tombamento;1;2;;;;;1
08/10/2020;11:25:00;115;ASV - Acidente SEM Vítima;708;BR-116/BA;Sul;Colisão Lateral;1;4;;;;;1
08/10/2020;23:56:00;308;AV - Acidente com VITIMA;887,2;BR-116/BA;Sul;Saida de Pista;1;0;;1;;;2
09/10/2020;11:10:00;151;ASV - Acidente SEM Vítima;590;BR-324/BA;Oeste;Colisão Lateral;1;3;;;;;1
09/10/2020;16:22:00;260;AV - Acidente com VITIMA;576;BR-324/BA;Oeste;Engavetamento;2;6;1;;;;1
09/10/2020;16:28:00;261;ASV - Acidente SEM Vítima;567;BR-324/BA;Oeste;Colisão Traseira;2;2;;;;;1
11/10/2020;00:10:00;2;AV - Acidente com VITIMA;685,8;BR-116/BA;Sul;Tombamento;1;1;1;;;;1
11/10/2020;07:02:00;37;AV - Acidente com VITIMA;837;BR-116/BA;Sul;Colisão Lateral;1;1;;1;;;2
11/10/2020;08:35:00;70;ASV - Acidente SEM Vítima;445;BR-116/BA;Sul;Colisão Traseira;2;2;;;;;1
11/10/2020;17:01:00;204;ASV - Acidente SEM Vítima;837;BR-116/BA;Sul;Colisão Traseira;1;2;;;;;1
11/10/2020;19:50:00;242;ASV - Acidente SEM Vítima;7;BR-116/BA - ContSuFS;Norte;Colisão Lateral;1;2;;;;;1
12/10/2020;11:00:00;110;ASV - Acidente SEM Vítima;833;BR-116/BA;Norte;Engavetamento;3;3;;;;;1
12/10/2020;16:02:00;207;ASV - Acidente SEM Vítima;839;BR-116/BA;Sul;Colisão Traseira;2;2;;;;;1
12/10/2020;19:00:00;259;AV - Acidente com VITIMA;583;BR-116/BA;Norte;Saida de Pista;1;0;1;;;;1
13/10/2020;05:57:00;25;AV - Acidente com VITIMA;534,2;BR-116/BA;Sul;Colisão Frontal;1;1;;;1;;2
13/10/2020;07:26:00;63;ASV - Acidente SEM Vítima;1;BR-116/BA - ContSuFS;Norte;Engavetamento;2;3;;;;;1