data;horario;n_da_ocorrencia;tipo_de_ocorrencia;km;trecho;sentido;tipo_de_acidente;caminhao;ilesos;levemente_feridos;moderadamente_feridos;gravemente_feridos;mortos;3
13/10/2020;19:02:00;274;ASV - Acidente SEM Vítima;542;BR-324/BA;Oeste;Saida de Pista;1;1;;;;;1
13/10/2020;20:05:00;285;ASV - Acidente SEM Vítima;518;BR-324/BA;Oeste;Colisão Traseira;1;5;;;;;1
14/10/2020;08:18:00;70;ASV - Acidente SEM Vítima;493,7;BR-116/BA;Sul;Colisão Transversal;1;3;;;;;1
14/10/2020;13:58:00;143;ASV - Acidente SEM Vítima;5;BA-526;Norte;Colisão Lateral;1;2;;;;;1
15/10/2020;14:26:00;185;ASV - Acidente SEM Vítima;11;BR-116/BA - Cont VC;Sul;Colisão Traseira;1;2;;;;;1
16/10/2020;06:20:00;28;AV - Acidente com VITIMA;817,7;BR-116/BA;Sul;Colisão Transversal;1;1;1;;;;1
16/10/2020;09:56:00;107;ASV - Acidente SEM Vítima;599;BR-324/BA;Leste;Colisão Lateral;1;3;;;;;1
16/10/2020;13:37:00;180;ASV - Acidente SEM Vítima;570,5;BR-324/BA;Oeste;Engavetamento;1;5;;;;;1
17/10/2020;18:24:00;244;AV - Acidente com VITIMA;641,7;BR-116/BA;Norte;Saida de Pista;1;0;1;;;;1
17/10/2020;19:16:00;254;ASV - Acidente SEM Vítima;446,7;BR-116/BA;Norte;Colisão Traseira;2;2;;;;;1
18/10/2020;00:22:00;5;AV - Acidente com VITIMA;15;BR-116/BA - Cont VC;Sul;Colisão Frontal;1;1;1;;;;1
18/10/2020;11:12:00;103;ASV - Acidente SEM Vítima;842;BR-116/BA;Norte;Colisão Traseira;2;2;;;;;1
18/10/2020;16:59:00;170;ASV - Acidente SEM Vítima;490;BR-116/BA;Norte;Saida de Pista;1;1;;;;;1
19/10/2020;05:50:00;21;AV - Acidente com VITIMA;496,6;BR-116/BA;Norte;Colisão Traseira;2;1;1;1;;;2
19/10/2020;07:55:00;71;ASV - Acidente SEM Vítima;828;BR-116/BA;Norte;Colisão Traseira;1;2;;;;;1
19/10/2020;08:58:00;85;ASV - Acidente SEM Vítima;511;BR-116/BA;Norte;Colisão Traseira;2;4;;;;;1
20/10/2020;05:27:00;11;ASV - Acidente SEM Vítima;526;BR-324/BA;Leste;Engavetamento;1;5;;;;;1
20/10/2020;14:35:00;130;ASV - Acidente SEM Vítima;551;BR-324/BA;Oeste;Engavetamento;1;3;;;;;1
21/10/2020;12:05:00;118;ASV - Acidente SEM Vítima;887;BR-116/BA;Norte;Sequência;3;4;;;;;1
22/10/2020;06:40:00;35;ASV - Acidente SEM Vítima;616;BR-324/BA;Leste;Engavetamento;1;9;;;;;1
22/10/2020;13:18:00;136;ASV - Acidente SEM Vítima;578,7;BR-116/BA;Sul;Tombamento;1;1;;;;;1
22/10/2020;18:16:00;220;AV - Acidente com VITIMA;614;BR-324/BA;Oeste;Colisão Lateral;1;1;;2;;;2
22/10/2020;19:35:00;236;ASV - Acidente SEM Vítima;596;BR-324/BA;Oeste;Saida de Pista;1;1;;;;;1
23/10/2020;02:19:00;9;ASV - Acidente SEM Vítima;441,6;BR-116/BA;Norte;Tombamento;1;1;;;;;1
23/10/2020;13:53:00;172;ASV - Acidente SEM Vítima;554,6;BR-324/BA;Oeste;Colisão Traseira;2;2;;;;;1
24/10/2020;04:46:00;16;ASV - Acidente SEM Vítima;450;BR-116/BA;Sul;Atropelamento de Animal;1;1;;;;;1
24/10/2020;08:22:00;67;ASV - Acidente SEM Vítima;559;BR-324/BA;Oeste;Colisão Lateral;2;3;;;;;1
24/10/2020;17:07:00;175;ASV - Acidente SEM Vítima;902,2;BR-116/BA;Norte;Colisão Traseira;2;2;;;;;1
25/10/2020;05:56:00;24;ASV - Acidente SEM Vítima;486;BR-116/BA;Sul;Colisão Traseira;2;3;;;;;1
25/10/2020;12:37:00;119;AV - Acidente com VITIMA;919,3;BR-116/BA;Sul;Tombamento;1;0;;2;;;2
26/10/2020;00:30:00;4;AV - Acidente com VITIMA;798;BR-116/BA;Norte;Colisão Lateral;2;2;1;;;;1
26/10/2020;07:03:00;44;AV - Acidente com VITIMA;728;BR-116/BA;Sul;Engavetamento;2;5;2;;;;1
26/10/2020;14:54:00;224;ASV - Acidente SEM Vítima;443;BR-116/BA;Sul;Capotamento;1;3;;;;;1
27/10/2020;02:36:00;5;AV - Acidente com VITIMA;856,1;BR-116/BA;Norte;Tombamento;1;0;1;;;;1
27/10/2020;08:40:00;66;ASV - Acidente SEM Vítima;736;BR-116/BA;Norte;Tombamento;1;2;;;;;1
27/10/2020;10:04:00;87;ASV - Acidente SEM Vítima;7;BR-116/BA - ContSuFS;Norte;Colisão Frontal;1;2;;;;;1
27/10/2020;12:07:00;128;ASV - Acidente SEM Vítima;26,9;BR-116/BA - Cont VC;Norte;Colisão Traseira;1;1;;;;;1
27/10/2020;14:00:00;152;ASV - Acidente SEM Vítima;600;BR-324/BA;Leste;Colisão Lateral;2;2;;;;;1
27/10/2020;18:58:00;240;AV - Acidente com VITIMA;759;BR-116/BA;Norte;Tombamento;1;0;1;;;;1
27/10/2020;23:54:00;280;ASV - Acidente SEM Vítima;6,8;BR-116/BA - ContSuFS;Norte;Saida de Pista;1;1;;;;;1
28/10/2020;06:49:00;38;ASV - Acidente SEM Vítima;0;BR-116/BA - ContSuFS;Sul;Tombamento;1;1;;;;;1
28/10/2020;09:17:00;101;ASV - Acidente SEM Vítima;617;BR-324/BA;Leste;Colisão Traseira;1;2;;;;;1
28/10/2020;10:07:00;123;ASV - Acidente SEM Vítima;685;BR-116/BA;Norte;Saida de Pista;1;2;;;;;1
28/10/2020;11:08:00;147;ASV - Acidente SEM Vítima;599;BR-324/BA;Oeste;Colisão Traseira;1;2;;;;;1
28/10/2020;12:43:00;184;ASV - Acidente SEM Vítima;471;BR-116/BA;Sul;Tombamento;1;1;;;;;1
28/10/2020;17:26:00;274;ASV - Acidente SEM Vítima;599;BR-324/BA;Oeste;Colisão Lateral;1;4;;;;;1
29/10/2020;02:50:00;17;ASV - Acidente SEM Vítima;661,2;BR-116/BA;Norte;Tombamento;1;2;;;;;1
29/10/2020;04:47:00;26;ASV - Acidente SEM Vítima;700;BR-116/BA;Sul;Colisão Traseira;2;2;;;;;1
29/10/2020;05:12:00;30;AF - Acidente com Vitima Fatal;442;BR-116/BA;Sul;Saida de Pista;1;0;;;1;1;3
29/10/2020;08:47:00;83;ASV - Acidente SEM Vítima;615,7;BR-324/BA;Leste;Engavetamento;1;5;;;;;1
29/10/2020;17:12:00;232;ASV - Acidente SEM Vítima;572;BR-324/BA;Oeste;Colisão Traseira;1;2;;;;;1
29/10/2020;22:36:00;285;ASV - Acidente SEM Vítima;604;BR-116/BA;Sul;Tombamento;1;1;;;;;1
29/10/2020;23:21:00;292;ASV - Acidente SEM Vítima;603;BR-324/BA;Leste;Colisão Lateral;1;3;;;;;1
30/10/2020;05:02:00;19;AV - Acidente com VITIMA;596,05;BR-324/BA;Leste;Colisão Lateral;3;3;1;;;;1
30/10/2020;15:04:00;181;ASV - Acidente SEM Vítima;603,5;BR-116/BA;Sul;Colisão Traseira;2;2;;;;;1
01/11/2020;00:57:00;3;ASV - Acidente SEM Vítima;15,7;BR-116/BA - Cont VC;Norte;Colisão Traseira;1;3;;;;;1
01/11/2020;04:06:00;9;AV - Acidente com VITIMA;546;BR-116/BA;Norte;Colisão Lateral;1;1;1;;;;1
01/11/2020;05:56:00;13;AV - Acidente com VITIMA;640;BR-116/BA;Norte;Saida de Pista;1;0;1;;;;1
01/11/2020;12:14:00;104;ASV - Acidente SEM Vítima;440;BR-116/BA;Sul;Saida de Pista;1;1;;;;;1
02/11/2020;16:41:00;175;AV - Acidente com VITIMA;543;BR-116/BA;Norte;Colisão Lateral;2;2;1;;;;1
02/11/2020;18:58:00;212;ASV - Acidente SEM Vítima;607;BR-324/BA;Leste;Colisão Traseira;1;2;;;;;1
03/11/2020;04:50:00;15;ASV - Acidente SEM Vítima;531;BR-324/BA;Leste;Saida de Pista;1;1;;;;;1
03/11/2020;09:16:00;112;ASV - Acidente SEM Vítima;601;BR-324/BA;Leste;Engavetamento;3;3;;;;;1
03/11/2020;14:53:00;245;ASV - Acidente SEM Vítima;829,4;BR-116/BA;Norte;Colisão Traseira;2;2;;;;;1
03/11/2020;15:08:00;247;ASV - Acidente SEM Vítima;564;BR-324/BA;Oeste;Engavetamento;2;3;;;;;1
04/11/2020;13:29:00;165;AV - Acidente com VITIMA;713,199;BR-116/BA;Sul;Saida de Pista;2;0;2;;;;1
04/11/2020;22:11:00;263;ASV - Acidente SEM Vítima;526;BR-324/BA;Leste;Colisão Lateral;2;2;;;;;1
05/11/2020;00:25:00;2;ASV - Acidente SEM Vítima;546;BR-324/BA;Oeste;Colisão Traseira;2;2;;;;;1
06/11/2020;11:00:00;118;ASV - Acidente SEM Vítima;599;BR-324/BA;Oeste;Engavetamento;2;3;;;;;1
06/11/2020;17:02:00;238;ASV - Acidente SEM Vítima;596;BR-324/BA;Oeste;Engavetamento;1;3;;;;;1
06/11/2020;17:31:00;248;ASV - Acidente SEM Vítima;924;BR-116/BA;Sul;Colisão Traseira;2;2;;;;;1
07/11/2020;03:07:00;19;ASV - Acidente SEM Vítima;550;BR-324/BA;Leste;Saida de Pista;1;1;;;;;1
07/11/2020;07:01:00;49;ASV - Acidente SEM Vítima;627,5;BR-116/BA;Sul;Engavetamento;2;3;;;;;1
07/11/2020;08:03:00;68;ASV - Acidente SEM Vítima;910,2;BR-116/BA;Norte;Colisão Traseira;2;2;;;;;1
07/11/2020;16:08:00;164;ASV - Acidente SEM Vítima;493,5;BR-116/BA;Sul;Sequência;3;3;;;;;1
07/11/2020;16:25:00;171;ASV - Acidente SEM Vítima;565;BR-324/BA;Leste;Colisão Lateral;1;2;;;;;1
07/11/2020;18:53:00;200;ASV - Acidente SEM Vítima;581;BR-116/BA;Sul;Colisão Traseira;1;2;;;;;1
07/11/2020;23:52:00;237;AF - Acidente com Vitima Fatal;538,5;BR-116/BA;Sul;Colisão Frontal;1;2;;;;7;3
08/11/2020;02:52:00;12;ASV - Acidente SEM Vítima;614;BR-324/BA;Oeste;Colisão Traseira;1;2;;;;;1
08/11/2020;09:45:00;72;ASV - Acidente SEM Vítima;5;BR-116/BA - Cont VC;Norte;Colisão Traseira;1;2;;;;;1
08/11/2020;15:57:00;148;ASV - Acidente SEM Vítima;566,8;BR-116/BA;Norte;Colisão Traseira;1;2;;;;;1
08/11/2020;17:00:00;163;ASV - Acidente SEM Vítima;845,5;BR-116/BA;Norte;Engavetamento;2;3;;;;;1
08/11/2020;20:10:00;192;ASV - Acidente SEM Vítima;683,6;BR-116/BA;Norte;Saida de Pista;1;1;;;;;1
09/11/2020;23:31:00;337;AV - Acidente com VITIMA;749;BR-116/BA;Sul;Colisão Traseira;2;2;1;;;;1
10/11/2020;10:23:00;103;AV - Acidente com VITIMA;527;BR-324/BA;Oeste;Atropelamento de Pedestre;1;1;;;1;;2
10/11/2020;11:33:00;120;ASV - Acidente SEM Vítima;738;BR-116/BA;Norte;Colisão Transversal;1;2;;;;;1
10/11/2020;19:47:00;253;ASV - Acidente SEM Vítima;601;BR-324/BA;Leste;Sequência;1;5;;;;;1
10/11/2020;23:33:00;296;ASV - Acidente SEM Vítima;621,7;BR-116/BA;Sul;Colisão Traseira;2;2;;;;;1
11/11/2020;03:11:00;10;ASV - Acidente SEM Vítima;556,9;BR-116/BA;Sul;Saida de Pista;1;1;;;;;1
11/11/2020;10:54:00;125;ASV - Acidente SEM Vítima;842;BR-116/BA;Norte;Colisão Lateral;1;2;;;;;1
11/11/2020;14:22:00;181;AF - Acidente com Vitima Fatal;578,85;BR-324/BA;Oeste;Saida de Pista;1;1;1;;;1;3
11/11/2020;17:02:00;233;ASV - Acidente SEM Vítima;541,6;BR-324/BA;Oeste;Engavetamento;1;3;;;;;1
11/11/2020;18:52:00;273;ASV - Acidente SEM Vítima;766;BR-116/BA;Sul;Colisão Traseira;1;2;;;;;1
12/11/2020;17:23:00;251;ASV - Acidente SEM Vítima;528;BR-116/BA;Norte;Colisão Traseira;2;2;;;;;1
13/11/2020;17:39:00;244;ASV - Acidente SEM Vítima;523;BR-324/BA;Leste;Colisão Lateral;1;6;;;;;1
13/11/2020;17:58:00;255;ASV - Acidente SEM Vítima;481;BR-116/BA;Norte;Saida de Pista;1;1;;;;;1
13/11/2020;19:04:00;274;ASV - Acidente SEM Vítima;556;BR-324/BA;Leste;Colisão Traseira;2;3;;;;;1
13/11/2020;19:27:00;284;ASV - Acidente SEM Vítima;592;BR-324/BA;Oeste;Tombamento;1;1;;;;;1
14/11/2020;12:12:00;109;ASV - Acidente SEM Vítima;7,05;BR-116/BA - Cont VC;Norte;Colisão Traseira;1;2;;;;;1
14/11/2020;14:00:00;136;ASV - Acidente SEM Vítima;431;BR-116/BA;Norte;Saida de Pista;1;1;;;;;1
14/11/2020;14:59:00;154;ASV - Acidente SEM Vítima;793;BR-116/BA;Norte;Colisão Traseira;1;2;;;;;1
14/11/2020;15:53:00;165;AV - Acidente com VITIMA;792,7;BR-116/BA;Sul;Engavetamento;1;13;2;;;;1
15/11/2020;07:02:00;23;AV - Acidente com VITIMA;664;BR-116/BA;Norte;Sequência;1;1;;2;;;2
15/11/2020;10:36:00;50;ASV - Acidente SEM Vítima;916;BR-116/BA;Norte;Colisão Traseira;2;2;;;;;1
15/11/2020;11:02:00;56;AV - Acidente com VITIMA;904;BR-116/BA;Norte;Saida de Pista;1;0;;1;;;2
15/11/2020;11:17:00;58;ASV - Acidente SEM Vítima;506,5;BR-116/BA;Sul;Colisão Lateral;2;3;;;;;1
15/11/2020;16:28:00;126;ASV - Acidente SEM Vítima;717;BR-116/BA;Norte;Saida de Pista;1;1;;;;;1
15/11/2020;17:45:00;146;AV - Acidente com VITIMA;666,001;BR-116/BA;Sul;Colisão Lateral;1;1;1;5;;;2
16/11/2020;11:08:00;147;ASV - Acidente SEM Vítima;529,1;BR-116/BA;Norte;Colisão Lateral;2;2;;;;;1
16/11/2020;14:45:00;189;ASV - Acidente SEM Vítima;6,8;BR-116/BA - ContSuFS;Sul;Colisão Traseira;1;2;;;;;1
16/11/2020;15:32:00;203;ASV - Acidente SEM Vítima;582;BR-324/BA;Leste;Colisão Transversal;1;5;;;;;1
16/11/2020;16:01:00;208;ASV - Acidente SEM Vítima;672,2;BR-116/BA;Norte;Colisão Traseira;2;2;;;;;1
17/11/2020;00:40:00;6;ASV - Acidente SEM Vítima;564,9;BR-324/BA;Leste;Tombamento;1;1;;;;;1
17/11/2020;07:35:00;58;ASV - Acidente SEM Vítima;525;BR-324/BA;Oeste;Colisão Lateral;1;2;;;;;1
17/11/2020;15:50:00;207;ASV - Acidente SEM Vítima;583,5;BR-324/BA;Oeste;Saida de Pista;1;3;;;;;1
17/11/2020;17:44:00;227;ASV - Acidente SEM Vítima;909,8;BR-116/BA;Sul;Sequência;2;3;;;;;1
18/11/2020;08:06:00;69;ASV - Acidente SEM Vítima;592,4;BR-116/BA;Sul;Saida de Pista;1;1;;;;;1
18/11/2020;14:33:00;213;ASV - Acidente SEM Vítima;913;BR-116/BA;Norte;Colisão Lateral;2;2;;;;;1
19/11/2020;01:36:00;10;ASV - Acidente SEM Vítima;462;BR-116/BA;Norte;Colisão Traseira;1;2;;;;;1
19/11/2020;12:11:00;157;AV - Acidente com VITIMA;812,5;BR-116/BA;Norte;Colisão Traseira;1;1;;1;;;2
19/11/2020;19:07:00;278;ASV - Acidente SEM Vítima;532,8;BR-116/BA;Norte;Colisão Traseira;2;2;;;;;1
20/11/2020;04:13:00;10;ASV - Acidente SEM Vítima;3;BA-526;Sul;Tombamento;1;1;;;;;1
20/11/2020;16:54:00;205;ASV - Acidente SEM Vítima;579,8;BR-324/BA;Oeste;Colisão Lateral;1;2;;;;;1
20/11/2020;21:58:00;269;AV - Acidente com VITIMA;778;BR-116/BA;Sul;Colisão Lateral;1;1;2;;;;1
20/11/2020;23:41:00;279;AF - Acidente com Vitima Fatal;518,6;BR-116/BA;Sul;Atropelamento de Pedestre;1;1;;;;1;3
21/11/2020;08:25:00;63;ASV - Acidente SEM Vítima;728;BR-116/BA;Sul;Colisão Traseira;2;3;;;;;1
21/11/2020;08:56:00;68;ASV - Acidente SEM Vítima;491;BR-116/BA;Norte;Saida de Pista;1;1;;;;;1
21/11/2020;12:11:00;112;AV - Acidente com VITIMA;623,8;BR-324/BA;Oeste;Sequência;1;3;1;1;;;2
21/11/2020;13:44:00;132;ASV - Acidente SEM Vítima;735;BR-116/BA;Sul;Saida de Pista;1;2;;;;;1
21/11/2020;14:02:00;137;AV - Acidente com VITIMA;804;BR-116/BA;Sul;Colisão Frontal;2;1;1;;;;1
21/11/2020;21:59:00;211;ASV - Acidente SEM Vítima;568,7;BR-116/BA;Norte;Tombamento;1;1;;;;;1
22/11/2020;06:25:00;26;AF - Acidente com Vitima Fatal;658,2;BR-116/BA;Norte;Tombamento;1;1;;;;1;3
23/11/2020;06:39:00;32;AV - Acidente com VITIMA;534;BR-116/BA;Sul;Colisão Traseira;1;1;2;;;;1
23/11/2020;16:47:00;234;ASV - Acidente SEM Vítima;817,8;BR-116/BA;Norte;Colisão Transversal;1;32;;;;;1
23/11/2020;17:04:00;240;ASV - Acidente SEM Vítima;620;BR-324/BA;Leste;Colisão Traseira;1;6;;;;;1
24/11/2020;04:58:00;17;ASV - Acidente SEM Vítima;552;BR-324/BA;Oeste;Saida de Pista;1;1;;;;;1
24/11/2020;06:49:00;41;ASV - Acidente SEM Vítima;608,4;BR-324/BA;Oeste;Engavetamento;1;4;;;;;1
24/11/2020;16:31:00;239;ASV - Acidente SEM Vítima;518;BR-324/BA;Leste;Saida de Pista;1;1;;;;;1
25/11/2020;09:46:00;121;ASV - Acidente SEM Vítima;597;BR-116/BA;Norte;Tombamento;1;1;;;;;1
26/11/2020;12:03:00;112;ASV - Acidente SEM Vítima;565;BR-324/BA;Oeste;Saida de Pista;1;1;;;;;1
26/11/2020;13:11:00;121;ASV - Acidente SEM Vítima;607;BR-324/BA;Leste;Saida de Pista;2;2;;;;;1
26/11/2020;15:04:00;153;ASV - Acidente SEM Vítima;616;BR-324/BA;Leste;Colisão Traseira;1;3;;;;;1
26/11/2020;15:22:00;162;AV - Acidente com VITIMA;897,5;BR-116/BA;Sul;Colisão Lateral;1;0;4;;;;1
26/11/2020;19:32:00;222;ASV - Acidente SEM Vítima;570;BR-324/BA;Oeste;Saida de Pista;1;1;;;;;1
26/11/2020;23:29:00;257;ASV - Acidente SEM Vítima;756;BR-116/BA;Sul;Colisão Traseira;2;2;;;;;1
27/11/2020;04:13:00;13;AV - Acidente com VITIMA;657;BR-116/BA;Norte;Tombamento;1;0;1;;;;1
27/11/2020;07:39:00;56;ASV - Acidente SEM Vítima;652,5;BR-116/BA;Sul;Tombamento;1;1;;;;;1
27/11/2020;10:04:00;105;ASV - Acidente SEM Vítima;651;BR-116/BA;Sul;Colisão Lateral;2;2;;;;;1
27/11/2020;15:19:00;180;ASV - Acidente SEM Vítima;576;BR-324/BA;Oeste;Saida de Pista;1;3;;;;;1
27/11/2020;18:47:00;251;ASV - Acidente SEM Vítima;670;BR-116/BA;Norte;Tombamento;1;1;;;;;1
27/11/2020;23:53:00;296;ASV - Acidente SEM Vítima;602,3;BR-324/BA;Leste;Colisão Traseira;2;2;;;;;1
28/11/2020;09:34:00;65;ASV - Acidente SEM Vítima;907,8;BR-116/BA;Sul;Colisão Traseira;2;2;;;;;1
28/11/2020;09:39:00;67;ASV - Acidente SEM Vítima;803,5;BR-116/BA;Sul;Colisão Traseira;1;2;;;;;1
28/11/2020;12:18:00;100;ASV - Acidente SEM Vítima;4;BR-116/BA - ContSuFS;Sul;Colisão Lateral;2;2;;;;;1
28/11/2020;18:29:00;194;ASV - Acidente SEM Vítima;868;BR-116/BA;Norte;Colisão Traseira;2;2;;;;;1
28/11/2020;20:56:00;209;ASV - Acidente SEM Vítima;659;BR-116/BA;Norte;Engavetamento;2;6;;;;;1
29/11/2020;05:38:00;21;AF - Acidente com Vitima Fatal;690;BR-116/BA;Sul;Colisão Frontal;1;1;;;;2;3
29/11/2020;12:27:00;89;ASV - Acidente SEM Vítima;704;BR-116/BA;Sul;Colisão Traseira;2;2;;;;;1
29/11/2020;16:20:00;130;ASV - Acidente SEM Vítima;928,9;BR-116/BA;Norte;Engavetamento;3;4;;;;;1
30/11/2020;09:30:00;76;AV - Acidente com VITIMA;670,4;BR-116/BA;Sul;Colisão Traseira;1;1;;;1;;2
30/11/2020;09:56:00;82;ASV - Acidente SEM Vítima;627,2;BR-116/BA;Norte;Colisão Lateral;1;2;;;;;1
30/11/2020;12:14:00;116;AV - Acidente com VITIMA;834,3;BR-116/BA;Norte;Colisão Traseira;1;1;;1;;;2
30/11/2020;16:16:00;177;ASV - Acidente SEM Vítima;864,5;BR-116/BA;Sul;Saida de Pista;1;1;;;;;1
30/11/2020;16:52:00;189;ASV - Acidente SEM Vítima;518;BR-324/BA;Oeste;Colisão Traseira;1;2;;;;;1
30/11/2020;19:03:00;217;AV - Acidente com VITIMA;912;BR-116/BA;Norte;Saida de Pista;1;0;1;;;;1
30/11/2020;20:04:00;225;ASV - Acidente SEM Vítima;444;BR-116/BA;Sul;Colisão Traseira;1;2;;;;;1
01/12/2020;11:25:00;111;ASV - Acidente SEM Vítima;623,6;BR-324/BA;Oeste;Engavetamento;1;6;;;;;1
01/12/2020;13:34:00;138;ASV - Acidente SEM Vítima;568;BR-324/BA;Oeste;Saida de Pista;1;1;;;;;1
01/12/2020;16:24:00;185;ASV - Acidente SEM Vítima;568;BR-324/BA;Oeste;Colisão Traseira;1;2;;;;;1
02/12/2020;12:15:00;152;ASV - Acidente SEM Vítima;537;BR-324/BA;Leste;Colisão Lateral;1;4;;;;;1
02/12/2020;12:45:00;165;ASV - Acidente SEM Vítima;911,8;BR-116/BA;Norte;Colisão Traseira;2;3;;;;;1
02/12/2020;23:07:00;282;ASV - Acidente SEM Vítima;565;BR-324/BA;Leste;Saida de Pista;1;1;;;;;1
03/12/2020;00:15:00;1;AV - Acidente com VITIMA;817,9;BR-116/BA;Norte;Colisão Transversal;1;1;1;;;;1
03/12/2020;08:21:00;68;ASV - Acidente SEM Vítima;620,5;BR-324/BA;Leste;Colisão Lateral;1;2;;;;;1
04/12/2020;09:06:00;109;ASV - Acidente SEM Vítima;612;BR-324/BA;Leste;Engavetamento;1;3;;;;;1
04/12/2020;09:43:00;123;ASV - Acidente SEM Vítima;613;BR-324/BA;Leste;Engavetamento;1;8;;;;;1
04/12/2020;10:16:00;132;ASV - Acidente SEM Vítima;725;BR-116/BA;Sul;Colisão Traseira;2;2;;;;;1
04/12/2020;11:52:00;164;ASV - Acidente SEM Vítima;810,9;BR-116/BA;Norte;Colisão Transversal;2;2;;;;;1
04/12/2020;12:04:00;167;ASV - Acidente SEM Vítima;852;BR-116/BA;Sul;Colisão Traseira;1;2;;;;;1
05/12/2020;04:41:00;16;ASV - Acidente SEM Vítima;891,9;BR-116/BA;Sul;Saida de Pista;1;1;;;;;1
05/12/2020;07:01:00;38;ASV - Acidente SEM Vítima;599;BR-324/BA;Oeste;Colisão Lateral;1;2;;;;;1
05/12/2020;07:03:00;39;ASV - Acidente SEM Vítima;556;BR-116/BA;Sul;Colisão Lateral;1;2;;;;;1
05/12/2020;08:31:00;64;ASV - Acidente SEM Vítima;873;BR-116/BA;Sul;Colisão Traseira;1;3;;;;;1
05/12/2020;15:51:00;185;ASV - Acidente SEM Vítima;428;BR-116/BA;Sul;Saida de Pista;1;1;;;;;1
05/12/2020;22:17:00;267;ASV - Acidente SEM Vítima;440,99;BR-116/BA;Norte;Saida de Pista;1;1;;;;;1
05/12/2020;22:51:00;272;ASV - Acidente SEM Vítima;521;BR-116/BA;Norte;Colisão Transversal;1;2;;;;;1
05/12/2020;23:23:00;276;ASV - Acidente SEM Vítima;613;BR-116/BA;Norte;Colisão Traseira;1;2;;;;;1
06/12/2020;01:38:00;8;ASV - Acidente SEM Vítima;525;BR-116/BA;Sul;Colisão Lateral;1;2;;;;;1
06/12/2020;08:37:00;74;AV - Acidente com VITIMA;632;BR-116/BA;Norte;Colisão Transversal;1;1;;;1;;2
06/12/2020;17:08:00;171;ASV - Acidente SEM Vítima;627;BR-116/BA;Norte;Colisão Traseira;2;2;;;;;1
06/12/2020;17:29:00;177;ASV - Acidente SEM Vítima;551,3;BR-116/BA;Norte;Colisão Traseira;1;2;;;;;1
06/12/2020;22:39:00;229;AV - Acidente com VITIMA;5;BR-116/BA - ContSuFS;Norte;Colisão Traseira;1;1;2;;;;1
07/12/2020;10:14:00;140;AV - Acidente com VITIMA;615;BR-324/BA;Leste;Engavetamento;1;0;6;;;;1
07/12/2020;12:04:00;167;ASV - Acidente SEM Vítima;440;BR-116/BA;Norte;Colisão Lateral;1;9;;;;;1
07/12/2020;13:46:00;187;ASV - Acidente SEM Vítima;644;BR-116/BA;Norte;Saida de Pista;1;1;;;;;1
07/12/2020;14:37:00;199;AV - Acidente com VITIMA;11,8;BR-116/BA - Cont VC;Sul;Colisão Transversal;1;1;1;;;;1
07/12/2020;15:14:00;213;AF - Acidente com Vitima Fatal;528;BR-116/BA;Norte;Colisão Frontal;1;1;;1;;1;3
07/12/2020;18:10:00;278;ASV - Acidente SEM Vítima;524;BR-324/BA;Oeste;Colisão Lateral;1;2;;;;;1
08/12/2020;07:46:00;67;ASV - Acidente SEM Vítima;574;BR-324/BA;Leste;Saida de Pista;1;5;;;;;1
08/12/2020;11:10:00;147;ASV - Acidente SEM Vítima;576;BR-324/BA;Oeste;Colisão Traseira;1;2;;;;;1
08/12/2020;12:15:00;167;ASV - Acidente SEM Vítima;711,5;BR-116/BA;Norte;Capotamento;1;1;;;;;1
09/12/2020;17:23:00;257;ASV - Acidente SEM Vítima;931,2;BR-116/BA;Sul;Colisão Traseira;2;2;;;;;1
10/12/2020;07:09:00;67;ASV - Acidente SEM Vítima;611,4;BR-324/BA;Oeste;Engavetamento;2;3;;;;;1
10/12/2020;12:52:00;202;ASV - Acidente SEM Vítima;518;BR-324/BA;Leste;Colisão Lateral;1;2;;;;;1
10/12/2020;15:07:00;243;ASV - Acidente SEM Vítima;830,6;BR-116/BA;Norte;Engavetamento;1;3;;;;;1
10/12/2020;18:28:00;310;ASV - Acidente SEM Vítima;522;BR-324/BA;Leste;Engavetamento;2;4;;;;;1
11/12/2020;05:21:00;27;AF - Acidente com Vitima Fatal;589,6;BR-116/BA;Sul;Saida de Pista;1;0;;1;;1;3
11/12/2020;11:31:00;146;ASV - Acidente SEM Vítima;592;BR-324/BA;Leste;Engavetamento;1;3;;;;;1
12/12/2020;01:42:00;9;ASV - Acidente SEM Vítima;441,08;BR-116/BA;Sul;Tombamento;1;1;;;;;1
12/12/2020;17:03:00;242;AV - Acidente com VITIMA;685;BR-116/BA;Sul;Engavetamento;3;2;1;;;;1
12/12/2020;18:59:00;266;AV - Acidente com VITIMA;837;BR-116/BA;Norte;Colisão Traseira;1;1;1;;;;1
13/12/2020;09:43:00;91;AV - Acidente com VITIMA;556;BR-324/BA;Leste;Colisão Traseira;1;0;1;;1;;2
13/12/2020;11:50:00;120;ASV - Acidente SEM Vítima;532;BR-324/BA;Leste;Saida de Pista;1;1;;;;;1
13/12/2020;12:57:00;134;ASV - Acidente SEM Vítima;531;BR-324/BA;Leste;Colisão Lateral;1;4;;;;;1
13/12/2020;16:34:00;181;AV - Acidente com VITIMA;712,5;BR-116/BA;Norte;Colisão Traseira;3;2;1;1;;;2
13/12/2020;18:03:00;204;AV - Acidente com VITIMA;916,6;BR-116/BA;Norte;Engavetamento;2;5;2;;;;1