data;horario;n_da_ocorrencia;tipo_de_ocorrencia;km;trecho;sentido;tipo_de_acidente;caminhao;ilesos;levemente_feridos;moderadamente_feridos;gravemente_feridos;mortos;3
13/12/2020;19:25:00;225;ASV - Acidente SEM Vítima;911,6;BR-116/BA;Norte;Colisão Traseira;2;4;;;;;1
14/12/2020;06:11:00;28;ASV - Acidente SEM Vítima;616;BR-324/BA;Leste;Colisão Traseira;1;2;;;;;1
14/12/2020;07:39:00;68;ASV - Acidente SEM Vítima;624,5;BR-324/BA;Leste;Colisão Traseira;1;3;;;;;1
14/12/2020;15:27:00;232;AV - Acidente com VITIMA;543;BR-116/BA;Norte;Engavetamento;2;0;3;;;;1
15/12/2020;12:21:00;164;AV - Acidente com VITIMA;6,1;BR-116/BA - Cont VC;Sul;Colisão Lateral;1;1;;1;;;2
16/12/2020;13:35:00;156;ASV - Acidente SEM Vítima;933;BR-116/BA;Norte;Saida de Pista;1;1;;;;;1
16/12/2020;14:19:00;172;ASV - Acidente SEM Vítima;642,7;BR-116/BA;Sul;Saida de Pista;1;1;;;;;1
16/12/2020;15:03:00;188;ASV - Acidente SEM Vítima;561,5;BR-116/BA;Sul;Colisão Traseira;2;2;;;;;1
17/12/2020;04:39:00;14;ASV - Acidente SEM Vítima;653,5;BR-116/BA;Sul;Colisão Lateral;2;2;;;;;1
17/12/2020;06:44:00;35;AV - Acidente com VITIMA;608;BR-116/BA;Norte;Colisão Frontal;2;2;;1;;;2
17/12/2020;08:00:00;69;ASV - Acidente SEM Vítima;897,3;BR-116/BA;Norte;Colisão Traseira;1;2;;;;;1
17/12/2020;10:35:00;114;ASV - Acidente SEM Vítima;910,5;BR-116/BA;Norte;Colisão Traseira;2;2;;;;;1
17/12/2020;10:50:00;119;ASV - Acidente SEM Vítima;908,1;BR-116/BA;Sul;Engavetamento;1;32;;;;;1
17/12/2020;19:22:00;251;ASV - Acidente SEM Vítima;535;BR-324/BA;Oeste;Engavetamento;3;3;;;;;1
18/12/2020;09:38:00;129;ASV - Acidente SEM Vítima;845,4;BR-116/BA;Norte;Colisão Lateral;1;5;;;;;1
18/12/2020;10:11:00;141;AF - Acidente com Vitima Fatal;887,5;BR-116/BA;Sul;Colisão Traseira;2;1;;;;1;3
18/12/2020;10:15:00;144;ASV - Acidente SEM Vítima;843;BR-116/BA;Sul;Colisão Traseira;1;6;;;;;1
18/12/2020;17:47:00;280;ASV - Acidente SEM Vítima;448;BR-116/BA;Norte;Saida de Pista;1;1;;;;;1
18/12/2020;19:48:00;306;ASV - Acidente SEM Vítima;622;BR-324/BA;Oeste;Colisão Lateral;1;5;;;;;1
19/12/2020;20:32:00;295;ASV - Acidente SEM Vítima;639,6;BR-116/BA;Sul;Saida de Pista;1;1;;;;;1
20/12/2020;09:32:00;76;ASV - Acidente SEM Vítima;550;BR-116/BA;Sul;Colisão Lateral;1;4;;;;;1
20/12/2020;10:20:00;90;ASV - Acidente SEM Vítima;846;BR-116/BA;Sul;Colisão Traseira;1;36;;;;;1
20/12/2020;11:32:00;121;ASV - Acidente SEM Vítima;789,9;BR-116/BA;Norte;Colisão Traseira;2;2;;;;;1
21/12/2020;08:10:00;92;ASV - Acidente SEM Vítima;527,9;BR-324/BA;Leste;Colisão Traseira;1;2;;;;;1
21/12/2020;08:18:00;98;ASV - Acidente SEM Vítima;534;BR-324/BA;Oeste;Colisão Traseira;1;3;;;;;1
21/12/2020;09:16:00;120;ASV - Acidente SEM Vítima;525;BR-324/BA;Leste;Engavetamento;4;4;;;;;1
21/12/2020;11:08:00;167;ASV - Acidente SEM Vítima;643,7;BR-116/BA;Norte;Saida de Pista;1;1;;;;;1
22/12/2020;02:16:00;8;ASV - Acidente SEM Vítima;571,5;BR-324/BA;Leste;Saida de Pista;1;3;;;;;1
22/12/2020;14:47:00;211;ASV - Acidente SEM Vítima;607;BR-324/BA;Oeste;Sequência;2;3;;;;;1
22/12/2020;16:04:00;245;ASV - Acidente SEM Vítima;586;BR-116/BA;Sul;Colisão Traseira;2;2;;;;;1
22/12/2020;19:08:00;292;ASV - Acidente SEM Vítima;620;BR-324/BA;Oeste;Colisão Lateral;1;2;;;;;1
22/12/2020;21:41:00;318;ASV - Acidente SEM Vítima;540;BR-324/BA;Leste;Colisão Lateral;1;2;;;;;1
23/12/2020;03:05:00;22;AV - Acidente com VITIMA;921,2;BR-116/BA;Norte;Saida de Pista;1;1;1;;;;1
23/12/2020;09:18:00;120;ASV - Acidente SEM Vítima;828;BR-116/BA;Sul;Colisão Lateral;1;2;;;;;1
23/12/2020;09:22:00;124;ASV - Acidente SEM Vítima;906;BR-116/BA;Sul;Saida de Pista;1;1;;;;;1
23/12/2020;13:40:00;202;AV - Acidente com VITIMA;602;BR-324/BA;Oeste;Colisão Traseira;1;1;1;;;;1
23/12/2020;17:14:00;264;AV - Acidente com VITIMA;524;BR-116/BA;Norte;Engavetamento;2;2;1;;;;1
23/12/2020;22:04:00;322;AF - Acidente com Vitima Fatal;559,9;BR-324/BA;Oeste;Colisão Traseira;1;1;;1;;1;3
24/12/2020;09:21:00;81;ASV - Acidente SEM Vítima;441,9;BR-116/BA;Norte;Saida de Pista;1;1;;;;;1
24/12/2020;10:39:00;100;ASV - Acidente SEM Vítima;521;BR-116/BA;Norte;Colisão Lateral;1;2;;;;;1
24/12/2020;11:17:00;110;ASV - Acidente SEM Vítima;632;BR-116/BA;Norte;Colisão Lateral;2;3;;;;;1
24/12/2020;14:14:00;155;AV - Acidente com VITIMA;432;BR-116/BA;Norte;Atropelamento de Pedestre;1;2;1;;;;1
24/12/2020;18:11:00;222;ASV - Acidente SEM Vítima;599;BR-324/BA;Leste;Colisão Traseira;1;3;;;;;1
25/12/2020;09:14:00;56;ASV - Acidente SEM Vítima;643,5;BR-116/BA;Sul;Tombamento;1;2;;;;;1
25/12/2020;09:48:00;61;ASV - Acidente SEM Vítima;643,55;BR-116/BA;Norte;Colisão Traseira;1;4;;;;;1
25/12/2020;10:29:00;68;ASV - Acidente SEM Vítima;645,7;BR-116/BA;Norte;Saida de Pista;1;2;;;;;1
25/12/2020;10:43:00;70;AV - Acidente com VITIMA;595,7;BR-116/BA;Sul;Saida de Pista;1;0;1;;;;1
26/12/2020;15:43:00;134;AF - Acidente com Vitima Fatal;919,9;BR-116/BA;Norte;Colisão Frontal;3;3;;;;1;3
26/12/2020;22:12:00;183;ASV - Acidente SEM Vítima;616;BR-116/BA;Sul;Colisão Traseira;1;6;;;;;1
27/12/2020;04:20:00;9;AV - Acidente com VITIMA;905,9;BR-116/BA;Norte;Colisão Frontal;2;3;1;;;;1
27/12/2020;13:54:00;134;ASV - Acidente SEM Vítima;883,5;BR-116/BA;Norte;Colisão Traseira;2;2;;;;;1
30/12/2020;06:49:00;44;AV - Acidente com VITIMA;611;BR-324/BA;Leste;Colisão Traseira;2;3;;1;;;2
30/12/2020;10:05:00;111;ASV - Acidente SEM Vítima;526;BR-324/BA;Oeste;Colisão Traseira;1;4;;;;;1
30/12/2020;13:58:00;165;ASV - Acidente SEM Vítima;611;BR-324/BA;Oeste;Engavetamento;1;10;;;;;1
30/12/2020;14:34:00;176;ASV - Acidente SEM Vítima;483;BR-116/BA;Sul;Colisão Traseira;2;2;;;;;1
31/12/2020;18:21:00;231;AF - Acidente com Vitima Fatal;702;BR-116/BA;Norte;Tombamento;1;0;;;;1;3
31/12/2020;20:54:00;260;ASV - Acidente SEM Vítima;1;BR-116/BA - Cont VC;Sul;Colisão Lateral;1;2;;;;;1
01/01/2021;05:28:00;10;ASV - Acidente SEM Vítima;564;BR-324/BA;Leste;Saida de Pista;1;1;;;;;1
02/01/2021;14:12:00;92;AV - Acidente com VITIMA;828;BR-116/BA;Sul;Atropelamento de Pedestre;1;1;;1;;;2
02/01/2021;14:48:00;102;ASV - Acidente SEM Vítima;652;BR-116/BA;Norte;Colisão Traseira;2;2;;;;;1
02/01/2021;16:27:00;115;AV - Acidente com VITIMA;636;BR-116/BA;Sul;Engavetamento;1;11;;2;;;2
02/01/2021;21:05:00;165;ASV - Acidente SEM Vítima;928,8;BR-116/BA;Norte;Colisão Lateral;1;6;;;;;1
03/01/2021;15:32:00;157;ASV - Acidente SEM Vítima;634;BR-116/BA;Sul;Engavetamento;1;10;;;;;1
04/01/2021;12:51:00;144;AV - Acidente com VITIMA;524;BR-324/BA;Leste;Engavetamento;2;2;;1;;;2
05/01/2021;19:07:00;243;ASV - Acidente SEM Vítima;621,8;BR-324/BA;Oeste;Colisão Lateral;1;2;;;;;1
06/01/2021;09:15:00;86;AF - Acidente com Vitima Fatal;580;BR-116/BA;Norte;Colisão Lateral;3;2;;;;1;3
07/01/2021;09:09:00;87;ASV - Acidente SEM Vítima;524;BR-324/BA;Oeste;Engavetamento;3;4;;;;;1
07/01/2021;09:17:00;92;ASV - Acidente SEM Vítima;634;BR-116/BA;Sul;Colisão Frontal;2;3;;;;;1
07/01/2021;15:54:00;179;ASV - Acidente SEM Vítima;579;BR-324/BA;Oeste;Colisão Traseira;1;2;;;;;1
07/01/2021;21:23:00;248;AV - Acidente com VITIMA;548;BR-324/BA;Leste;Saida de Pista;1;0;;1;;;2
09/01/2021;05:53:00;28;ASV - Acidente SEM Vítima;563;BR-116/BA;Sul;Outros;1;7;;;;;1
09/01/2021;12:22:00;122;ASV - Acidente SEM Vítima;548;BR-324/BA;Oeste;Colisão Lateral;1;2;;;;;1
09/01/2021;18:56:00;228;ASV - Acidente SEM Vítima;518;BR-324/BA;Oeste;Colisão Lateral;1;4;;;;;1
10/01/2021;05:04:00;14;ASV - Acidente SEM Vítima;546;BR-324/BA;Oeste;Colisão Traseira;1;2;;;;;1
10/01/2021;20:10:00;219;ASV - Acidente SEM Vítima;569,9;BR-116/BA;Norte;Saida de Pista;1;1;;;;;1
10/01/2021;22:45:00;249;AF - Acidente com Vitima Fatal;4,6;BR-116/BA - ContSuFS;Sul;Colisão Frontal;1;1;;;;1;3
11/01/2021;06:03:00;18;ASV - Acidente SEM Vítima;605,1;BR-116/BA;Sul;Colisão Lateral;1;3;;;;;1
11/01/2021;09:44:00;110;AF - Acidente com Vitima Fatal;498;BR-116/BA;Norte;Colisão Transversal;1;1;;;;1;3
11/01/2021;10:01:00;113;AF - Acidente com Vitima Fatal;574;BR-116/BA;Norte;Queda de Moto;1;1;;;;1;3
11/01/2021;10:45:00;130;ASV - Acidente SEM Vítima;713,5;BR-116/BA;Norte;Colisão Traseira;2;2;;;;;1
11/01/2021;15:43:00;219;ASV - Acidente SEM Vítima;579,8;BR-324/BA;Oeste;Colisão Traseira;1;2;;;;;1
11/01/2021;15:48:00;222;AV - Acidente com VITIMA;850;BR-116/BA;Norte;Tombamento;1;0;;;1;;2
11/01/2021;16:44:00;236;ASV - Acidente SEM Vítima;521;BR-324/BA;Oeste;Colisão Lateral;1;3;;;;;1
11/01/2021;17:04:00;243;ASV - Acidente SEM Vítima;520;BR-324/BA;Oeste;Saida de Pista;1;1;;;;;1
12/01/2021;14:16:00;184;ASV - Acidente SEM Vítima;847;BR-116/BA;Sul;Colisão Traseira;1;3;;;;;1
13/01/2021;12:30:00;134;ASV - Acidente SEM Vítima;8;BA-526;Norte;Tombamento;1;1;;;;;1
14/01/2021;09:29:00;94;ASV - Acidente SEM Vítima;620,5;BR-324/BA;Leste;Colisão Lateral;1;2;;;;;1
14/01/2021;17:42:00;237;ASV - Acidente SEM Vítima;912,9;BR-116/BA;Sul;Colisão Traseira;1;2;;;;;1
15/01/2021;02:26:00;7;ASV - Acidente SEM Vítima;434,2;BR-116/BA;Norte;Tombamento;1;1;;;;;1
15/01/2021;03:34:00;10;AV - Acidente com VITIMA;515,3;BR-116/BA;Sul;Colisão Lateral;1;1;;1;;;2
15/01/2021;04:05:00;12;ASV - Acidente SEM Vítima;618,7;BR-324/BA;Oeste;Saida de Pista;1;1;;;;;1
15/01/2021;10:21:00;114;ASV - Acidente SEM Vítima;865,5;BR-116/BA;Sul;Engavetamento;3;4;;;;;1
15/01/2021;14:19:00;159;AV - Acidente com VITIMA;562;BR-324/BA;Oeste;Colisão Traseira;1;1;;1;1;;2
15/01/2021;17:22:00;216;AV - Acidente com VITIMA;551;BR-324/BA;Oeste;Engavetamento;1;15;1;;;;1
15/01/2021;19:10:00;237;AV - Acidente com VITIMA;556;BR-116/BA;Norte;Colisão Lateral;1;21;1;;;;1
15/01/2021;22:40:00;270;ASV - Acidente SEM Vítima;583;BR-324/BA;Leste;Saida de Pista;1;1;;;;;1
16/01/2021;08:00:00;64;AV - Acidente com VITIMA;719;BR-116/BA;Sul;Colisão Frontal;1;1;;1;;;2
16/01/2021;12:37:00;112;ASV - Acidente SEM Vítima;735;BR-116/BA;Sul;Colisão Traseira;1;2;;;;;1
17/01/2021;09:16:00;56;AV - Acidente com VITIMA;644,3;BR-116/BA;Sul;Saida de Pista;1;0;;1;;;2
17/01/2021;13:43:00;107;ASV - Acidente SEM Vítima;760;BR-116/BA;Norte;Engavetamento;1;9;;;;;1
17/01/2021;16:20:00;138;ASV - Acidente SEM Vítima;837;BR-116/BA;Norte;Colisão Traseira;2;2;;;;;1
18/01/2021;04:57:00;20;ASV - Acidente SEM Vítima;538;BR-116/BA;Sul;Tombamento;1;1;;;;;1
18/01/2021;05:22:00;22;ASV - Acidente SEM Vítima;483,6;BR-116/BA;Norte;Colisão Traseira;1;3;;;;;1
18/01/2021;07:51:00;82;ASV - Acidente SEM Vítima;608;BR-324/BA;Leste;Colisão Lateral;1;2;;;;;1
18/01/2021;17:12:00;245;ASV - Acidente SEM Vítima;609;BR-324/BA;Leste;Colisão Lateral;1;2;;;;;1
19/01/2021;12:27:00;162;ASV - Acidente SEM Vítima;482;BR-116/BA;Sul;Colisão Traseira;1;4;;;;;1
20/01/2021;06:32:00;27;ASV - Acidente SEM Vítima;9;BA-526;Norte;Colisão Lateral;1;2;;;;;1
20/01/2021;21:00:00;242;ASV - Acidente SEM Vítima;14;BR-116/BA - Cont VC;Norte;Colisão Frontal;1;2;;;;;1
21/01/2021;02:37:00;13;AV - Acidente com VITIMA;905,1;BR-116/BA;Sul;Choque Contra Objeto Fixo;1;0;1;1;;;2
22/01/2021;10:33:00;138;ASV - Acidente SEM Vítima;722;BR-116/BA;Norte;Colisão Traseira;2;2;;;;;1
22/01/2021;17:01:00;246;ASV - Acidente SEM Vítima;910;BR-116/BA;Norte;Sequência;2;3;;;;;1
22/01/2021;17:25:00;255;ASV - Acidente SEM Vítima;634;BR-116/BA;Norte;Colisão Traseira;2;2;;;;;1
22/01/2021;19:34:00;300;ASV - Acidente SEM Vítima;684;BR-116/BA;Sul;Colisão Lateral;1;5;;;;;1
22/01/2021;22:09:00;326;AV - Acidente com VITIMA;533;BR-324/BA;Oeste;Colisão Traseira;1;2;2;;;;1
23/01/2021;04:05:00;19;ASV - Acidente SEM Vítima;455;BR-116/BA;Norte;Saida de Pista;1;1;;;;;1
23/01/2021;06:49:00;30;AV - Acidente com VITIMA;28,7;BR-116/BA - Cont VC;Norte;Saida de Pista;1;0;1;;;;1
23/01/2021;22:09:00;233;ASV - Acidente SEM Vítima;573,4;BR-116/BA;Norte;Tombamento;1;1;;;;;1
24/01/2021;02:04:00;12;AV - Acidente com VITIMA;702,5;BR-116/BA;Norte;Tombamento;1;1;;;1;;2
24/01/2021;09:12:00;67;AV - Acidente com VITIMA;627;BR-116/BA;Sul;Colisão Traseira;2;0;2;;;;1
24/01/2021;19:20:00;174;ASV - Acidente SEM Vítima;520;BR-324/BA;Leste;Colisão Lateral;1;2;;;;;1
25/01/2021;02:45:00;15;ASV - Acidente SEM Vítima;592,1;BR-324/BA;Leste;Saida de Pista;1;2;;;;;1
25/01/2021;09:25:00;102;ASV - Acidente SEM Vítima;623;BR-324/BA;Leste;Engavetamento;1;18;;;;;1
25/01/2021;10:38:00;135;AV - Acidente com VITIMA;622;BR-324/BA;Leste;Colisão Lateral;1;1;;1;;;2
25/01/2021;11:41:00;156;A PPV - Acidente envolvendo Produto Perigoso com vitima;526;BR-324/BA;Leste;Colisão Traseira;4;3;;1;;;2
25/01/2021;12:17:00;161;ASV - Acidente SEM Vítima;526;BR-324/BA;Leste;Colisão Lateral;1;2;;;;;1
25/01/2021;17:14:00;227;ASV - Acidente SEM Vítima;567;BR-116/BA;Norte;Tombamento;1;1;;;;;1
26/01/2021;08:07:00;86;ASV - Acidente SEM Vítima;609,5;BR-324/BA;Oeste;Engavetamento;1;3;;;;;1
26/01/2021;14:58:00;207;AV - Acidente com VITIMA;581,5;BR-116/BA;Sul;Tombamento;1;0;1;;;;1
26/01/2021;16:18:00;236;ASV - Acidente SEM Vítima;541;BR-324/BA;Oeste;Colisão Traseira;1;2;;;;;1
27/01/2021;09:16:00;105;ASV - Acidente SEM Vítima;613,2;BR-116/BA;Norte;Engavetamento;2;4;;;;;1
27/01/2021;11:28:00;137;ASV - Acidente SEM Vítima;579;BR-116/BA;Norte;Saida de Pista;1;1;;;;;1
27/01/2021;15:52:00;207;ASV - Acidente SEM Vítima;482;BR-116/BA;Sul;Saida de Pista;1;1;;;;;1
28/01/2021;07:42:00;59;AV - Acidente com VITIMA;526,2;BR-324/BA;Leste;Outros;1;1;1;;;;1
28/01/2021;18:48:00;273;ASV - Acidente SEM Vítima;567;BR-324/BA;Leste;Colisão Traseira;1;2;;;;;1
29/01/2021;16:38:00;272;ASV - Acidente SEM Vítima;559;BR-324/BA;Oeste;Colisão Lateral;1;2;;;;;1
30/01/2021;07:51:00;58;ASV - Acidente SEM Vítima;896,3;BR-116/BA;Sul;Colisão Traseira;1;4;;;;;1
30/01/2021;13:28:00;164;AF - Acidente com Vitima Fatal;921,9;BR-116/BA;Norte;Colisão Frontal;1;1;;;;1;3
30/01/2021;14:28:00;173;AV - Acidente com VITIMA;440;BR-116/BA;Sul;Tombamento;1;0;;1;;;2
30/01/2021;21:08:00;289;ASV - Acidente SEM Vítima;624,6;BR-324/BA;Leste;Colisão Lateral;1;2;;;;;1
31/01/2021;00:29:00;6;ASV - Acidente SEM Vítima;736,2;BR-116/BA;Norte;Saida de Pista;1;1;;;;;1
01/02/2021;13:09:00;170;ASV - Acidente SEM Vítima;584;BR-324/BA;Oeste;Saida de Pista;1;1;;;;;1
01/02/2021;19:29:00;290;ASV - Acidente SEM Vítima;520;BR-324/BA;Oeste;Colisão Traseira;2;2;;;;;1
01/02/2021;23:35:00;325;ASV - Acidente SEM Vítima;667;BR-116/BA;Sul;Atropelamento de Animal;1;1;;;;;1
03/02/2021;09:05:00;102;ASV - Acidente SEM Vítima;551;BR-324/BA;Leste;Colisão Lateral;1;2;;;;;1
03/02/2021;19:12:00;264;AV - Acidente com VITIMA;538;BR-324/BA;Oeste;Saida de Pista;1;0;1;;;;1
04/02/2021;10:13:00;116;ASV - Acidente SEM Vítima;523;BR-324/BA;Leste;Saida de Pista;1;1;;;;;1
04/02/2021;12:59:00;156;ASV - Acidente SEM Vítima;605;BR-324/BA;Oeste;Colisão Lateral;1;3;;;;;1
04/02/2021;22:52:00;275;AV - Acidente com VITIMA;615;BR-116/BA;Norte;Colisão Traseira;2;1;1;;;;1
06/02/2021;08:32:00;67;AV - Acidente com VITIMA;563;BR-116/BA;Sul;Engavetamento;4;3;4;1;;;2
07/02/2021;00:17:00;5;AV - Acidente com VITIMA;910,8;BR-116/BA;Sul;Colisão Traseira;1;1;;1;;;2
08/02/2021;06:39:00;38;ASV - Acidente SEM Vítima;539;BR-324/BA;Leste;Saida de Pista;1;1;;;;;1
08/02/2021;13:35:00;178;AF - Acidente com Vitima Fatal;871;BR-116/BA;Norte;Colisão Transversal;1;1;;;;1;3
08/02/2021;15:18:00;221;ASV - Acidente SEM Vítima;586,4;BR-116/BA;Sul;Saida de Pista;1;1;;;;;1
09/02/2021;10:12:00;125;AV - Acidente com VITIMA;612;BR-324/BA;Leste;Engavetamento;2;4;;1;;;2
09/02/2021;19:03:00;269;AV - Acidente com VITIMA;748;BR-116/BA;Norte;Colisão Frontal;1;2;;1;;;2
09/02/2021;21:58:00;295;ASV - Acidente SEM Vítima;614,8;BR-324/BA;Oeste;Colisão Traseira;1;2;;;;;1
10/02/2021;05:33:00;21;ASV - Acidente SEM Vítima;644,1;BR-116/BA;Sul;Tombamento;1;1;;;;;1
10/02/2021;10:53:00;141;ASV - Acidente SEM Vítima;592;BR-324/BA;Oeste;Colisão Lateral;1;2;;;;;1
11/02/2021;18:15:00;271;AV - Acidente com VITIMA;616;BR-324/BA;Oeste;Atropelamento de Pedestre;1;1;;1;;;2
12/02/2021;07:17:00;61;AV - Acidente com VITIMA;595,9;BR-116/BA;Sul;Saida de Pista;1;0;;1;;;2
13/02/2021;17:08:00;154;ASV - Acidente SEM Vítima;666,85;BR-116/BA;Sul;Tombamento;1;1;;;;;1
13/02/2021;20:27:00;195;AV - Acidente com VITIMA;548;BR-324/BA;Oeste;Colisão Traseira;1;1;;1;;;2
14/02/2021;23:49:00;245;AV - Acidente com VITIMA;499;BR-116/BA;Norte;Saida de Pista;1;0;1;;;;1
15/02/2021;04:23:00;20;ASV - Acidente SEM Vítima;524;BR-324/BA;Leste;Tombamento;1;1;;;;;1
16/02/2021;01:17:00;6;AF - Acidente com Vitima Fatal;918;BR-116/BA;Sul;Colisão Lateral;1;1;;;;1;3
16/02/2021;09:28:00;103;ASV - Acidente SEM Vítima;629,8;BR-116/BA;Norte;Colisão Traseira;1;3;;;;;1
16/02/2021;16:50:00;231;AV - Acidente com VITIMA;16;BR-116/BA - Cont VC;Sul;Colisão Lateral;1;0;1;;1;;2
16/02/2021;19:33:00;282;ASV - Acidente SEM Vítima;537;BR-324/BA;Oeste;Colisão Traseira;2;2;;;;;1
17/02/2021;16:24:00;230;ASV - Acidente SEM Vítima;596,5;BR-116/BA;Sul;Saida de Pista;1;2;;;;;1
18/02/2021;02:15:00;9;AV - Acidente com VITIMA;777,7;BR-116/BA;Sul;Colisão Traseira;1;2;;1;;;2
18/02/2021;04:34:00;13;AV - Acidente com VITIMA;434;BR-116/BA;Norte;Saida de Pista;1;0;;1;;;2
18/02/2021;07:58:00;56;ASV - Acidente SEM Vítima;872,9;BR-116/BA;Norte;Colisão Lateral;1;2;;;;;1
19/02/2021;15:53:00;201;AF - Acidente com Vitima Fatal;622;BR-324/BA;Oeste;Sequência;1;0;1;;;1;3
20/02/2021;01:07:00;4;ASV - Acidente SEM Vítima;586,9;BR-324/BA;Leste;Saida de Pista;1;1;;;;;1
20/02/2021;05:36:00;20;ASV - Acidente SEM Vítima;6,1;BR-116/BA - ContSuFS;Norte;Colisão Traseira;2;2;;;;;1
20/02/2021;06:25:00;29;AV - Acidente com VITIMA;542;BR-324/BA;Oeste;Colisão Lateral;1;6;1;;;;1
20/02/2021;07:07:00;42;ASV - Acidente SEM Vítima;565,8;BR-116/BA;Sul;Engavetamento;3;5;;;;;1
20/02/2021;11:24:00;98;AV - Acidente com VITIMA;573,5;BR-116/BA;Norte;Colisão Transversal;1;2;;;1;;2
20/02/2021;12:19:00;109;AF - Acidente com Vitima Fatal;570,5;BR-116/BA;Norte;Sequência;2;2;;;;1;3
20/02/2021;17:59:00;186;AV - Acidente com VITIMA;552,3;BR-324/BA;Oeste;Colisão Traseira;1;1;;2;;;2
21/02/2021;00:32:00;4;ASV - Acidente SEM Vítima;495;BR-116/BA;Sul;Saida de Pista;1;2;;;;;1
21/02/2021;10:46:00;88;ASV - Acidente SEM Vítima;777,9;BR-116/BA;Sul;Colisão Traseira;2;2;;;;;1
21/02/2021;19:47:00;178;AV - Acidente com VITIMA;25,4;BR-116/BA - Cont VC;Norte;Colisão Lateral;1;1;1;;;;1
22/02/2021;03:37:00;6;ASV - Acidente SEM Vítima;525;BR-324/BA;Leste;Colisão Traseira;2;2;;;;;1
22/02/2021;08:10:00;76;ASV - Acidente SEM Vítima;776;BR-116/BA;Sul;Colisão Traseira;1;3;;;;;1
22/02/2021;14:14:00;168;ASV - Acidente SEM Vítima;661;BR-116/BA;Sul;Saida de Pista;1;1;;;;;1
22/02/2021;17:23:00;246;ASV - Acidente SEM Vítima;527;BR-324/BA;Oeste;Saida de Pista;1;1;;;;;1
22/02/2021;23:02:00;321;ASV - Acidente SEM Vítima;559,2;BR-324/BA;Oeste;Saida de Pista;1;1;;;;;1
23/02/2021;07:41:00;73;ASV - Acidente SEM Vítima;559;BR-324/BA;Oeste;Colisão Lateral;1;2;;;;;1
23/02/2021;13:31:00;180;ASV - Acidente SEM Vítima;540;BR-324/BA;Leste;Colisão Traseira;2;2;;;;;1
23/02/2021;16:03:00;220;ASV - Acidente SEM Vítima;551;BR-324/BA;Oeste;Colisão Traseira;1;3;;;;;1
23/02/2021;16:04:00;221;ASV - Acidente SEM Vítima;709;BR-116/BA;Norte;Colisão Traseira;2;2;;;;;1
23/02/2021;16:05:00;222;AV - Acidente com VITIMA;883;BR-116/BA;Sul;Saida de Pista;1;0;;1;;;2
23/02/2021;16:27:00;228;AV - Acidente com VITIMA;3;BR-116/BA - ContSuFS;Sul;Engavetamento;3;1;1;1;;;2
24/02/2021;10:45:00;121;ASV - Acidente SEM Vítima;0;BR-116/BA - ContSuFS;Sul;Saida de Pista;1;1;;;;;1
25/02/2021;07:18:00;56;ASV - Acidente SEM Vítima;523,9;BR-324/BA;Leste;Colisão Traseira;1;2;;;;;1
25/02/2021;10:45:00;126;ASV - Acidente SEM Vítima;713;BR-116/BA;Sul;Colisão Lateral;1;2;;;;;1
26/02/2021;07:38:00;67;ASV - Acidente SEM Vítima;615;BR-324/BA;Leste;Engavetamento;1;4;;;;;1
26/02/2021;14:04:00;170;ASV - Acidente SEM Vítima;521;BR-324/BA;Oeste;Sequência;1;4;;;;;1
27/02/2021;10:44:00;77;ASV - Acidente SEM Vítima;605;BR-324/BA;Leste;Colisão Traseira;1;4;;;;;1
27/02/2021;13:53:00;112;ASV - Acidente SEM Vítima;7;BA-526;Sul;Tombamento;1;1;;;;;1
27/02/2021;13:55:00;113;ASV - Acidente SEM Vítima;565;BR-324/BA;Oeste;Saida de Pista;1;1;;;;;1
28/02/2021;06:53:00;31;ASV - Acidente SEM Vítima;691;BR-116/BA;Norte;Tombamento;1;1;;;;;1
28/02/2021;19:57:00;179;ASV - Acidente SEM Vítima;525;BR-324/BA;Oeste;Colisão Traseira;1;2;;;;;1
01/03/2021;05:05:00;10;ASV - Acidente SEM Vítima;1;BR-116/BA - ContSuFS;Norte;Saida de Pista;1;1;;;;;1
01/03/2021;07:50:00;97;ASV - Acidente SEM Vítima;534,4;BR-324/BA;Oeste;Colisão Traseira;1;4;;;;;1
01/03/2021;10:14:00;129;ASV - Acidente SEM Vítima;565;BR-324/BA;Oeste;Saida de Pista;1;1;;;;;1
01/03/2021;12:46:00;159;ASV - Acidente SEM Vítima;428;BR-116/BA;Norte;Saida de Pista;1;1;;;;;1
01/03/2021;23:19:00;272;ASV - Acidente SEM Vítima;431,1;BR-116/BA;Sul;Saida de Pista;1;1;;;;;1
02/03/2021;09:16:00;96;ASV - Acidente SEM Vítima;559,9;BR-324/BA;Leste;Colisão Lateral;1;2;;;;;1
02/03/2021;10:29:00;120;AV - Acidente com VITIMA;520;BR-116/BA;Norte;Colisão Transversal;1;1;1;;;;1
02/03/2021;11:02:00;128;AV - Acidente com VITIMA;752,1;BR-116/BA;Norte;Colisão Lateral;1;1;;1;;;2
03/03/2021;07:06:00;47;ASV - Acidente SEM Vítima;523;BR-324/BA;Leste;Colisão Lateral;1;2;;;;;1
03/03/2021;08:00:00;76;ASV - Acidente SEM Vítima;543;BR-324/BA;Oeste;Saida de Pista;1;1;;;;;1
04/03/2021;10:12:00;116;ASV - Acidente SEM Vítima;434,3;BR-116/BA;Norte;Saida de Pista;1;1;;;;;1
04/03/2021;14:27:00;173;ASV - Acidente SEM Vítima;518,6;BR-324/BA;Leste;Engavetamento;1;4;;;;;1