data;horario;n_da_ocorrencia;tipo_de_ocorrencia;km;trecho;sentido;tipo_de_acidente;caminhao;ilesos;levemente_feridos;moderadamente_feridos;gravemente_feridos;mortos;3
05/03/2021;02:15:00;15;ASV - Acidente SEM Vítima;550;BR-324/BA;Leste;Saida de Pista;1;1;;;;;1
05/03/2021;07:03:00;66;AV - Acidente com VITIMA;7;BR-116/BA - Cont VC;Sul;Engavetamento;2;3;1;;;;1
05/03/2021;13:27:00;190;ASV - Acidente SEM Vítima;595;BR-324/BA;Leste;Colisão Traseira;1;5;;;;;1
05/03/2021;15:32:00;231;ASV - Acidente SEM Vítima;738;BR-116/BA;Norte;Colisão Traseira;2;2;;;;;1
05/03/2021;15:38:00;235;ASV - Acidente SEM Vítima;622;BR-116/BA;Sul;Engavetamento;3;3;;;;;1
06/03/2021;10:14:00;79;ASV - Acidente SEM Vítima;584,5;BR-324/BA;Oeste;Colisão Traseira;1;2;;;;;1
06/03/2021;14:32:00;125;ASV - Acidente SEM Vítima;539;BR-116/BA;Norte;Colisão Lateral;1;6;;;;;1
06/03/2021;17:16:00;168;ASV - Acidente SEM Vítima;904,4;BR-116/BA;Sul;Colisão Traseira;2;2;;;;;1
06/03/2021;21:54:00;210;AF - Acidente com Vitima Fatal;878,5;BR-116/BA;Sul;Colisão Lateral;1;1;;;;1;3
07/03/2021;06:48:00;34;ASV - Acidente SEM Vítima;441;BR-116/BA;Sul;Colisão Traseira;1;2;;;;;1
07/03/2021;14:33:00;115;ASV - Acidente SEM Vítima;481;BR-116/BA;Norte;Saida de Pista;1;1;;;;;1
08/03/2021;14:56:00;212;ASV - Acidente SEM Vítima;856;BR-116/BA;Norte;Colisão Lateral;1;31;;;;;1
09/03/2021;21:41:00;327;ASV - Acidente SEM Vítima;594,6;BR-116/BA;Sul;Tombamento;1;1;;;;;1
10/03/2021;14:23:00;206;ASV - Acidente SEM Vítima;590;BR-324/BA;Oeste;Colisão Lateral;1;2;;;;;1
10/03/2021;15:08:00;220;ASV - Acidente SEM Vítima;562;BR-324/BA;Oeste;Colisão Traseira;1;2;;;;;1
11/03/2021;16:41:00;260;ASV - Acidente SEM Vítima;609;BR-324/BA;Oeste;Choque Contra Objeto Fixo;1;1;;;;;1
12/03/2021;11:24:00;137;ASV - Acidente SEM Vítima;652;BR-116/BA;Sul;Colisão Traseira;2;2;;;;;1
12/03/2021;13:54:00;182;ASV - Acidente SEM Vítima;509;BR-116/BA;Sul;Colisão Lateral;1;2;;;;;1
12/03/2021;13:55:00;183;AV - Acidente com VITIMA;494;BR-116/BA;Sul;Colisão Traseira;2;1;1;;;;1
13/03/2021;19:24:00;217;ASV - Acidente SEM Vítima;468;BR-116/BA;Sul;Colisão Traseira;1;2;;;;;1
14/03/2021;06:46:00;29;ASV - Acidente SEM Vítima;569;BR-116/BA;Sul;Colisão Lateral;2;2;;;;;1
14/03/2021;14:18:00;98;ASV - Acidente SEM Vítima;593,3;BR-324/BA;Oeste;Colisão Lateral;1;2;;;;;1
14/03/2021;14:53:00;107;ASV - Acidente SEM Vítima;787;BR-116/BA;Norte;Saida de Pista;1;1;;;;;1
15/03/2021;00:51:00;4;AV - Acidente com VITIMA;557,5;BR-324/BA;Leste;Tombamento;1;0;;1;;;2
15/03/2021;04:41:00;19;ASV - Acidente SEM Vítima;510;BR-116/BA;Norte;Saida de Pista;1;1;;;;;1
15/03/2021;14:39:00;192;AV - Acidente com VITIMA;552,5;BR-324/BA;Oeste;Saida de Pista;1;1;1;;4;;2
16/03/2021;06:50:00;25;AV - Acidente com VITIMA;18;BR-116/BA - Cont VC;Sul;Atropelamento de Pedestre;1;1;;;1;;2
17/03/2021;09:21:00;119;ASV - Acidente SEM Vítima;610,8;BR-324/BA;Oeste;Sequência;1;4;;;;;1
17/03/2021;09:35:00;165;ASV - Acidente SEM Vítima;610,8;BR-324/BA;Oeste;Sequência;1;2;;;;;1
18/03/2021;06:16:00;25;ASV - Acidente SEM Vítima;586,7;BR-116/BA;Norte;Colisão Lateral;2;2;;;;;1
18/03/2021;07:40:00;62;ASV - Acidente SEM Vítima;792;BR-116/BA;Sul;Engavetamento;2;5;;;;;1
19/03/2021;13:18:00;196;ASV - Acidente SEM Vítima;651,95;BR-116/BA;Norte;Saida de Pista;1;1;;;;;1
20/03/2021;01:10:00;5;AV - Acidente com VITIMA;601,7;BR-116/BA;Norte;Saida de Pista;1;0;1;;;;1
20/03/2021;08:09:00;47;AF - Acidente com Vitima Fatal;495;BR-116/BA;Sul;Colisão Frontal;1;1;;;;1;3
20/03/2021;12:43:00;106;ASV - Acidente SEM Vítima;931;BR-116/BA;Norte;Colisão Traseira;2;3;;;;;1
21/03/2021;15:19:00;91;AV - Acidente com VITIMA;20;BR-116/BA - Cont VC;Sul;Colisão Frontal;1;2;1;;;;1
22/03/2021;09:00:00;85;ASV - Acidente SEM Vítima;523;BR-324/BA;Leste;Tombamento;1;1;;;;;1
22/03/2021;17:53:00;240;ASV - Acidente SEM Vítima;530,9;BR-324/BA;Leste;Saida de Pista;1;1;;;;;1
23/03/2021;03:59:00;15;ASV - Acidente SEM Vítima;462,4;BR-116/BA;Sul;Atropelamento de Animal;1;1;;;;;1
24/03/2021;10:17:00;128;ASV - Acidente SEM Vítima;804;BR-116/BA;Sul;Colisão Traseira;2;2;;;;;1
24/03/2021;11:37:00;149;ASV - Acidente SEM Vítima;10,8;BR-116/BA - Cont VC;Sul;Saida de Pista;1;1;;;;;1
24/03/2021;13:36:00;183;AV - Acidente com VITIMA;561;BR-324/BA;Oeste;Engavetamento;1;2;1;;;;1
24/03/2021;17:25:00;240;AF - Acidente com Vitima Fatal;674;BR-116/BA;Sul;Sequência;1;1;;;;1;3
24/03/2021;20:51:00;270;AV - Acidente com VITIMA;717,12;BR-116/BA;Sul;Saida de Pista;1;0;;1;;;2
25/03/2021;00:45:00;5;ASV - Acidente SEM Vítima;798;BR-116/BA;Norte;Colisão Lateral;2;2;;;;;1
25/03/2021;10:08:00;127;ASV - Acidente SEM Vítima;525;BR-324/BA;Oeste;Colisão Lateral;1;2;;;;;1
25/03/2021;14:01:00;190;ASV - Acidente SEM Vítima;450;BR-116/BA;Sul;Colisão Lateral;1;2;;;;;1
25/03/2021;19:03:00;258;ASV - Acidente SEM Vítima;666;BR-116/BA;Sul;Sequência;3;4;;;;;1
26/03/2021;01:05:00;7;ASV - Acidente SEM Vítima;840;BR-116/BA;Sul;Colisão Lateral;1;2;;;;;1
27/03/2021;04:05:00;19;ASV - Acidente SEM Vítima;559,9;BR-324/BA;Leste;Sequência;2;4;;;;;1
27/03/2021;06:22:00;37;ASV - Acidente SEM Vítima;427,6;BR-116/BA;Sul;Colisão Lateral;1;6;;;;;1
27/03/2021;08:29:00;70;ASV - Acidente SEM Vítima;595,4;BR-116/BA;Sul;Colisão Lateral;1;5;;;;;1
27/03/2021;12:58:00;129;AV - Acidente com VITIMA;827;BR-116/BA;Norte;Engavetamento;1;3;2;1;;;2
28/03/2021;12:43:00;101;ASV - Acidente SEM Vítima;924,5;BR-116/BA;Sul;Colisão Lateral;2;2;;;;;1
30/03/2021;00:19:00;2;ASV - Acidente SEM Vítima;427;BR-116/BA;Norte;Atropelamento de Animal;1;1;;;;;1
30/03/2021;06:17:00;29;ASV - Acidente SEM Vítima;547;BR-116/BA;Norte;Colisão Traseira;2;2;;;;;1
30/03/2021;06:34:00;39;ASV - Acidente SEM Vítima;613;BR-324/BA;Oeste;Colisão Lateral;1;3;;;;;1
30/03/2021;12:20:00;154;ASV - Acidente SEM Vítima;635;BR-116/BA;Norte;Tombamento;1;3;;;;;1
30/03/2021;13:30:00;165;ASV - Acidente SEM Vítima;595;BR-116/BA;Norte;Saida de Pista;1;4;;;;;1
30/03/2021;14:48:00;186;AF - Acidente com Vitima Fatal;691;BR-116/BA;Norte;Colisão Lateral;2;3;;;;1;3
31/03/2021;14:32:00;184;ASV - Acidente SEM Vítima;574;BR-324/BA;Oeste;Saida de Pista;1;2;;;;;1
31/03/2021;17:40:00;258;A PP - Acidente envolvendo Produto Perigoso;569,1;BR-116/BA;Sul;Saida de Pista;1;1;;;;;1
31/03/2021;17:50:00;262;A PP - Acidente envolvendo Produto Perigoso;566;BR-116/BA;Norte;Outros;1;1;;;;;1
31/03/2021;19:46:00;287;ASV - Acidente SEM Vítima;562;BR-116/BA;Norte;Colisão Traseira;2;2;;;;;1
01/04/2021;11:57:00;176;A PP - Acidente envolvendo Produto Perigoso;548,5;BR-116/BA;Sul;Tombamento;1;1;;;;;1
01/04/2021;20:13:00;310;AF - Acidente com Vitima Fatal;617;BR-116/BA;Norte;Colisão Frontal;1;1;;;;1;3
03/04/2021;15:50:00;150;ASV - Acidente SEM Vítima;804;BR-116/BA;Norte;Engavetamento;1;3;;;;;1
04/04/2021;11:27:00;119;AV - Acidente com VITIMA;696;BR-116/BA;Sul;Colisão Lateral;1;2;;1;;;2
04/04/2021;18:54:00;238;ASV - Acidente SEM Vítima;909,5;BR-116/BA;Sul;Saida de Pista;1;1;;;;;1
05/04/2021;10:17:00;130;ASV - Acidente SEM Vítima;595,5;BR-116/BA;Norte;Saida de Pista;1;1;;;;;1
05/04/2021;10:35:00;136;AV - Acidente com VITIMA;601;BR-324/BA;Oeste;Colisão Lateral;1;6;1;;;;1
08/04/2021;03:22:00;13;ASV - Acidente SEM Vítima;0;BR-116/BA - ContSuFS;Sul;Tombamento;1;2;;;;;1
08/04/2021;11:09:00;123;AV - Acidente com VITIMA;530;BR-324/BA;Oeste;Tombamento;1;1;1;;;;1
08/04/2021;17:22:00;213;AV - Acidente com VITIMA;827;BR-116/BA;Sul;Colisão Transversal;1;2;1;;;;1
09/04/2021;18:37:00;283;ASV - Acidente SEM Vítima;597;BR-324/BA;Leste;Colisão Lateral;1;2;;;;;1
09/04/2021;18:41:00;285;ASV - Acidente SEM Vítima;599,5;BR-324/BA;Leste;Colisão Lateral;1;2;;;;;1
10/04/2021;12:36:00;138;ASV - Acidente SEM Vítima;888;BR-116/BA;Norte;Saida de Pista;1;1;;;;;1
10/04/2021;15:09:00;178;ASV - Acidente SEM Vítima;654;BR-116/BA;Sul;Colisão Lateral;2;2;;;;;1
11/04/2021;09:28:00;64;ASV - Acidente SEM Vítima;522,2;BR-116/BA;Norte;Saida de Pista;1;1;;;;;1
11/04/2021;10:06:00;75;ASV - Acidente SEM Vítima;909;BR-116/BA;Norte;Colisão Traseira;1;1;;;;;1
11/04/2021;11:18:00;92;ASV - Acidente SEM Vítima;477;BR-116/BA;Norte;Colisão Lateral;1;2;;;;;1
11/04/2021;11:24:00;95;ASV - Acidente SEM Vítima;815;BR-116/BA;Norte;Colisão Traseira;1;3;;;;;1
11/04/2021;20:28:00;218;ASV - Acidente SEM Vítima;568;BR-116/BA;Norte;Tombamento;1;1;;;;;1
11/04/2021;20:31:00;219;AF - Acidente com Vitima Fatal;464,5;BR-116/BA;Norte;Colisão Frontal;1;1;;;;2;3
12/04/2021;10:00:00;133;ASV - Acidente SEM Vítima;533;BR-324/BA;Oeste;Tombamento;1;1;;;;;1
13/04/2021;11:55:00;159;ASV - Acidente SEM Vítima;711;BR-116/BA;Norte;Colisão Traseira;1;3;;;;;1
13/04/2021;18:56:00;274;ASV - Acidente SEM Vítima;550;BR-116/BA;Norte;Atropelamento de Animal;1;1;;;;;1
14/04/2021;16:20:00;229;ASV - Acidente SEM Vítima;600;BR-116/BA;Norte;Saida de Pista;1;1;;;;;1
15/04/2021;05:23:00;28;ASV - Acidente SEM Vítima;476;BR-116/BA;Norte;Saida de Pista;1;1;;;;;1
15/04/2021;13:00:00;138;ASV - Acidente SEM Vítima;527;BR-324/BA;Leste;Colisão Traseira;2;2;;;;;1
15/04/2021;14:30:00;151;ASV - Acidente SEM Vítima;482;BR-116/BA;Norte;Colisão Traseira;2;2;;;;;1
16/04/2021;14:30:00;184;ASV - Acidente SEM Vítima;555;BR-324/BA;Leste;Colisão Traseira;2;2;;;;;1
16/04/2021;19:07:00;249;ASV - Acidente SEM Vítima;582,5;BR-116/BA;Sul;Saida de Pista;1;3;;;;;1
16/04/2021;19:22:00;254;ASV - Acidente SEM Vítima;570,2;BR-116/BA;Sul;Saida de Pista;1;1;;;;;1
17/04/2021;05:27:00;29;ASV - Acidente SEM Vítima;438;BR-116/BA;Norte;Colisão Traseira;2;2;;;;;1
17/04/2021;07:33:00;63;ASV - Acidente SEM Vítima;759;BR-116/BA;Sul;Atropelamento de Animal;1;1;;;;;1
17/04/2021;16:03:00;220;AV - Acidente com VITIMA;558;BR-324/BA;Oeste;Saida de Pista;1;0;1;;;;1
17/04/2021;19:21:00;263;ASV - Acidente SEM Vítima;20,2;BR-116/BA - Cont VC;Norte;Atropelamento de Animal;1;1;;;;;1
18/04/2021;10:46:00;120;ASV - Acidente SEM Vítima;547;BR-116/BA;Norte;Colisão Traseira;2;2;;;;;1
18/04/2021;11:27:00;137;ASV - Acidente SEM Vítima;655,5;BR-116/BA;Sul;Engavetamento;3;3;;;;;1
19/04/2021;15:34:00;262;ASV - Acidente SEM Vítima;580;BR-324/BA;Oeste;Colisão Traseira;1;2;;;;;1
21/04/2021;09:31:00;87;AV - Acidente com VITIMA;584;BR-116/BA;Sul;Saida de Pista;1;0;1;;;;1
21/04/2021;12:54:00;133;ASV - Acidente SEM Vítima;614,8;BR-116/BA;Sul;Saida de Pista;1;1;;;;;1
21/04/2021;17:15:00;213;ASV - Acidente SEM Vítima;581,501;BR-116/BA;Sul;Colisão Lateral;2;2;;;;;1
21/04/2021;19:48:00;242;ASV - Acidente SEM Vítima;580,4;BR-324/BA;Leste;Saida de Pista;1;1;;;;;1
22/04/2021;10:31:00;135;ASV - Acidente SEM Vítima;619;BR-324/BA;Oeste;Colisão Transversal;1;2;;;;;1
22/04/2021;18:02:00;287;ASV - Acidente SEM Vítima;648,5;BR-116/BA;Sul;Saida de Pista;1;1;;;;;1
22/04/2021;21:20:00;319;ASV - Acidente SEM Vítima;777;BR-116/BA;Sul;Colisão Transversal;1;2;;;;;1
23/04/2021;13:14:00;151;ASV - Acidente SEM Vítima;639;BR-116/BA;Norte;Saida de Pista;1;1;;;;;1
26/04/2021;11:37:00;190;ASV - Acidente SEM Vítima;861;BR-116/BA;Sul;Colisão Lateral;1;3;;;;;1
26/04/2021;11:38:00;191;ASV - Acidente SEM Vítima;461;BR-116/BA;Norte;Colisão Lateral;1;2;;;;;1
26/04/2021;14:52:00;259;A PP - Acidente envolvendo Produto Perigoso;597,3;BR-116/BA;Sul;Colisão Traseira;2;2;;;;;1
27/04/2021;06:52:00;51;AV - Acidente com VITIMA;562;BR-324/BA;Oeste;Colisão Traseira;1;0;1;1;;;2
27/04/2021;16:07:00;269;ASV - Acidente SEM Vítima;576;BR-324/BA;Leste;Colisão Traseira;1;2;;;;;1
28/04/2021;15:52:00;262;ASV - Acidente SEM Vítima;546;BR-324/BA;Oeste;Colisão Traseira;1;2;;;;;1
29/04/2021;09:49:00;115;ASV - Acidente SEM Vítima;530;BR-324/BA;Oeste;Saida de Pista;1;1;;;;;1
30/04/2021;08:29:00;107;ASV - Acidente SEM Vítima;917;BR-116/BA;Norte;Engavetamento;3;3;;;;;1
30/04/2021;08:36:00;110;ASV - Acidente SEM Vítima;615;BR-324/BA;Leste;Engavetamento;1;3;;;;;1
30/04/2021;10:48:00;138;AV - Acidente com VITIMA;520,5;BR-324/BA;Oeste;Colisão Traseira;2;2;1;;;;1
30/04/2021;14:24:00;185;ASV - Acidente SEM Vítima;871,701;BR-116/BA;Sul;Colisão Traseira;2;2;;;;;1
30/04/2021;18:37:00;264;AV - Acidente com VITIMA;582;BR-324/BA;Leste;Saida de Pista;1;0;1;;;;1
01/05/2021;17:59:00;168;A PP - Acidente envolvendo Produto Perigoso;644;BR-116/BA;Sul;Sequência;4;4;;;;;1
02/05/2021;00:35:00;6;ASV - Acidente SEM Vítima;521,8;BR-324/BA;Oeste;Colisão Traseira;2;2;;;;;1
02/05/2021;11:05:00;75;ASV - Acidente SEM Vítima;921;BR-116/BA;Sul;Colisão Lateral;1;3;;;;;1
02/05/2021;13:13:00;99;AV - Acidente com VITIMA;670;BR-116/BA;Norte;Colisão Transversal;1;1;;1;;;2
03/05/2021;05:23:00;24;ASV - Acidente SEM Vítima;773,2;BR-116/BA;Sul;Colisão Traseira;1;5;;;;;1
03/05/2021;08:01:00;96;ASV - Acidente SEM Vítima;558;BR-324/BA;Leste;Saida de Pista;1;1;;;;;1
03/05/2021;09:18:00;133;AV - Acidente com VITIMA;565;BR-324/BA;Leste;Saida de Pista;1;0;1;;;;1
03/05/2021;16:08:00;231;ASV - Acidente SEM Vítima;518;BR-324/BA;Oeste;Colisão Lateral;1;2;;;;;1
03/05/2021;17:45:00;249;ASV - Acidente SEM Vítima;524;BR-116/BA;Norte;Colisão Lateral;2;2;;;;;1
04/05/2021;16:12:00;236;AV - Acidente com VITIMA;835;BR-116/BA;Sul;Colisão Transversal;1;1;1;;;;1
04/05/2021;18:37:00;267;ASV - Acidente SEM Vítima;520;BR-116/BA;Norte;Colisão Transversal;1;2;;;;;1
05/05/2021;13:43:00;192;ASV - Acidente SEM Vítima;777;BR-116/BA;Norte;Colisão Traseira;1;2;;;;;1
06/05/2021;06:27:00;34;AV - Acidente com VITIMA;465;BR-116/BA;Norte;Atropelamento - Ciclista;1;1;;1;;;2
06/05/2021;11:23:00;167;ASV - Acidente SEM Vítima;599;BR-324/BA;Leste;Colisão Traseira;1;2;;;;;1
07/05/2021;05:20:00;19;ASV - Acidente SEM Vítima;644,3;BR-116/BA;Sul;Saida de Pista;1;1;;;;;1
07/05/2021;13:23:00;144;AV - Acidente com VITIMA;551;BR-324/BA;Oeste;Colisão Traseira;2;3;;1;;;2
07/05/2021;19:06:00;238;ASV - Acidente SEM Vítima;548;BR-324/BA;Oeste;Engavetamento;2;5;;;;;1
08/05/2021;01:43:00;10;ASV - Acidente SEM Vítima;591,2;BR-324/BA;Leste;Saida de Pista;1;1;;;;;1
08/05/2021;04:10:00;26;AV - Acidente com VITIMA;849;BR-116/BA;Sul;Colisão Frontal;1;0;2;1;;;2
08/05/2021;04:39:00;28;ASV - Acidente SEM Vítima;508,6;BR-116/BA;Sul;Saida de Pista;1;1;;;;;1
08/05/2021;07:59:00;62;ASV - Acidente SEM Vítima;508,6;BR-116/BA;Sul;Colisão Frontal;1;2;;;;;1
08/05/2021;14:27:00;141;AV - Acidente com VITIMA;518;BR-324/BA;Oeste;Colisão Traseira;1;1;;;1;;2
09/05/2021;16:31:00;125;ASV - Acidente SEM Vítima;512;BR-116/BA;Norte;Colisão Lateral;1;2;;;;;1
10/05/2021;01:35:00;12;AV - Acidente com VITIMA;669,8;BR-116/BA;Sul;Saida de Pista;1;1;2;;;;1
10/05/2021;02:36:00;15;ASV - Acidente SEM Vítima;473,1;BR-116/BA;Sul;Saida de Pista;1;1;;;;;1
11/05/2021;11:04:00;157;ASV - Acidente SEM Vítima;524;BR-324/BA;Oeste;Colisão Traseira;1;2;;;;;1
11/05/2021;16:41:00;277;ASV - Acidente SEM Vítima;639;BR-116/BA;Norte;Colisão Traseira;2;2;;;;;1
13/05/2021;11:37:00;143;ASV - Acidente SEM Vítima;929;BR-116/BA;Sul;Colisão Traseira;2;2;;;;;1
13/05/2021;15:39:00;208;ASV - Acidente SEM Vítima;599;BR-324/BA;Oeste;Colisão Lateral;1;2;;;;;1
14/05/2021;02:12:00;8;ASV - Acidente SEM Vítima;757,5;BR-116/BA;Norte;Saida de Pista;1;1;;;;;1
14/05/2021;12:44:00;170;ASV - Acidente SEM Vítima;537,001;BR-324/BA;Leste;Colisão Lateral;2;2;;;;;1
15/05/2021;12:29:00;110;ASV - Acidente SEM Vítima;557;BR-324/BA;Oeste;Saida de Pista;1;1;;;;;1
16/05/2021;18:23:00;153;AF - Acidente com Vitima Fatal;426,9;BR-116/BA;Norte;Colisão Frontal;1;1;;;;1;3
17/05/2021;00:11:00;2;ASV - Acidente SEM Vítima;585;BR-324/BA;Leste;Tombamento;1;3;;;;;1
17/05/2021;05:07:00;26;ASV - Acidente SEM Vítima;718;BR-116/BA;Norte;Tombamento;1;1;;;;;1
17/05/2021;14:01:00;170;AV - Acidente com VITIMA;811,5;BR-116/BA;Sul;Colisão Traseira;2;1;1;;;;1
17/05/2021;15:33:00;187;ASV - Acidente SEM Vítima;652,3;BR-116/BA;Norte;Engavetamento;3;3;;;;;1
18/05/2021;05:03:00;12;ASV - Acidente SEM Vítima;609;BR-116/BA;Norte;Tombamento;1;1;;;;;1
18/05/2021;09:18:00;89;ASV - Acidente SEM Vítima;594,5;BR-116/BA;Norte;Colisão Lateral;1;2;;;;;1
19/05/2021;13:26:00;197;AV - Acidente com VITIMA;859,4;BR-116/BA;Sul;Atropelamento de Pedestre;1;1;;1;;;2
20/05/2021;16:20:00;207;AF - Acidente com Vitima Fatal;538;BR-324/BA;Leste;Sequência;1;1;1;1;;1;3
20/05/2021;17:48:00;217;ASV - Acidente SEM Vítima;552;BR-324/BA;Oeste;Saida de Pista;1;1;;;;;1
21/05/2021;03:50:00;10;ASV - Acidente SEM Vítima;467;BR-116/BA;Norte;Saida de Pista;1;1;;;;;1
21/05/2021;04:58:00;14;ASV - Acidente SEM Vítima;585;BR-324/BA;Leste;Saida de Pista;1;1;;;;;1
21/05/2021;06:24:00;21;ASV - Acidente SEM Vítima;566;BR-324/BA;Leste;Colisão Lateral;1;2;;;;;1
21/05/2021;16:34:00;225;ASV - Acidente SEM Vítima;614,9;BR-324/BA;Leste;Engavetamento;1;6;;;;;1
21/05/2021;17:54:00;246;ASV - Acidente SEM Vítima;704;BR-116/BA;Norte;Sequência;2;3;;;;;1
22/05/2021;06:54:00;29;ASV - Acidente SEM Vítima;643;BR-116/BA;Norte;Engavetamento;3;3;;;;;1
22/05/2021;13:13:00;140;AF - Acidente com Vitima Fatal;736;BR-116/BA;Norte;Tombamento;1;1;;;;1;3
22/05/2021;15:39:00;174;AF - Acidente com Vitima Fatal;806;BR-116/BA;Sul;Colisão Lateral;2;2;;;;1;3
22/05/2021;20:15:00;230;ASV - Acidente SEM Vítima;754,001;BR-116/BA;Norte;Tombamento;1;1;;;;;1
23/05/2021;10:08:00;70;A PPF - Acidente envolvendo Produto Perigoso vitima fatal;595,4;BR-116/BA;Norte;Tombamento;1;0;;;;1;3
23/05/2021;14:30:00;126;ASV - Acidente SEM Vítima;619;BR-324/BA;Oeste;Tombamento;1;1;;;;;1
23/05/2021;15:27:00;134;ASV - Acidente SEM Vítima;743;BR-116/BA;Sul;Colisão Traseira;1;2;;;;;1
23/05/2021;18:56:00;172;ASV - Acidente SEM Vítima;479;BR-116/BA;Sul;Colisão Traseira;2;2;;;;;1
25/05/2021;21:56:00;238;ASV - Acidente SEM Vítima;610;BR-116/BA;Norte;Colisão Traseira;1;2;;;;;1
26/05/2021;04:28:00;13;ASV - Acidente SEM Vítima;577;BR-324/BA;Leste;Colisão Traseira;1;2;;;;;1
26/05/2021;14:15:00;141;ASV - Acidente SEM Vítima;615;BR-324/BA;Oeste;Saida de Pista;1;1;;;;;1
26/05/2021;19:49:00;217;AF - Acidente com Vitima Fatal;522;BR-324/BA;Leste;Colisão Traseira;1;2;;;;1;3
27/05/2021;04:35:00;11;ASV - Acidente SEM Vítima;786;BR-116/BA;Norte;Colisão Lateral;1;2;;;;;1
27/05/2021;11:47:00;134;ASV - Acidente SEM Vítima;733;BR-116/BA;Sul;Colisão Traseira;1;2;;;;;1
27/05/2021;11:59:00;137;ASV - Acidente SEM Vítima;468;BR-116/BA;Sul;Tombamento;1;1;;;;;1
27/05/2021;22:41:00;248;AV - Acidente com VITIMA;547,1;BR-324/BA;Oeste;Colisão Traseira;1;2;2;1;;;2
28/05/2021;10:40:00;140;ASV - Acidente SEM Vítima;568;BR-324/BA;Oeste;Colisão Lateral;1;2;;;;;1
28/05/2021;18:05:00;242;ASV - Acidente SEM Vítima;885,8;BR-116/BA;Sul;Colisão Transversal;1;2;;;;;1
29/05/2021;13:21:00;147;ASV - Acidente SEM Vítima;454;BR-116/BA;Norte;Colisão Lateral;1;2;;;;;1
01/06/2021;17:22:00;243;AV - Acidente com VITIMA;559;BR-324/BA;Leste;Saida de Pista;1;1;;1;;;2
01/06/2021;21:03:00;279;ASV - Acidente SEM Vítima;569;BR-116/BA;Sul;Saida de Pista;1;1;;;;;1
02/06/2021;10:26:00;114;ASV - Acidente SEM Vítima;565;BR-324/BA;Oeste;Saida de Pista;1;1;;;;;1
02/06/2021;12:26:00;133;ASV - Acidente SEM Vítima;549;BR-116/BA;Sul;Tombamento;1;1;;;;;1
02/06/2021;18:32:00;219;AV - Acidente com VITIMA;466,5;BR-116/BA;Sul;Sequência;1;29;1;1;;;2
02/06/2021;22:13:00;245;AV - Acidente com VITIMA;524;BR-116/BA;Sul;Colisão Traseira;1;2;2;;1;;2
03/06/2021;07:22:00;48;ASV - Acidente SEM Vítima;14;BR-116/BA - Cont VC;Norte;Colisão Lateral;1;2;;;;;1
04/06/2021;13:33:00;144;ASV - Acidente SEM Vítima;595;BR-324/BA;Leste;Saida de Pista;1;2;;;;;1
06/06/2021;09:30:00;52;AV - Acidente com VITIMA;686;BR-116/BA;Norte;Colisão Frontal;2;0;;2;;;2
06/06/2021;21:38:00;184;ASV - Acidente SEM Vítima;545;BR-324/BA;Oeste;Colisão Traseira;1;2;;;;;1
07/06/2021;12:29:00;179;ASV - Acidente SEM Vítima;613;BR-324/BA;Oeste;Tombamento;1;1;;;;;1
07/06/2021;16:39:00;256;AV - Acidente com VITIMA;616;BR-324/BA;Leste;Tombamento;1;1;1;;;;1
08/06/2021;10:09:00;96;ASV - Acidente SEM Vítima;632,7;BR-116/BA;Norte;Colisão Traseira;1;2;;;;;1
08/06/2021;12:17:00;145;ASV - Acidente SEM Vítima;566,5;BR-324/BA;Leste;Engavetamento;1;3;;;;;1
09/06/2021;14:45:00;196;ASV - Acidente SEM Vítima;519,1;BR-324/BA;Oeste;Colisão Traseira;1;3;;;;;1
10/06/2021;01:10:00;7;ASV - Acidente SEM Vítima;733;BR-116/BA;Sul;Tombamento;1;1;;;;;1
10/06/2021;07:27:00;44;ASV - Acidente SEM Vítima;732,9;BR-116/BA;Norte;Saida de Pista;1;1;;;;;1
10/06/2021;09:11:00;78;ASV - Acidente SEM Vítima;790;BR-116/BA;Sul;Colisão Traseira;1;2;;;;;1
10/06/2021;11:23:00;109;ASV - Acidente SEM Vítima;565;BR-324/BA;Oeste;Saida de Pista;1;1;;;;;1
10/06/2021;14:27:00;143;AF - Acidente com Vitima Fatal;574;BR-324/BA;Leste;Atropelamento de Pedestre;1;1;;;;1;3
10/06/2021;22:31:00;237;ASV - Acidente SEM Vítima;580;BR-324/BA;Leste;Saida de Pista;1;1;;;;;1
11/06/2021;11:17:00;121;ASV - Acidente SEM Vítima;587,9;BR-324/BA;Leste;Saida de Pista;1;1;;;;;1
11/06/2021;11:46:00;123;ASV - Acidente SEM Vítima;493,9;BR-116/BA;Sul;Colisão Traseira;1;2;;;;;1
11/06/2021;13:01:00;137;ASV - Acidente SEM Vítima;774;BR-116/BA;Sul;Engavetamento;3;6;;;;;1
11/06/2021;14:10:00;150;ASV - Acidente SEM Vítima;791;BR-116/BA;Norte;Colisão Traseira;2;2;;;;;1
11/06/2021;17:13:00;206;AV - Acidente com VITIMA;466;BR-116/BA;Norte;Colisão Traseira;1;1;1;1;;;2
12/06/2021;00:26:00;1;ASV - Acidente SEM Vítima;8;BA-526;Norte;Saida de Pista;1;1;;;;;1
12/06/2021;05:33:00;20;AV - Acidente com VITIMA;508;BR-116/BA;Norte;Saida de Pista;1;0;1;;;;1