data;horario;n_da_ocorrencia;tipo_de_ocorrencia;km;trecho;sentido;tipo_de_acidente;caminhao;ilesos;levemente_feridos;moderadamente_feridos;gravemente_feridos;mortos;3
12/06/2021;06:01:00;23;AV - Acidente com VITIMA;793,4;BR-116/BA;Norte;Saida de Pista;1;0;;1;;;2
12/06/2021;06:30:00;32;AV - Acidente com VITIMA;874;BR-116/BA;Sul;Colisão Traseira;2;55;2;;;;1
12/06/2021;08:57:00;91;ASV - Acidente SEM Vítima;565,8;BR-116/BA;Sul;Colisão Traseira;2;2;;;;;1
12/06/2021;10:04:00;115;AV - Acidente com VITIMA;755;BR-116/BA;Sul;Colisão Traseira;1;1;;1;;;2
13/06/2021;09:32:00;58;ASV - Acidente SEM Vítima;7;BR-116/BA - ContSuFS;Norte;Colisão Traseira;1;2;;;;;1
13/06/2021;10:03:00;64;AV - Acidente com VITIMA;910;BR-116/BA;Norte;Engavetamento;3;2;;2;;;2
15/06/2021;06:29:00;26;AV - Acidente com VITIMA;637;BR-116/BA;Sul;Atropelamento de Pedestre;1;2;;;1;;2
15/06/2021;12:12:00;154;ASV - Acidente SEM Vítima;519;BR-324/BA;Leste;Colisão Lateral;2;3;;;;;1
15/06/2021;15:21:00;200;ASV - Acidente SEM Vítima;908;BR-116/BA;Norte;Colisão Lateral;2;2;;;;;1
16/06/2021;10:34:00;144;ASV - Acidente SEM Vítima;610;BR-324/BA;Oeste;Colisão Traseira;1;2;;;;;1
17/06/2021;08:34:00;101;ASV - Acidente SEM Vítima;599;BR-324/BA;Leste;Colisão Lateral;1;2;;;;;1
17/06/2021;16:06:00;232;ASV - Acidente SEM Vítima;573;BR-116/BA;Sul;Saida de Pista;1;1;;;;;1
18/06/2021;05:00:00;20;ASV - Acidente SEM Vítima;829,9;BR-116/BA;Norte;Atropelamento de Animal;1;1;;;;;1
18/06/2021;09:27:00;106;ASV - Acidente SEM Vítima;525,6;BR-324/BA;Leste;Engavetamento;2;4;;;;;1
18/06/2021;17:57:00;242;ASV - Acidente SEM Vítima;547;BR-324/BA;Leste;Saida de Pista;1;2;;;;;1
19/06/2021;07:07:00;37;ASV - Acidente SEM Vítima;834,5;BR-116/BA;Sul;Colisão Traseira;1;2;;;;;1
19/06/2021;11:47:00;98;AV - Acidente com VITIMA;686;BR-116/BA;Sul;Colisão Traseira;1;3;1;;;;1
19/06/2021;16:13:00;159;ASV - Acidente SEM Vítima;639;BR-116/BA;Sul;Colisão Lateral;1;5;;;;;1
20/06/2021;05:42:00;28;ASV - Acidente SEM Vítima;909;BR-116/BA;Norte;Colisão Lateral;2;2;;;;;1
20/06/2021;10:31:00;89;AV - Acidente com VITIMA;793,8;BR-116/BA;Sul;Colisão Lateral;1;2;1;;;;1
20/06/2021;16:25:00;131;ASV - Acidente SEM Vítima;633,5;BR-116/BA;Sul;Colisão Transversal;1;2;;;;;1
20/06/2021;19:22:00;159;ASV - Acidente SEM Vítima;903,9;BR-116/BA;Norte;Colisão Traseira;1;2;;;;;1
21/06/2021;11:56:00;159;ASV - Acidente SEM Vítima;613,7;BR-324/BA;Leste;Colisão Lateral;1;2;;;;;1
21/06/2021;22:12:00;300;ASV - Acidente SEM Vítima;617;BR-116/BA;Sul;Colisão Lateral;2;4;;;;;1
22/06/2021;02:53:00;11;AV - Acidente com VITIMA;553;BR-116/BA;Sul;Saida de Pista;1;0;;1;;;2
22/06/2021;10:13:00;139;ASV - Acidente SEM Vítima;565;BR-324/BA;Oeste;Saida de Pista;1;1;;;;;1
22/06/2021;10:19:00;144;ASV - Acidente SEM Vítima;543;BR-324/BA;Oeste;Saida de Pista;1;1;;;;;1
23/06/2021;12:39:00;167;ASV - Acidente SEM Vítima;535;BR-324/BA;Oeste;Colisão Traseira;1;2;;;;;1
23/06/2021;12:44:00;168;ASV - Acidente SEM Vítima;563;BR-324/BA;Leste;Saida de Pista;1;1;;;;;1
23/06/2021;17:20:00;262;ASV - Acidente SEM Vítima;573;BR-324/BA;Oeste;Saida de Pista;1;1;;;;;1
23/06/2021;18:51:00;288;ASV - Acidente SEM Vítima;599;BR-324/BA;Oeste;Colisão Lateral;1;2;;;;;1
24/06/2021;19:34:00;184;ASV - Acidente SEM Vítima;792;BR-116/BA;Norte;Colisão Lateral;1;2;;;;;1
25/06/2021;19:14:00;213;ASV - Acidente SEM Vítima;9,7;BR-116/BA - Cont VC;Norte;Atropelamento de Animal;1;1;;;;;1
27/06/2021;06:31:00;27;ASV - Acidente SEM Vítima;803,8;BR-116/BA;Sul;Engavetamento;2;3;;;;;1
27/06/2021;19:35:00;261;ASV - Acidente SEM Vítima;599;BR-324/BA;Leste;Colisão Lateral;1;2;;;;;1
28/06/2021;07:22:00;67;ASV - Acidente SEM Vítima;543;BR-324/BA;Oeste;Engavetamento;1;5;;;;;1
28/06/2021;09:49:00;138;A PP - Acidente envolvendo Produto Perigoso;846;BR-116/BA;Norte;Tombamento;1;1;;;;;1
28/06/2021;10:42:00;159;ASV - Acidente SEM Vítima;761;BR-116/BA;Norte;Colisão Traseira;2;2;;;;;1
28/06/2021;13:50:00;198;AV - Acidente com VITIMA;735;BR-116/BA;Sul;Tombamento;1;0;;1;;;2
28/06/2021;18:29:00;272;ASV - Acidente SEM Vítima;592;BR-324/BA;Oeste;Colisão Lateral;1;2;;;;;1
28/06/2021;19:05:00;280;ASV - Acidente SEM Vítima;537;BR-324/BA;Oeste;Colisão Transversal;1;4;;;;;1
28/06/2021;20:00:00;291;ASV - Acidente SEM Vítima;817,3;BR-116/BA;Sul;Choque Contra Objeto Fixo;1;1;;;;;1
29/06/2021;01:19:00;10;ASV - Acidente SEM Vítima;473,5;BR-116/BA;Norte;Colisão Traseira;2;3;;;;;1
29/06/2021;05:27:00;22;ASV - Acidente SEM Vítima;460,2;BR-116/BA;Norte;Colisão Traseira;2;2;;;;;1
29/06/2021;06:01:00;23;AV - Acidente com VITIMA;562;BR-324/BA;Oeste;Saida de Pista;1;0;1;1;;;2
29/06/2021;15:54:00;212;ASV - Acidente SEM Vítima;908;BR-116/BA;Sul;Engavetamento;3;3;;;;;1
30/06/2021;11:00:00;115;ASV - Acidente SEM Vítima;15,5;BR-116/BA - Cont VC;Sul;Colisão Traseira;2;2;;;;;1
30/06/2021;12:38:00;137;ASV - Acidente SEM Vítima;15;BR-116/BA - Cont VC;Norte;Colisão Lateral;1;2;;;;;1
30/06/2021;23:41:00;269;ASV - Acidente SEM Vítima;876,5;BR-116/BA;Norte;Saida de Pista;1;1;;;;;1
01/07/2021;00:33:00;3;ASV - Acidente SEM Vítima;533,5;BR-116/BA;Sul;Tombamento;1;1;;;;;1
01/07/2021;06:27:00;18;AV - Acidente com VITIMA;565,5;BR-116/BA;Norte;Saida de Pista;1;0;1;;;;1
01/07/2021;11:20:00;124;ASV - Acidente SEM Vítima;774;BR-116/BA;Norte;Engavetamento;3;3;;;;;1
01/07/2021;16:51:00;235;ASV - Acidente SEM Vítima;811,3;BR-116/BA;Sul;Engavetamento;2;20;;;;;1
01/07/2021;18:22:00;267;ASV - Acidente SEM Vítima;542;BR-116/BA;Norte;Colisão Transversal;1;2;;;;;1
01/07/2021;18:37:00;273;AF - Acidente com Vitima Fatal;477;BR-116/BA;Sul;Sequência;1;2;;;;2;3
01/07/2021;21:46:00;316;AF - Acidente com Vitima Fatal;728;BR-116/BA;Sul;Colisão Frontal;2;0;;1;;1;3
02/07/2021;00:00:00;2;ASV - Acidente SEM Vítima;598;BR-324/BA;Leste;Atropelamento de Animal;1;1;;;;;1
02/07/2021;12:11:00;94;AV - Acidente com VITIMA;574,1;BR-324/BA;Oeste;Sequência;1;2;;;1;;2
02/07/2021;12:51:00;98;ASV - Acidente SEM Vítima;577;BR-324/BA;Oeste;Saida de Pista;1;1;;;;;1
02/07/2021;15:49:00;142;ASV - Acidente SEM Vítima;908;BR-116/BA;Sul;Colisão Traseira;2;2;;;;;1
03/07/2021;05:28:00;25;ASV - Acidente SEM Vítima;670;BR-116/BA;Norte;Saida de Pista;1;1;;;;;1
03/07/2021;11:53:00;102;AV - Acidente com VITIMA;832;BR-116/BA;Norte;Colisão Transversal;1;3;;1;;;2
03/07/2021;15:53:00;162;ASV - Acidente SEM Vítima;565;BR-324/BA;Oeste;Saida de Pista;1;1;;;;;1
03/07/2021;16:48:00;172;AV - Acidente com VITIMA;760;BR-116/BA;Norte;Colisão Transversal;1;1;1;1;;;2
04/07/2021;03:39:00;13;AV - Acidente com VITIMA;818;BR-116/BA;Norte;Colisão Traseira;1;4;1;;1;;2
04/07/2021;10:54:00;76;AV - Acidente com VITIMA;697;BR-116/BA;Sul;Colisão Lateral;1;2;;1;;;2
04/07/2021;11:15:00;80;ASV - Acidente SEM Vítima;596;BR-116/BA;Sul;Saida de Pista;1;1;;;;;1
04/07/2021;16:42:00;146;ASV - Acidente SEM Vítima;537;BR-324/BA;Leste;Colisão Transversal;1;2;;;;;1
04/07/2021;17:36:00;158;ASV - Acidente SEM Vítima;496;BR-116/BA;Norte;Colisão Lateral;1;3;;;;;1
04/07/2021;21:09:00;189;ASV - Acidente SEM Vítima;803,7;BR-116/BA;Sul;Colisão Lateral;1;4;;;;;1
05/07/2021;04:53:00;14;ASV - Acidente SEM Vítima;543;BR-324/BA;Oeste;Colisão Transversal;1;2;;;;;1
05/07/2021;07:31:00;64;AV - Acidente com VITIMA;614;BR-324/BA;Oeste;Engavetamento;1;4;1;;;;1
05/07/2021;08:10:00;75;AV - Acidente com VITIMA;573;BR-324/BA;Leste;Colisão Lateral;1;3;2;;;;1
05/07/2021;19:05:00;226;ASV - Acidente SEM Vítima;887;BR-116/BA;Sul;Colisão Traseira;2;2;;;;;1
06/07/2021;10:40:00;119;ASV - Acidente SEM Vítima;610;BR-324/BA;Leste;Choque Contra Objeto Fixo;2;2;;;;;1
06/07/2021;12:00:00;147;ASV - Acidente SEM Vítima;615;BR-324/BA;Leste;Colisão Lateral;1;3;;;;;1
06/07/2021;15:29:00;205;ASV - Acidente SEM Vítima;757;BR-116/BA;Norte;Colisão Traseira;2;3;;;;;1
06/07/2021;18:26:00;241;ASV - Acidente SEM Vítima;829;BR-116/BA;Sul;Colisão Transversal;1;2;;;;;1
06/07/2021;22:04:00;278;ASV - Acidente SEM Vítima;731;BR-116/BA;Norte;Saida de Pista;1;1;;;;;1
07/07/2021;05:06:00;15;ASV - Acidente SEM Vítima;551;BR-324/BA;Leste;Colisão Traseira;1;31;;;;;1
07/07/2021;10:28:00;128;ASV - Acidente SEM Vítima;818,95;BR-116/BA;Norte;Tombamento;1;1;;;;;1
08/07/2021;07:00:00;40;ASV - Acidente SEM Vítima;526,3;BR-324/BA;Oeste;Engavetamento;2;9;;;;;1
08/07/2021;08:24:00;75;ASV - Acidente SEM Vítima;563;BR-116/BA;Norte;Engavetamento;4;5;;;;;1
08/07/2021;14:49:00;198;AF - Acidente com Vitima Fatal;462;BR-116/BA;Sul;Atropelamento de Pedestre;2;2;;;;1;3
09/07/2021;03:46:00;7;AV - Acidente com VITIMA;491,1;BR-116/BA;Norte;Saida de Pista;1;0;;1;;;2
09/07/2021;17:12:00;257;ASV - Acidente SEM Vítima;525;BR-324/BA;Leste;Sequência;1;3;;;;;1
09/07/2021;19:20:00;287;ASV - Acidente SEM Vítima;599,001;BR-324/BA;Leste;Colisão Traseira;2;4;;;;;1
10/07/2021;00:23:00;3;ASV - Acidente SEM Vítima;627,6;BR-116/BA;Norte;Saida de Pista;1;1;;;;;1
10/07/2021;01:42:00;11;ASV - Acidente SEM Vítima;567;BR-324/BA;Oeste;Saida de Pista;1;1;;;;;1
10/07/2021;08:19:00;44;ASV - Acidente SEM Vítima;652;BR-116/BA;Sul;Colisão Traseira;2;2;;;;;1
10/07/2021;16:17:00;157;AF - Acidente com Vitima Fatal;709;BR-116/BA;Sul;Colisão Transversal;1;1;;;;1;3
10/07/2021;19:43:00;198;AV - Acidente com VITIMA;2;BR-116/BA - ContSuFS;Sul;Colisão Traseira;1;1;;;1;;2
10/07/2021;23:54:00;227;ASV - Acidente SEM Vítima;501;BR-116/BA;Sul;Saida de Pista;1;1;;;;;1
11/07/2021;00:59:00;10;ASV - Acidente SEM Vítima;551;BR-324/BA;Leste;Colisão Traseira;1;3;;;;;1
11/07/2021;11:39:00;99;ASV - Acidente SEM Vítima;661,5;BR-116/BA;Norte;Engavetamento;3;3;;;;;1
11/07/2021;12:22:00;112;ASV - Acidente SEM Vítima;492;BR-116/BA;Norte;Saida de Pista;1;1;;;;;1
12/07/2021;06:51:00;39;AV - Acidente com VITIMA;616;BR-324/BA;Oeste;Colisão Lateral;1;1;2;;;;1
12/07/2021;07:47:00;55;ASV - Acidente SEM Vítima;829,8;BR-116/BA;Norte;Engavetamento;1;7;;;;;1
12/07/2021;14:58:00;157;ASV - Acidente SEM Vítima;622;BR-324/BA;Leste;Sequência;1;3;;;;;1
13/07/2021;02:41:00;8;ASV - Acidente SEM Vítima;662;BR-116/BA;Sul;Saida de Pista;1;2;;;;;1
13/07/2021;16:06:00;177;ASV - Acidente SEM Vítima;534;BR-324/BA;Oeste;Colisão Traseira;1;2;;;;;1
13/07/2021;16:19:00;183;ASV - Acidente SEM Vítima;535;BR-324/BA;Oeste;Sequência;2;7;;;;;1
13/07/2021;17:43:00;203;ASV - Acidente SEM Vítima;632,5;BR-116/BA;Norte;Colisão Transversal;2;2;;;;;1
14/07/2021;13:43:00;171;ASV - Acidente SEM Vítima;537;BR-324/BA;Oeste;Saida de Pista;1;2;;;;;1
15/07/2021;02:25:00;10;ASV - Acidente SEM Vítima;814;BR-116/BA;Sul;Atropelamento de Animal;1;1;;;;;1
15/07/2021;09:38:00;113;AV - Acidente com VITIMA;485;BR-116/BA;Sul;Capotamento;2;1;1;1;;;2
16/07/2021;05:10:00;16;ASV - Acidente SEM Vítima;453;BR-116/BA;Norte;Saida de Pista;1;1;;;;;1
16/07/2021;05:40:00;18;ASV - Acidente SEM Vítima;453;BR-116/BA;Norte;Saida de Pista;1;1;;;;;1
16/07/2021;08:47:00;85;ASV - Acidente SEM Vítima;531,14;BR-324/BA;Leste;Colisão Traseira;1;2;;;;;1
16/07/2021;09:32:00;97;ASV - Acidente SEM Vítima;620;BR-324/BA;Leste;Colisão Traseira;1;2;;;;;1
16/07/2021;15:49:00;195;ASV - Acidente SEM Vítima;581;BR-324/BA;Leste;Colisão Lateral;1;2;;;;;1
17/07/2021;14:58:00;160;ASV - Acidente SEM Vítima;582,6;BR-324/BA;Oeste;Saida de Pista;1;1;;;;;1
17/07/2021;17:13:00;201;ASV - Acidente SEM Vítima;832;BR-116/BA;Sul;Colisão Transversal;1;3;;;;;1
17/07/2021;17:18:00;203;AV - Acidente com VITIMA;521;BR-116/BA;Sul;Tombamento;1;0;1;;;;1
17/07/2021;17:35:00;207;ASV - Acidente SEM Vítima;641,8;BR-116/BA;Sul;Tombamento;1;1;;;;;1
18/07/2021;12:38:00;117;ASV - Acidente SEM Vítima;850;BR-116/BA;Norte;Colisão Lateral;1;2;;;;;1
18/07/2021;18:31:00;206;ASV - Acidente SEM Vítima;541;BR-116/BA;Sul;Colisão Traseira;2;2;;;;;1
18/07/2021;23:16:00;270;ASV - Acidente SEM Vítima;776,3;BR-116/BA;Norte;Atropelamento de Animal;1;1;;;;;1
19/07/2021;02:24:00;20;ASV - Acidente SEM Vítima;875,3;BR-116/BA;Norte;Saida de Pista;1;1;;;;;1
19/07/2021;09:46:00;154;ASV - Acidente SEM Vítima;601,8;BR-116/BA;Sul;Colisão Traseira;2;2;;;;;1
19/07/2021;11:04:00;173;ASV - Acidente SEM Vítima;430;BR-116/BA;Sul;Colisão Lateral;1;2;;;;;1
19/07/2021;15:53:00;254;ASV - Acidente SEM Vítima;633,5;BR-116/BA;Sul;Colisão Transversal;1;2;;;;;1
21/07/2021;23:12:00;241;ASV - Acidente SEM Vítima;835,4;BR-116/BA;Norte;Colisão Traseira;1;2;;;;;1
22/07/2021;10:05:00;122;ASV - Acidente SEM Vítima;672;BR-116/BA;Sul;Colisão Traseira;2;2;;;;;1
22/07/2021;12:52:00;162;ASV - Acidente SEM Vítima;798,5;BR-116/BA;Sul;Engavetamento;1;4;;;;;1
22/07/2021;22:42:00;284;ASV - Acidente SEM Vítima;576;BR-324/BA;Leste;Colisão Traseira;1;4;;;;;1
23/07/2021;08:40:00;86;ASV - Acidente SEM Vítima;804,3;BR-116/BA;Norte;Colisão Traseira;2;2;;;;;1
23/07/2021;11:30:00;148;ASV - Acidente SEM Vítima;7,7;BA-526;Norte;Tombamento;1;1;;;;;1
24/07/2021;06:27:00;26;ASV - Acidente SEM Vítima;26;BR-116/BA - Cont VC;Sul;Atropelamento de Animal;1;1;;;;;1
24/07/2021;09:32:00;78;ASV - Acidente SEM Vítima;593;BR-116/BA;Sul;Colisão Transversal;1;2;;;;;1
24/07/2021;10:14:00;88;ASV - Acidente SEM Vítima;548;BR-324/BA;Oeste;Saida de Pista;1;1;;;;;1
25/07/2021;00:40:00;3;AF - Acidente com Vitima Fatal;596,3;BR-116/BA;Sul;Colisão Frontal;1;1;;;;2;3
25/07/2021;08:16:00;67;ASV - Acidente SEM Vítima;873,5;BR-116/BA;Sul;Colisão Traseira;2;2;;;;;1
25/07/2021;19:43:00;255;ASV - Acidente SEM Vítima;574;BR-116/BA;Norte;Colisão Transversal;1;2;;;;;1
26/07/2021;09:29:00;123;ASV - Acidente SEM Vítima;818;BR-116/BA;Sul;Colisão Lateral;1;3;;;;;1
26/07/2021;23:40:00;370;AV - Acidente com VITIMA;715;BR-116/BA;Norte;Sequência;2;2;;1;;;2
28/07/2021;05:04:00;23;ASV - Acidente SEM Vítima;710;BR-116/BA;Norte;Colisão Traseira;2;2;;;;;1
28/07/2021;11:24:00;132;AV - Acidente com VITIMA;855,7;BR-116/BA;Norte;Tombamento;1;0;1;;;;1
28/07/2021;14:17:00;160;ASV - Acidente SEM Vítima;850;BR-116/BA;Sul;Colisão Traseira;2;2;;;;;1
29/07/2021;06:38:00;35;ASV - Acidente SEM Vítima;535;BR-324/BA;Oeste;Colisão Frontal;1;2;;;;;1
29/07/2021;08:20:00;73;AV - Acidente com VITIMA;590;BR-324/BA;Oeste;Engavetamento;1;2;1;;;;1
29/07/2021;15:34:00;196;ASV - Acidente SEM Vítima;587;BR-116/BA;Sul;Colisão Lateral;2;2;;;;;1
30/07/2021;00:14:00;4;AV - Acidente com VITIMA;521;BR-116/BA;Norte;Colisão Traseira;2;1;1;1;;;2
30/07/2021;00:59:00;10;ASV - Acidente SEM Vítima;754;BR-116/BA;Sul;Atropelamento de Animal;1;1;;;;;1
30/07/2021;04:24:00;25;ASV - Acidente SEM Vítima;679;BR-116/BA;Norte;Colisão Lateral;1;2;;;;;1
30/07/2021;09:39:00;138;ASV - Acidente SEM Vítima;852;BR-116/BA;Sul;Engavetamento;3;3;;;;;1
30/07/2021;12:15:00;190;ASV - Acidente SEM Vítima;573;BR-116/BA;Sul;Colisão Traseira;1;2;;;;;1
30/07/2021;17:23:00;264;ASV - Acidente SEM Vítima;587,2;BR-324/BA;Oeste;Colisão Lateral;1;6;;;;;1
30/07/2021;18:22:00;276;ASV - Acidente SEM Vítima;506;BR-116/BA;Sul;Engavetamento;3;3;;;;;1
30/07/2021;18:30:00;278;ASV - Acidente SEM Vítima;814;BR-116/BA;Norte;Colisão Transversal;1;2;;;;;1
31/07/2021;06:51:00;36;ASV - Acidente SEM Vítima;551;BR-324/BA;Leste;Colisão Traseira;1;2;;;;;1
31/07/2021;10:24:00;94;ASV - Acidente SEM Vítima;459;BR-116/BA;Sul;Colisão Lateral;3;3;;;;;1
31/07/2021;12:27:00;118;AF - Acidente com Vitima Fatal;435,7;BR-116/BA;Sul;Colisão Lateral;1;1;;;;1;3
01/08/2021;01:04:00;4;AV - Acidente com VITIMA;696;BR-116/BA;Sul;Tombamento;2;2;2;;;;1
01/08/2021;04:39:00;20;ASV - Acidente SEM Vítima;541,7;BR-324/BA;Oeste;Atropelamento de Animal;1;2;;;;;1
01/08/2021;08:47:00;66;ASV - Acidente SEM Vítima;626;BR-116/BA;Norte;Colisão Traseira;2;2;;;;;1
01/08/2021;11:44:00;100;ASV - Acidente SEM Vítima;585,5;BR-116/BA;Sul;Colisão Traseira;2;2;;;;;1
02/08/2021;02:07:00;13;ASV - Acidente SEM Vítima;551;BR-324/BA;Leste;Colisão Lateral;2;2;;;;;1
02/08/2021;03:02:00;17;ASV - Acidente SEM Vítima;582;BR-324/BA;Leste;Saida de Pista;1;2;;;;;1
03/08/2021;15:37:00;224;AV - Acidente com VITIMA;20,6;BR-116/BA - Cont VC;Sul;Sequência;1;2;;;1;;2
04/08/2021;06:39:00;38;ASV - Acidente SEM Vítima;509,3;BR-116/BA;Norte;Saida de Pista;1;1;;;;;1
04/08/2021;07:01:00;54;ASV - Acidente SEM Vítima;734,5;BR-116/BA;Norte;Colisão Lateral;1;5;;;;;1
04/08/2021;07:55:00;87;ASV - Acidente SEM Vítima;801;BR-116/BA;Norte;Colisão Lateral;2;3;;;;;1
04/08/2021;13:50:00;198;ASV - Acidente SEM Vítima;543;BR-116/BA;Norte;Colisão Transversal;1;4;;;;;1
04/08/2021;17:27:00;272;AF - Acidente com Vitima Fatal;664;BR-116/BA;Sul;Tombamento;1;0;;;;1;3
05/08/2021;11:28:00;122;AV - Acidente com VITIMA;870,7;BR-116/BA;Sul;Colisão Frontal;2;0;;2;;;2
05/08/2021;12:21:00;131;ASV - Acidente SEM Vítima;545;BR-324/BA;Leste;Engavetamento;1;8;;;;;1
06/08/2021;08:35:00;93;ASV - Acidente SEM Vítima;931,2;BR-116/BA;Sul;Colisão Traseira;2;2;;;;;1
06/08/2021;15:57:00;211;ASV - Acidente SEM Vítima;595;BR-324/BA;Oeste;Colisão Traseira;1;4;;;;;1
07/08/2021;14:48:00;166;ASV - Acidente SEM Vítima;617,8;BR-324/BA;Oeste;Choque Contra Objeto Fixo;1;1;;;;;1
07/08/2021;15:58:00;186;ASV - Acidente SEM Vítima;799;BR-116/BA;Sul;Engavetamento;2;3;;;;;1
07/08/2021;17:48:00;199;ASV - Acidente SEM Vítima;566;BR-116/BA;Sul;Colisão Traseira;1;2;;;;;1
07/08/2021;18:39:00;213;ASV - Acidente SEM Vítima;707,4;BR-116/BA;Sul;Colisão Traseira;2;2;;;;;1
07/08/2021;23:12:00;267;ASV - Acidente SEM Vítima;558;BR-324/BA;Oeste;Saida de Pista;1;2;;;;;1
08/08/2021;10:44:00;107;AF - Acidente com Vitima Fatal;875,3;BR-116/BA;Sul;Colisão Frontal;2;0;;1;;1;3
09/08/2021;08:19:00;91;AV - Acidente com VITIMA;839;BR-116/BA;Norte;Colisão Traseira;2;1;1;;;;1
09/08/2021;10:01:00;128;AF - Acidente com Vitima Fatal;542;BR-324/BA;Oeste;Atropelamento de Pedestre;1;2;1;;1;1;3
09/08/2021;11:52:00;173;AV - Acidente com VITIMA;15,7;BR-116/BA - Cont VC;Sul;Colisão Transversal;1;1;;1;;;2
09/08/2021;13:54:00;214;AV - Acidente com VITIMA;570;BR-324/BA;Leste;Colisão Lateral;1;1;1;;;;1
09/08/2021;14:54:00;229;ASV - Acidente SEM Vítima;681;BR-116/BA;Sul;Saida de Pista;1;1;;;;;1
10/08/2021;11:32:00;153;ASV - Acidente SEM Vítima;794,2;BR-116/BA;Norte;Colisão Lateral;2;2;;;;;1
10/08/2021;16:48:00;231;ASV - Acidente SEM Vítima;829;BR-116/BA;Sul;Colisão Traseira;2;2;;;;;1
11/08/2021;08:31:00;72;ASV - Acidente SEM Vítima;683;BR-116/BA;Sul;Colisão Traseira;1;2;;;;;1
11/08/2021;15:19:00;204;AV - Acidente com VITIMA;638,4;BR-116/BA;Norte;Colisão Traseira;2;1;1;;;;1
12/08/2021;09:53:00;121;ASV - Acidente SEM Vítima;911;BR-116/BA;Sul;Colisão Lateral;2;2;;;;;1
12/08/2021;13:28:00;171;ASV - Acidente SEM Vítima;637;BR-116/BA;Norte;Saida de Pista;1;1;;;;;1
12/08/2021;22:30:00;317;ASV - Acidente SEM Vítima;784;BR-116/BA;Sul;Colisão Frontal;1;2;;;;;1
12/08/2021;23:13:00;330;ASV - Acidente SEM Vítima;554,4;BR-116/BA;Norte;Colisão Lateral;1;2;;;;;1
13/08/2021;05:15:00;18;ASV - Acidente SEM Vítima;866,4;BR-116/BA;Norte;Saida de Pista;1;1;;;;;1
13/08/2021;15:05:00;173;ASV - Acidente SEM Vítima;533;BR-324/BA;Oeste;Saida de Pista;1;1;;;;;1
13/08/2021;19:05:00;253;AF - Acidente com Vitima Fatal;690;BR-116/BA;Sul;Choque Contra Objeto Fixo;1;3;;2;;1;3
13/08/2021;20:05:00;266;AV - Acidente com VITIMA;673;BR-116/BA;Sul;Colisão Frontal;1;2;1;;;;1
14/08/2021;04:17:00;21;ASV - Acidente SEM Vítima;448;BR-116/BA;Norte;Saida de Pista;1;1;;;;;1
14/08/2021;16:30:00;167;ASV - Acidente SEM Vítima;522,001;BR-324/BA;Leste;Colisão Lateral;1;2;;;;;1
14/08/2021;16:47:00;175;ASV - Acidente SEM Vítima;777;BR-116/BA;Sul;Colisão Traseira;1;3;;;;;1
15/08/2021;19:17:00;207;AV - Acidente com VITIMA;500;BR-116/BA;Norte;Colisão Frontal;1;0;1;;1;;2
15/08/2021;20:24:00;219;AV - Acidente com VITIMA;851,3;BR-116/BA;Norte;Saida de Pista;1;0;1;;;;1
16/08/2021;14:57:00;209;ASV - Acidente SEM Vítima;722;BR-116/BA;Norte;Engavetamento;4;4;;;;;1
17/08/2021;00:02:00;1;ASV - Acidente SEM Vítima;604;BR-116/BA;Sul;Colisão Traseira;1;3;;;;;1
17/08/2021;09:22:00;112;ASV - Acidente SEM Vítima;619,8;BR-324/BA;Leste;Engavetamento;1;2;;;;;1
17/08/2021;14:32:00;191;ASV - Acidente SEM Vítima;533;BR-324/BA;Oeste;Colisão Lateral;1;4;;;;;1
17/08/2021;17:34:00;247;AV - Acidente com VITIMA;607;BR-324/BA;Leste;Colisão Traseira;1;1;;;2;;2
17/08/2021;18:42:00;262;AV - Acidente com VITIMA;520;BR-116/BA;Sul;Colisão Transversal;1;1;1;;;;1
17/08/2021;22:27:00;302;AV - Acidente com VITIMA;896,5;BR-116/BA;Sul;Colisão Traseira;2;1;;1;;;2
18/08/2021;00:29:00;7;AV - Acidente com VITIMA;565;BR-324/BA;Leste;Saida de Pista;1;0;;1;;;2
18/08/2021;07:29:00;67;ASV - Acidente SEM Vítima;777;BR-116/BA;Norte;Colisão Traseira;1;1;;;;;1
18/08/2021;08:31:00;100;AF - Acidente com Vitima Fatal;643,7;BR-116/BA;Sul;Saida de Pista;1;0;;;;1;3
18/08/2021;13:04:00;204;ASV - Acidente SEM Vítima;547;BR-324/BA;Oeste;Colisão Traseira;1;8;;;;;1
19/08/2021;17:04:00;234;ASV - Acidente SEM Vítima;599;BR-324/BA;Oeste;Colisão Traseira;1;2;;;;;1
20/08/2021;04:52:00;30;ASV - Acidente SEM Vítima;464,3;BR-116/BA;Norte;Saida de Pista;1;1;;;;;1
21/08/2021;10:50:00;70;ASV - Acidente SEM Vítima;599,8;BR-116/BA;Norte;Colisão Traseira;1;26;;;;;1
21/08/2021;15:36:00;136;ASV - Acidente SEM Vítima;642;BR-116/BA;Sul;Colisão Traseira;2;2;;;;;1
21/08/2021;16:44:00;155;ASV - Acidente SEM Vítima;837;BR-116/BA;Sul;Colisão Traseira;2;2;;;;;1
21/08/2021;22:26:00;215;ASV - Acidente SEM Vítima;853;BR-116/BA;Sul;Saida de Pista;1;1;;;;;1
22/08/2021;10:51:00;82;ASV - Acidente SEM Vítima;594,5;BR-116/BA;Norte;Tombamento;1;1;;;;;1
22/08/2021;17:25:00;163;ASV - Acidente SEM Vítima;739,5;BR-116/BA;Sul;Colisão Traseira;2;3;;;;;1