data;horario;n_da_ocorrencia;tipo_de_ocorrencia;km;trecho;sentido;tipo_de_acidente;caminhao;ilesos;levemente_feridos;moderadamente_feridos;gravemente_feridos;mortos;3
23/08/2021;00:40:00;7;ASV - Acidente SEM Vítima;590;BR-324/BA;Leste;Saida de Pista;1;1;;;;;1
23/08/2021;06:27:00;43;ASV - Acidente SEM Vítima;608,4;BR-324/BA;Oeste;Tombamento;1;2;;;;;1
23/08/2021;13:37:00;216;ASV - Acidente SEM Vítima;496;BR-116/BA;Norte;Saida de Pista;1;1;;;;;1
23/08/2021;15:43:00;244;ASV - Acidente SEM Vítima;528;BR-116/BA;Sul;Saida de Pista;1;3;;;;;1
24/08/2021;04:41:00;16;ASV - Acidente SEM Vítima;576,5;BR-324/BA;Leste;Saida de Pista;1;1;;;;;1
24/08/2021;06:17:00;25;ASV - Acidente SEM Vítima;460;BR-116/BA;Norte;Colisão Lateral;1;2;;;;;1
24/08/2021;11:35:00;154;ASV - Acidente SEM Vítima;734;BR-116/BA;Norte;Saida de Pista;1;1;;;;;1
25/08/2021;07:28:00;70;ASV - Acidente SEM Vítima;529;BR-324/BA;Leste;Engavetamento;1;3;;;;;1
26/08/2021;08:14:00;76;ASV - Acidente SEM Vítima;494;BR-116/BA;Norte;Colisão Traseira;1;1;;;;;1
26/08/2021;14:49:00;180;ASV - Acidente SEM Vítima;597;BR-324/BA;Oeste;Saida de Pista;1;1;;;;;1
26/08/2021;15:10:00;187;ASV - Acidente SEM Vítima;519;BR-324/BA;Oeste;Colisão Lateral;1;2;;;;;1
26/08/2021;15:36:00;193;ASV - Acidente SEM Vítima;598;BR-324/BA;Oeste;Colisão Traseira;1;2;;;;;1
26/08/2021;18:34:00;241;AV - Acidente com VITIMA;521;BR-324/BA;Oeste;Sequência;2;9;;3;;;2
26/08/2021;20:44:00;258;ASV - Acidente SEM Vítima;676;BR-116/BA;Norte;Atropelamento de Animal;1;1;;;;;1
27/08/2021;05:00:00;12;ASV - Acidente SEM Vítima;524;BR-324/BA;Oeste;Atropelamento de Animal;1;1;;;;;1
27/08/2021;06:55:00;30;ASV - Acidente SEM Vítima;590;BR-324/BA;Oeste;Colisão Lateral;1;3;;;;;1
27/08/2021;07:36:00;53;ASV - Acidente SEM Vítima;543;BR-116/BA;Sul;Colisão Transversal;2;2;;;;;1
27/08/2021;13:29:00;173;ASV - Acidente SEM Vítima;594;BR-116/BA;Norte;Saida de Pista;1;1;;;;;1
27/08/2021;13:57:00;180;ASV - Acidente SEM Vítima;622;BR-324/BA;Leste;Colisão Traseira;1;2;;;;;1
27/08/2021;22:06:00;287;ASV - Acidente SEM Vítima;734,6;BR-116/BA;Norte;Saida de Pista;1;1;;;;;1
28/08/2021;05:30:00;43;ASV - Acidente SEM Vítima;521;BR-116/BA;Sul;Colisão Traseira;1;1;;;;;1
28/08/2021;18:45:00;231;A PP - Acidente envolvendo Produto Perigoso;875;BR-116/BA;Sul;Saida de Pista;1;1;;;;;1
29/08/2021;07:26:00;56;ASV - Acidente SEM Vítima;669;BR-116/BA;Norte;Colisão Traseira;2;2;;;;;1
29/08/2021;09:09:00;70;AF - Acidente com Vitima Fatal;876,4;BR-116/BA;Sul;Colisão Lateral;2;1;;;;1;3
29/08/2021;09:56:00;78;ASV - Acidente SEM Vítima;877,6;BR-116/BA;Norte;Colisão Traseira;1;2;;;;;1
29/08/2021;14:25:00;119;ASV - Acidente SEM Vítima;15,4;BR-116/BA - Cont VC;Norte;Saida de Pista;1;1;;;;;1
29/08/2021;21:33:00;194;AV - Acidente com VITIMA;0,9;BR-116/BA - ContSuFS;Norte;Colisão Lateral;1;1;1;;;;1
30/08/2021;06:29:00;36;ASV - Acidente SEM Vítima;620;BR-324/BA;Oeste;Colisão Traseira;1;2;;;;;1
30/08/2021;06:44:00;40;ASV - Acidente SEM Vítima;7;BR-116/BA - ContSuFS;Sul;Colisão Traseira;2;2;;;;;1
30/08/2021;14:09:00;186;AV - Acidente com VITIMA;6;BR-116/BA - ContSuFS;Sul;Colisão Traseira;1;1;1;;;;1
31/08/2021;15:02:00;225;ASV - Acidente SEM Vítima;565;BR-324/BA;Oeste;Tombamento;1;1;;;;;1
31/08/2021;15:11:00;227;ASV - Acidente SEM Vítima;623;BR-324/BA;Oeste;Colisão Traseira;1;2;;;;;1
31/08/2021;19:33:00;283;ASV - Acidente SEM Vítima;912,4;BR-116/BA;Norte;Colisão Traseira;2;2;;;;;1
01/09/2021;10:40:00;134;A PPF - Acidente envolvendo Produto Perigoso vitima fatal;651;BR-116/BA;Norte;Colisão Frontal;1;0;1;;;1;3
01/09/2021;15:51:00;224;ASV - Acidente SEM Vítima;547;BR-324/BA;Oeste;Outros;1;1;;;;;1
01/09/2021;16:42:00;240;AV - Acidente com VITIMA;12;BR-116/BA - Cont VC;Norte;Colisão Transversal;1;1;2;;;;1
01/09/2021;17:57:00;262;AV - Acidente com VITIMA;520;BR-324/BA;Oeste;Engavetamento;1;2;;1;;;2
02/09/2021;07:23:00;52;ASV - Acidente SEM Vítima;559;BR-324/BA;Leste;Colisão Traseira;2;2;;;;;1
02/09/2021;07:24:00;53;AV - Acidente com VITIMA;724;BR-116/BA;Sul;Colisão Lateral;2;5;1;;;;1
02/09/2021;08:20:00;73;ASV - Acidente SEM Vítima;651;BR-116/BA;Sul;Tombamento;1;3;;;;;1
02/09/2021;10:35:00;135;AV - Acidente com VITIMA;523;BR-324/BA;Leste;Colisão Lateral;1;0;1;1;;;2
02/09/2021;16:19:00;209;ASV - Acidente SEM Vítima;814;BR-116/BA;Norte;Colisão Traseira;2;2;;;;;1
03/09/2021;06:21:00;47;ASV - Acidente SEM Vítima;618;BR-116/BA;Norte;Colisão Lateral;1;1;;;;;1
03/09/2021;11:46:00;176;ASV - Acidente SEM Vítima;612;BR-324/BA;Oeste;Colisão Lateral;1;2;;;;;1
03/09/2021;16:47:00;252;ASV - Acidente SEM Vítima;625,8;BR-324/BA;Oeste;Colisão Traseira;1;6;;;;;1
04/09/2021;01:01:00;10;ASV - Acidente SEM Vítima;565,4;BR-324/BA;Oeste;Saida de Pista;1;1;;;;;1
04/09/2021;01:19:00;12;AV - Acidente com VITIMA;723,9;BR-116/BA;Norte;Saida de Pista;1;0;1;;;;1
04/09/2021;03:22:00;21;AF - Acidente com Vitima Fatal;586,7;BR-116/BA;Sul;Colisão Frontal;1;1;;;3;1;3
04/09/2021;06:40:00;37;AV - Acidente com VITIMA;833;BR-116/BA;Norte;Engavetamento;1;3;1;;;;1
05/09/2021;01:25:00;7;AF - Acidente com Vitima Fatal;776,2;BR-116/BA;Sul;Colisão Transversal;1;1;;;;1;3
05/09/2021;05:41:00;28;AF - Acidente com Vitima Fatal;779;BR-116/BA;Norte;Sequência;1;0;1;;;1;3
05/09/2021;07:58:00;54;ASV - Acidente SEM Vítima;627;BR-116/BA;Sul;Colisão Traseira;2;2;;;;;1
05/09/2021;09:40:00;82;ASV - Acidente SEM Vítima;744,7;BR-116/BA;Norte;Colisão Lateral;2;2;;;;;1
06/09/2021;10:43:00;100;ASV - Acidente SEM Vítima;574;BR-324/BA;Oeste;Colisão Lateral;1;2;;;;;1
06/09/2021;14:46:00;144;ASV - Acidente SEM Vítima;735;BR-116/BA;Norte;Saida de Pista;1;1;;;;;1
06/09/2021;19:05:00;199;ASV - Acidente SEM Vítima;543;BR-116/BA;Sul;Colisão Transversal;1;2;;;;;1
08/09/2021;06:57:00;50;AV - Acidente com VITIMA;777,5;BR-116/BA;Sul;Colisão Transversal;1;2;1;;;;1
08/09/2021;14:11:00;228;ASV - Acidente SEM Vítima;687,9;BR-116/BA;Sul;Colisão Traseira;1;46;;;;;1
10/09/2021;16:35:00;221;ASV - Acidente SEM Vítima;593;BR-324/BA;Oeste;Colisão Traseira;1;5;;;;;1
10/09/2021;22:49:00;296;AV - Acidente com VITIMA;555;BR-324/BA;Leste;Saida de Pista;1;0;;;1;;2
11/09/2021;12:31:00;115;ASV - Acidente SEM Vítima;529;BR-324/BA;Oeste;Colisão Traseira;2;2;;;;;1
12/09/2021;05:33:00;23;ASV - Acidente SEM Vítima;680,1;BR-116/BA;Sul;Colisão Traseira;1;2;;;;;1
12/09/2021;09:13:00;73;AV - Acidente com VITIMA;785;BR-116/BA;Norte;Saida de Pista;1;2;1;;;;1
12/09/2021;11:39:00;109;ASV - Acidente SEM Vítima;814,8;BR-116/BA;Sul;Colisão Traseira;2;3;;;;;1
12/09/2021;16:32:00;163;ASV - Acidente SEM Vítima;849;BR-116/BA;Norte;Colisão Traseira;2;2;;;;;1
12/09/2021;20:54:00;211;ASV - Acidente SEM Vítima;432;BR-116/BA;Norte;Tombamento;1;1;;;;;1
13/09/2021;07:48:00;61;ASV - Acidente SEM Vítima;616;BR-324/BA;Leste;Engavetamento;1;3;;;;;1
14/09/2021;10:23:00;160;A PPV - Acidente envolvendo Produto Perigoso com vitima;533;BR-324/BA;Oeste;Sequência;5;4;1;2;;;2
14/09/2021;13:15:00;199;ASV - Acidente SEM Vítima;541;BR-324/BA;Oeste;Engavetamento;4;30;;;;;1
14/09/2021;16:09:00;228;ASV - Acidente SEM Vítima;588,3;BR-116/BA;Sul;Saida de Pista;1;1;;;;;1
15/09/2021;05:03:00;17;ASV - Acidente SEM Vítima;862,3;BR-116/BA;Sul;Saida de Pista;1;1;;;;;1
15/09/2021;05:51:00;20;ASV - Acidente SEM Vítima;465;BR-116/BA;Sul;Saida de Pista;1;1;;;;;1
15/09/2021;07:34:00;67;ASV - Acidente SEM Vítima;5;BA-526;Sul;Saida de Pista;1;1;;;;;1
15/09/2021;13:07:00;165;AV - Acidente com VITIMA;612;BR-324/BA;Oeste;Engavetamento;1;7;;;2;;2
15/09/2021;13:35:00;172;ASV - Acidente SEM Vítima;611;BR-324/BA;Oeste;Colisão Traseira;1;2;;;;;1
15/09/2021;21:13:00;272;AV - Acidente com VITIMA;516;BR-116/BA;Sul;Sequência;3;2;1;;;;1
16/09/2021;09:39:00;141;ASV - Acidente SEM Vítima;678,5;BR-116/BA;Norte;Engavetamento;1;4;;;;;1
17/09/2021;05:56:00;22;ASV - Acidente SEM Vítima;539,5;BR-116/BA;Sul;Colisão Traseira;1;44;;;;;1
17/09/2021;22:31:00;365;ASV - Acidente SEM Vítima;526;BR-324/BA;Oeste;Colisão Traseira;2;4;;;;;1
18/09/2021;17:55:00;219;ASV - Acidente SEM Vítima;923;BR-116/BA;Norte;Colisão Traseira;2;2;;;;;1
19/09/2021;14:05:00;106;AF - Acidente com Vitima Fatal;806;BR-116/BA;Norte;Colisão Frontal;1;1;1;1;1;1;3
20/09/2021;22:17:00;298;ASV - Acidente SEM Vítima;878,5;BR-116/BA;Norte;Colisão Traseira;2;2;;;;;1
21/09/2021;10:04:00;122;ASV - Acidente SEM Vítima;483;BR-116/BA;Sul;Tombamento;1;1;;;;;1
21/09/2021;13:37:00;170;AV - Acidente com VITIMA;684,7;BR-116/BA;Sul;Colisão Traseira;1;2;3;;;;1
21/09/2021;23:12:00;293;ASV - Acidente SEM Vítima;775;BR-116/BA;Norte;Atropelamento de Animal;1;1;;;;;1
22/09/2021;08:53:00;91;AV - Acidente com VITIMA;588;BR-116/BA;Sul;Colisão Frontal;2;0;;3;;;2
22/09/2021;20:33:00;264;ASV - Acidente SEM Vítima;803;BR-116/BA;Sul;Colisão Traseira;2;2;;;;;1
23/09/2021;23:50:00;294;ASV - Acidente SEM Vítima;573,5;BR-116/BA;Sul;Saida de Pista;1;1;;;;;1
24/09/2021;06:57:00;53;ASV - Acidente SEM Vítima;518;BR-324/BA;Oeste;Colisão Traseira;2;2;;;;;1
24/09/2021;10:43:00;167;ASV - Acidente SEM Vítima;756,8;BR-116/BA;Sul;Engavetamento;1;3;;;;;1
24/09/2021;11:39:00;186;ASV - Acidente SEM Vítima;605;BR-324/BA;Oeste;Colisão Traseira;2;2;;;;;1
24/09/2021;12:28:00;196;AV - Acidente com VITIMA;764;BR-116/BA;Sul;Colisão Traseira;2;1;1;1;;;2
24/09/2021;15:51:00;246;ASV - Acidente SEM Vítima;612;BR-324/BA;Leste;Colisão Traseira;1;2;;;;;1
24/09/2021;21:26:00;313;ASV - Acidente SEM Vítima;426,2;BR-116/BA;Norte;Tombamento;1;2;;;;;1
25/09/2021;05:08:00;29;ASV - Acidente SEM Vítima;431,8;BR-116/BA;Norte;Saida de Pista;1;2;;;;;1
25/09/2021;08:40:00;81;ASV - Acidente SEM Vítima;523;BR-324/BA;Oeste;Colisão Lateral;1;17;;;;;1
25/09/2021;10:33:00;107;AV - Acidente com VITIMA;574;BR-324/BA;Oeste;Saida de Pista;1;3;1;1;;;2
25/09/2021;12:06:00;137;AV - Acidente com VITIMA;757,5;BR-116/BA;Norte;Colisão Traseira;1;1;1;;;;1
26/09/2021;05:39:00;17;ASV - Acidente SEM Vítima;817;BR-116/BA;Sul;Colisão Traseira;1;2;;;;;1
26/09/2021;14:08:00;117;AV - Acidente com VITIMA;550;BR-324/BA;Leste;Sequência;1;3;;5;;;2
26/09/2021;14:33:00;124;ASV - Acidente SEM Vítima;530;BR-324/BA;Leste;Saida de Pista;1;1;;;;;1
27/09/2021;11:22:00;153;ASV - Acidente SEM Vítima;713,8;BR-116/BA;Norte;Saida de Pista;1;1;;;;;1
27/09/2021;11:56:00;166;AV - Acidente com VITIMA;818;BR-116/BA;Norte;Colisão Transversal;1;0;2;;;;1
27/09/2021;16:12:00;229;ASV - Acidente SEM Vítima;521;BR-324/BA;Oeste;Colisão Traseira;1;3;;;;;1
27/09/2021;21:44:00;293;ASV - Acidente SEM Vítima;609;BR-324/BA;Leste;Colisão Lateral;1;2;;;;;1
28/09/2021;15:15:00;221;ASV - Acidente SEM Vítima;907;BR-116/BA;Sul;Colisão Lateral;2;3;;;;;1
28/09/2021;23:25:00;323;ASV - Acidente SEM Vítima;572;BR-324/BA;Leste;Saida de Pista;1;1;;;;;1
29/09/2021;04:43:00;18;ASV - Acidente SEM Vítima;540;BR-116/BA;Sul;Colisão Traseira;1;1;;;;;1
29/09/2021;08:16:00;76;ASV - Acidente SEM Vítima;565;BR-324/BA;Oeste;Tombamento;1;1;;;;;1
29/09/2021;17:47:00;238;ASV - Acidente SEM Vítima;5;BA-526;Sul;Colisão Lateral;2;2;;;;;1
30/09/2021;04:33:00;18;AV - Acidente com VITIMA;729,59;BR-116/BA;Sul;Colisão Traseira;1;40;6;1;;;2
30/09/2021;05:32:00;25;ASV - Acidente SEM Vítima;463,5;BR-116/BA;Norte;Colisão Lateral;2;2;;;;;1
30/09/2021;05:49:00;26;AV - Acidente com VITIMA;862,3;BR-116/BA;Norte;Saida de Pista;1;1;1;;;;1
30/09/2021;10:41:00;108;ASV - Acidente SEM Vítima;907,9;BR-116/BA;Sul;Saida de Pista;1;1;;;;;1
30/09/2021;15:04:00;163;AV - Acidente com VITIMA;615,8;BR-324/BA;Leste;Sequência;1;2;1;;;;1
30/09/2021;22:39:00;240;ASV - Acidente SEM Vítima;525;BR-324/BA;Oeste;Colisão Lateral;2;2;;;;;1
01/10/2021;14:52:00;165;ASV - Acidente SEM Vítima;759;BR-116/BA;Sul;Sequência;1;9;;;;;1
02/10/2021;05:51:00;39;ASV - Acidente SEM Vítima;586,5;BR-116/BA;Norte;Colisão Lateral;2;2;;;;;1
02/10/2021;14:53:00;183;ASV - Acidente SEM Vítima;480,9;BR-116/BA;Norte;Colisão Traseira;2;2;;;;;1
02/10/2021;15:09:00;192;ASV - Acidente SEM Vítima;574;BR-324/BA;Oeste;Colisão Lateral;1;2;;;;;1
03/10/2021;08:00:00;40;ASV - Acidente SEM Vítima;530;BR-324/BA;Leste;Colisão Lateral;1;2;;;;;1
04/10/2021;08:05:00;71;ASV - Acidente SEM Vítima;898;BR-116/BA;Norte;Colisão Traseira;2;2;;;;;1
04/10/2021;16:14:00;218;ASV - Acidente SEM Vítima;852;BR-116/BA;Norte;Colisão Traseira;1;5;;;;;1
04/10/2021;18:27:00;260;ASV - Acidente SEM Vítima;661,8;BR-116/BA;Norte;Saida de Pista;1;1;;;;;1
04/10/2021;19:42:00;272;ASV - Acidente SEM Vítima;557,5;BR-116/BA;Sul;Tombamento;1;1;;;;;1
05/10/2021;07:25:00;48;ASV - Acidente SEM Vítima;618;BR-324/BA;Oeste;Colisão Lateral;1;26;;;;;1
05/10/2021;13:22:00;177;ASV - Acidente SEM Vítima;553,5;BR-324/BA;Oeste;Colisão Lateral;1;5;;;;;1
05/10/2021;14:56:00;209;AV - Acidente com VITIMA;539;BR-116/BA;Norte;Colisão Traseira;1;4;2;;;;1
06/10/2021;09:17:00;94;AV - Acidente com VITIMA;879,2;BR-116/BA;Sul;Saida de Pista;1;0;;;1;;2
06/10/2021;10:57:00;129;AV - Acidente com VITIMA;752;BR-116/BA;Sul;Engavetamento;3;4;1;;;;1
06/10/2021;16:58:00;232;AV - Acidente com VITIMA;801;BR-116/BA;Sul;Sequência;2;4;;1;1;;2
08/10/2021;07:26:00;78;ASV - Acidente SEM Vítima;617;BR-324/BA;Leste;Colisão Lateral;1;3;;;;;1
08/10/2021;14:23:00;179;AV - Acidente com VITIMA;493;BR-116/BA;Sul;Engavetamento;4;5;;1;;;2
08/10/2021;21:01:00;288;AV - Acidente com VITIMA;511,2;BR-116/BA;Sul;Saida de Pista;1;0;;1;;;2
09/10/2021;07:41:00;62;AV - Acidente com VITIMA;613;BR-324/BA;Leste;Outros;1;1;1;;;;1
09/10/2021;12:03:00;137;ASV - Acidente SEM Vítima;614;BR-324/BA;Oeste;Colisão Lateral;1;2;;;;;1
09/10/2021;19:13:00;241;ASV - Acidente SEM Vítima;604;BR-324/BA;Oeste;Colisão Lateral;1;2;;;;;1
09/10/2021;19:47:00;244;AF - Acidente com Vitima Fatal;493;BR-116/BA;Sul;Colisão Traseira;2;1;;;;1;3
10/10/2021;08:55:00;73;ASV - Acidente SEM Vítima;639;BR-116/BA;Sul;Colisão Lateral;1;3;;;;;1
10/10/2021;16:57:00;177;ASV - Acidente SEM Vítima;873;BR-116/BA;Norte;Colisão Traseira;2;2;;;;;1
10/10/2021;21:50:00;231;ASV - Acidente SEM Vítima;518,3;BR-324/BA;Oeste;Colisão Lateral;1;2;;;;;1
13/10/2021;01:38:00;10;ASV - Acidente SEM Vítima;426,5;BR-116/BA;Norte;Tombamento;1;1;;;;;1
13/10/2021;07:59:00;93;ASV - Acidente SEM Vítima;614;BR-324/BA;Leste;Colisão Traseira;1;2;;;;;1
13/10/2021;11:08:00;168;AV - Acidente com VITIMA;631,5;BR-116/BA;Norte;Colisão Lateral;1;0;2;;;;1
13/10/2021;19:37:00;355;AV - Acidente com VITIMA;772;BR-116/BA;Norte;Colisão Traseira;2;1;;1;;;2
15/10/2021;10:41:00;136;ASV - Acidente SEM Vítima;599;BR-324/BA;Oeste;Colisão Lateral;1;2;;;;;1
15/10/2021;14:35:00;191;AV - Acidente com VITIMA;770,8;BR-116/BA;Norte;Saida de Pista;1;0;1;;;;1
15/10/2021;17:56:00;257;ASV - Acidente SEM Vítima;523,001;BR-324/BA;Oeste;Colisão Traseira;1;2;;;;;1
15/10/2021;18:14:00;262;AF - Acidente com Vitima Fatal;670;BR-116/BA;Norte;Colisão Lateral;1;1;;;;1;3
16/10/2021;14:22:00;124;AV - Acidente com VITIMA;543;BR-116/BA;Sul;Colisão Lateral;1;1;;;1;;2
16/10/2021;18:18:00;180;ASV - Acidente SEM Vítima;829;BR-116/BA;Norte;Colisão Traseira;1;2;;;;;1
16/10/2021;18:29:00;183;AF - Acidente com Vitima Fatal;21,2;BR-116/BA - Cont VC;Sul;Saida de Pista;1;0;1;;;1;3
17/10/2021;01:18:00;9;ASV - Acidente SEM Vítima;764;BR-116/BA;Norte;Colisão Transversal;1;6;;;;;1
17/10/2021;15:38:00;149;AF - Acidente com Vitima Fatal;528,6;BR-116/BA;Norte;Engavetamento;4;2;;;1;2;3
17/10/2021;15:57:00;160;AV - Acidente com VITIMA;678,5;BR-116/BA;Norte;Engavetamento;3;2;;1;;;2
17/10/2021;19:47:00;221;ASV - Acidente SEM Vítima;932;BR-116/BA;Norte;Atropelamento de Animal;1;1;;;;;1
17/10/2021;23:35:00;247;ASV - Acidente SEM Vítima;536,4;BR-116/BA;Norte;Saida de Pista;1;1;;;;;1
18/10/2021;09:35:00;132;AV - Acidente com VITIMA;626,2;BR-324/BA;Leste;Colisão Lateral;1;1;2;;;;1
18/10/2021;10:26:00;157;ASV - Acidente SEM Vítima;603;BR-324/BA;Oeste;Colisão Traseira;1;2;;;;;1
18/10/2021;18:39:00;311;ASV - Acidente SEM Vítima;821;BR-116/BA;Sul;Colisão Traseira;1;2;;;;;1
18/10/2021;18:39:00;312;AV - Acidente com VITIMA;7;BR-116/BA - ContSuFS;Sul;Colisão Lateral;1;1;;;1;;2
20/10/2021;08:54:00;90;ASV - Acidente SEM Vítima;619;BR-324/BA;Leste;Colisão Lateral;1;2;;;;;1
21/10/2021;11:29:00;152;AV - Acidente com VITIMA;674;BR-116/BA;Norte;Colisão Lateral;1;0;2;;;;1
21/10/2021;12:40:00;167;ASV - Acidente SEM Vítima;728;BR-116/BA;Norte;Colisão Traseira;1;41;;;;;1
21/10/2021;15:17:00;213;ASV - Acidente SEM Vítima;875,9;BR-116/BA;Norte;Saida de Pista;1;1;;;;;1
22/10/2021;14:40:00;235;ASV - Acidente SEM Vítima;561;BR-324/BA;Leste;Colisão Traseira;1;2;;;;;1
22/10/2021;14:40:00;236;ASV - Acidente SEM Vítima;448;BR-116/BA;Sul;Tombamento;1;1;;;;;1
23/10/2021;11:17:00;131;ASV - Acidente SEM Vítima;530;BR-116/BA;Sul;Saida de Pista;1;1;;;;;1
23/10/2021;21:58:00;275;ASV - Acidente SEM Vítima;576;BR-116/BA;Sul;Colisão Frontal;1;2;;;;;1
24/10/2021;19:14:00;174;AF - Acidente com Vitima Fatal;749,2;BR-116/BA;Norte;Colisão Frontal;1;2;;;;1;3
25/10/2021;04:47:00;25;AV - Acidente com VITIMA;625,5;BR-116/BA;Sul;Saida de Pista;1;1;1;;;;1
25/10/2021;06:34:00;48;ASV - Acidente SEM Vítima;615;BR-324/BA;Leste;Colisão Traseira;2;2;;;;;1
25/10/2021;08:11:00;88;ASV - Acidente SEM Vítima;606;BR-324/BA;Leste;Saida de Pista;1;2;;;;;1
25/10/2021;09:42:00;123;ASV - Acidente SEM Vítima;555;BR-324/BA;Leste;Colisão Traseira;1;2;;;;;1
25/10/2021;14:26:00;208;AF - Acidente com Vitima Fatal;887,7;BR-116/BA;Sul;Colisão Frontal;1;1;;;;4;3
25/10/2021;19:25:00;289;ASV - Acidente SEM Vítima;563,7;BR-116/BA;Norte;Colisão Traseira;2;2;;;;;1
25/10/2021;21:03:00;310;ASV - Acidente SEM Vítima;453,4;BR-116/BA;Sul;Saida de Pista;1;2;;;;;1
26/10/2021;08:27:00;84;AV - Acidente com VITIMA;591;BR-324/BA;Oeste;Colisão Lateral;1;0;;1;;;2
26/10/2021;13:00:00;180;ASV - Acidente SEM Vítima;571;BR-324/BA;Oeste;Colisão Traseira;2;2;;;;;1
26/10/2021;15:49:00;225;ASV - Acidente SEM Vítima;567,7;BR-324/BA;Leste;Saida de Pista;1;1;;;;;1
28/10/2021;10:01:00;141;ASV - Acidente SEM Vítima;564,8;BR-324/BA;Oeste;Saida de Pista;1;1;;;;;1
28/10/2021;11:26:00;171;AF - Acidente com Vitima Fatal;518;BR-116/BA;Norte;Colisão Traseira;1;1;;;;1;3
28/10/2021;18:17:00;292;ASV - Acidente SEM Vítima;616;BR-116/BA;Norte;Saida de Pista;1;1;;;;;1
29/10/2021;04:13:00;22;AV - Acidente com VITIMA;433,9;BR-116/BA;Norte;Saida de Pista;1;0;;1;;;2
29/10/2021;17:13:00;274;ASV - Acidente SEM Vítima;599;BR-324/BA;Oeste;Engavetamento;1;7;;;;;1
29/10/2021;18:22:00;296;ASV - Acidente SEM Vítima;795;BR-116/BA;Norte;Colisão Traseira;2;2;;;;;1
30/10/2021;05:51:00;21;AV - Acidente com VITIMA;817;BR-116/BA;Sul;Colisão Lateral;1;1;2;;;;1
30/10/2021;06:20:00;28;ASV - Acidente SEM Vítima;483;BR-116/BA;Norte;Colisão Traseira;1;31;;;;;1
30/10/2021;10:54:00;108;ASV - Acidente SEM Vítima;765;BR-116/BA;Sul;Colisão Traseira;1;2;;;;;1
30/10/2021;11:56:00;123;ASV - Acidente SEM Vítima;522,9;BR-324/BA;Leste;Colisão Traseira;1;2;;;;;1
30/10/2021;14:32:00;167;AV - Acidente com VITIMA;714;BR-116/BA;Sul;Colisão Traseira;2;1;1;;;;1
30/10/2021;19:25:00;236;AV - Acidente com VITIMA;801;BR-116/BA;Norte;Colisão Frontal;2;0;;5;;;2
30/10/2021;22:57:00;264;ASV - Acidente SEM Vítima;806;BR-116/BA;Norte;Colisão Traseira;2;2;;;;;1
31/10/2021;08:26:00;69;ASV - Acidente SEM Vítima;857,2;BR-116/BA;Norte;Colisão Traseira;2;2;;;;;1
23/11/2021;08:21:00;71;Sem vítima;14,000;CONTORNO - VC/BA;Decrescente;Colisão lateral no mesmo sentido;1;1;0;0;0;0;1
23/11/2021;09:28:00;108;Sem vítima;909,000;BR-116/BA;Crescente;Acidentes de outra natureza;1;1;0;0;0;0;1
30/12/2021;05:34:00;31;Com vítima;593,000;BR-324/BA;Crescente;Atropelamento de pedestre;1;0;0;0;0;1;3
30/12/2021;07:03:00;55;Sem vítima;601,000;BR-116/BA;Crescente;Colisão lateral no mesmo sentido;1;0;0;0;0;0;1
30/12/2021;16:37:00;272;Com vítima;752,000;BR-116/BA;Crescente;Atropelamento de pedestre;1;0;0;0;0;1;3
31/12/2021;16:10:00;219;Com vítima;597,000;BR-116/BA;Crescente;Capotamento;1;0;1;0;0;0;1
02/01/2022;08:13:00;44;Com vítima;442,000;BR-116/BA;Crescente;Saída de pista;1;0;1;0;0;0;1
03/01/2022;15:47:00;257;Com vítima;602,000;BR-116/BA;Decrescente;Saída de pista;1;0;1;0;0;0;1
06/01/2022;10:34:00;144;Sem vítima;555,000;BR-324/BA;Decrescente;Colisão traseira;1;0;0;0;0;0;1
07/01/2022;06:28:00;36;Sem vítima;523,000;BR-324/BA;Decrescente;Acidentes de outra natureza;2;0;0;0;0;0;1
07/01/2022;14:34:00;248;Sem vítima;555,000;BR-324/BA;Decrescente;Colisão traseira;1;0;0;0;0;0;1
08/01/2022;02:16:00;12;Com vítima;696,000;BR-116/BA;Decrescente;Saída de pista;1;0;0;1;0;0;2
08/01/2022;07:03:00;40;Sem vítima;803,000;BR-116/BA;Crescente;Saída de pista;1;0;0;0;0;0;1
09/01/2022;05:14:00;21;Com vítima;12,000;CONTORNO - VC/BA;Crescente;Colisão traseira;1;0;1;0;0;1;3
09/01/2022;17:40:00;199;Com vítima;483,000;BR-116/BA;Decrescente;Colisão lateral no mesmo sentido;1;0;2;1;0;0;2
10/01/2022;10:01:00;151;Sem vítima;482,000;BR-116/BA;Decrescente;Colisão traseira;1;0;0;0;0;0;1
10/01/2022;12:22:00;207;Sem vítima;543,000;BR-324/BA;Decrescente;Saída de pista;1;0;0;0;0;0;1
10/01/2022;13:12:00;222;Sem vítima;559,000;BR-324/BA;Decrescente;Colisão traseira;2;0;0;0;0;0;1
11/01/2022;07:09:00;44;Com vítima;753,000;BR-116/BA;Crescente;Colisão frontal;1;0;1;0;0;2;3
12/01/2022;05:42:00;32;Sem vítima;746,000;BR-116/BA;Crescente;Colisão traseira;1;0;0;0;0;0;1