data;horario;n_da_ocorrencia;tipo_de_ocorrencia;km;trecho;sentido;tipo_de_acidente;caminhao;ilesos;levemente_feridos;moderadamente_feridos;gravemente_feridos;mortos;3
12/01/2022;10:55:00;139;Sem vítima;553,000;BR-324/BA;Decrescente;Colisão lateral no mesmo sentido;1;0;0;0;0;0;1
13/01/2022;00:07:00;7;Sem vítima;587,000;BR-324/BA;Crescente;Saída de pista;1;0;0;0;0;0;1
13/01/2022;05:42:00;29;Sem vítima;426,000;CONTORNO NORTE - FS - 116/BA;Crescente;Colisão transversal;1;0;0;0;0;0;1
13/01/2022;08:51:00;91;Sem vítima;542,000;BR-324/BA;Decrescente;Capotamento;1;0;0;0;0;0;1
13/01/2022;17:27:00;250;Com vítima;829,000;BR-116/BA;Decrescente;Acidentes de outra natureza;2;0;1;2;0;0;2
14/01/2022;22:57:00;374;Sem vítima;4,000;CONTORNO SUL  - FS/BA;Decrescente;Colisão traseira;2;0;0;0;0;0;1
15/01/2022;08:32:00;109;Sem vítima;741,000;BR-116/BA;Crescente;Acidentes de outra natureza;2;0;0;0;0;0;1
15/01/2022;10:51:00;146;Sem vítima;693,000;BR-116/BA;Decrescente;Colisão lateral no mesmo sentido;1;0;0;0;0;0;1
16/01/2022;05:57:00;54;Sem vítima;601,000;BR-116/BA;Decrescente;Capotamento;1;0;0;0;0;0;1
16/01/2022;09:17:00;100;Sem vítima;843,000;BR-116/BA;Crescente;Colisão lateral no mesmo sentido;1;0;0;0;0;0;1
16/01/2022;20:37:00;244;Com vítima;848,000;BR-116/BA;Crescente;Colisão lateral no mesmo sentido;4;0;0;1;1;0;2
16/01/2022;23:56:00;277;Com vítima;815,000;BR-116/BA;Crescente;Colisão frontal;1;0;0;1;0;0;2
17/01/2022;12:51:00;213;Com vítima;846,000;BR-116/BA;Crescente;Colisão lateral no mesmo sentido;1;0;1;0;0;0;1
17/01/2022;16:27:00;293;Sem vítima;620,000;BR-324/BA;Decrescente;Colisão lateral no mesmo sentido;1;0;0;0;0;0;1
18/01/2022;14:23:00;212;Sem vítima;433,000;BR-116/BA;Crescente;Saída de pista;1;0;0;0;0;0;1
19/01/2022;02:09:00;30;Sem vítima;444,000;BR-116/BA;Crescente;Colisão traseira;2;0;0;0;0;0;1
19/01/2022;02:20:00;32;Sem vítima;4,000;CONTORNO SUL  - FS/BA;Crescente;Colisão traseira;1;0;0;0;0;0;1
19/01/2022;05:39:00;42;Com vítima;611,000;BR-116/BA;Crescente;Colisão lateral no mesmo sentido;1;0;2;2;0;1;3
19/01/2022;08:20:00;102;Sem vítima;591,000;BR-324/BA;Decrescente;Capotamento;1;0;0;0;0;0;1
20/01/2022;00:00:00;183;Sem vítima;777,000;BR-116/BA;Decrescente;Colisão lateral no mesmo sentido;1;0;0;0;0;0;1
20/01/2022;03:59:00;34;Com vítima;547,000;BR-324/BA;Crescente;Colisão traseira;1;0;1;2;1;0;2
21/01/2022;02:07:00;19;Com vítima;588,000;BR-324/BA;Crescente;Saída de pista;1;0;1;0;0;0;1
21/01/2022;08:28:00;110;Com vítima;908,000;BR-116/BA;Decrescente;Acidentes de outra natureza;3;0;0;0;0;1;3
21/01/2022;13:18:00;180;Sem vítima;609,000;BR-324/BA;Decrescente;Saída de pista;1;0;0;0;0;0;1
21/01/2022;16:33:00;225;Sem vítima;20,000;CONTORNO - VC/BA;Crescente;Colisão traseira;1;0;0;0;0;0;1
21/01/2022;17:17:00;235;Sem vítima;596,000;BR-324/BA;Crescente;Colisão lateral no mesmo sentido;1;0;0;0;0;0;1
21/01/2022;17:26:00;237;Com vítima;787,000;BR-116/BA;Crescente;Colisão frontal;1;0;0;0;0;1;3
21/01/2022;18:13:00;249;Sem vítima;780,000;BR-116/BA;Crescente;Colisão frontal;2;0;0;0;0;0;1
21/01/2022;18:39:00;257;Sem vítima;900,000;BR-116/BA;Crescente;Saída de pista;2;0;0;0;0;0;1
22/01/2022;00:32:00;27;Sem vítima;580,000;BR-324/BA;Crescente;Saída de pista;1;0;0;0;0;0;1
22/01/2022;14:31:00;167;Sem vítima;666,000;BR-116/BA;Crescente;Colisão lateral no mesmo sentido;1;0;0;0;0;0;1
22/01/2022;15:09:00;175;Sem vítima;832,000;BR-116/BA;Crescente;Colisão lateral no mesmo sentido;1;0;0;0;0;0;1
23/01/2022;13:01:00;89;Sem vítima;910,000;BR-116/BA;Decrescente;Colisão traseira;2;0;0;0;0;0;1
23/01/2022;22:15:00;224;Sem vítima;19,000;CONTORNO - VC/BA;Decrescente;Colisão transversal;1;0;0;0;0;0;1
24/01/2022;10:57:00;148;Sem vítima;609,000;BR-324/BA;Crescente;Colisão traseira;1;0;0;0;0;0;1
24/01/2022;11:18:00;156;Com vítima;561,000;BR-324/BA;Decrescente;Colisão traseira;1;0;1;1;0;0;2
24/01/2022;12:29:00;169;Sem vítima;564,000;BR-324/BA;Decrescente;Saída de pista;1;0;0;0;0;0;1
24/01/2022;13:30:00;183;Com vítima;683,000;BR-116/BA;Crescente;Capotamento;1;0;1;0;0;0;1
24/01/2022;15:36:00;218;Sem vítima;547,000;BR-324/BA;Decrescente;Colisão traseira;1;0;0;0;0;0;1
24/01/2022;17:15:00;251;Sem vítima;7,000;CONTORNO SUL  - FS/BA;Crescente;Colisão lateral no mesmo sentido;1;0;0;0;0;0;1
25/01/2022;10:45:00;133;Sem vítima;532,000;BR-324/BA;Decrescente;Colisão lateral no mesmo sentido;1;0;0;0;0;0;1
25/01/2022;13:14:00;162;Sem vítima;623,000;BR-116/BA;Crescente;Capotamento;1;0;0;0;0;0;1
25/01/2022;19:19:00;252;Com vítima;789,000;BR-116/BA;Decrescente;Colisão traseira;1;0;0;0;0;1;3
27/01/2022;02:14:00;35;Sem vítima;454,000;BR-116/BA;Decrescente;Saída de pista;1;0;0;0;0;0;1
27/01/2022;12:08:00;186;Com vítima;906,000;BR-116/BA;Decrescente;Colisão lateral no mesmo sentido;1;0;1;0;0;0;1
27/01/2022;15:20:00;235;Sem vítima;622,000;BR-116/BA;Decrescente;Capotamento;1;0;0;0;0;0;1
27/01/2022;15:47:00;241;Sem vítima;588,000;BR-324/BA;Crescente;Colisão traseira;1;0;0;0;0;0;1
27/01/2022;19:10:00;277;Com vítima;853,000;BR-116/BA;Decrescente;Colisão traseira;1;0;0;1;0;0;2
28/01/2022;17:50:00;233;Sem vítima;615,000;BR-324/BA;Crescente;Acidentes de outra natureza;1;0;0;0;0;0;1
28/01/2022;20:32:00;258;Sem vítima;754,000;BR-116/BA;Crescente;Acidentes de outra natureza;3;0;0;0;0;0;1
29/01/2022;00:24:00;21;Sem vítima;880,000;BR-116/BA;Decrescente;Colisão traseira;2;0;0;0;0;0;1
29/01/2022;07:33:00;54;Sem vítima;805,000;BR-116/BA;Crescente;Capotamento;1;0;0;0;0;0;1
30/01/2022;05:12:00;44;Com vítima;925,000;BR-116/BA;Decrescente;Colisão frontal;1;0;3;0;1;1;3
30/01/2022;10:59:00;102;Com vítima;690,000;BR-116/BA;Crescente;Saída de pista;1;0;0;1;0;0;2
30/01/2022;20:25:00;215;Sem vítima;27,000;CONTORNO - VC/BA;Decrescente;Colisão traseira;1;0;0;0;0;0;1
31/01/2022;07:08:00;70;Com vítima;0,000;CONTORNO SUL  - FS/BA;Decrescente;Colisão traseira;1;0;0;0;1;0;2
31/01/2022;14:38:00;210;Sem vítima;607,000;BR-324/BA;Decrescente;Colisão lateral no mesmo sentido;1;0;0;0;0;0;1
01/02/2022;11:36:00;149;Sem vítima;716,000;BR-116/BA;Crescente;Colisão traseira;2;0;0;0;0;0;1
02/02/2022;07:05:00;61;Sem vítima;903,000;BR-116/BA;Crescente;Queda de moto;1;0;0;0;0;0;1
02/02/2022;15:18:00;203;Sem vítima;715,000;BR-116/BA;Decrescente;Colisão traseira;1;0;0;0;0;0;1
03/02/2022;12:16:00;157;Sem vítima;529,000;BR-324/BA;Decrescente;Capotamento;1;0;0;0;0;0;1
03/02/2022;21:58:00;281;Sem vítima;594,000;BR-116/BA;Decrescente;Saída de pista;1;0;0;0;0;0;1
04/02/2022;00:01:00;1;Sem vítima;584,000;BR-116/BA;Decrescente;Saída de pista;1;0;0;0;0;0;1
05/02/2022;05:29:00;42;Com vítima;740,000;BR-116/BA;Decrescente;Colisão lateral no mesmo sentido;2;0;1;0;0;0;1
05/02/2022;07:10:00;54;Sem vítima;615,000;BR-324/BA;Crescente;Acidentes de outra natureza;1;0;0;0;0;0;1
05/02/2022;12:40:00;130;Sem vítima;742,000;BR-116/BA;Decrescente;Colisão lateral no mesmo sentido;1;0;0;0;0;0;1
07/02/2022;14:47:00;218;Com vítima;614,000;BR-324/BA;Decrescente;Colisão frontal;1;0;1;1;0;0;2
07/02/2022;20:36:00;295;Com vítima;1,000;CONTORNO SUL  - FS/BA;Crescente;Colisão traseira;2;0;0;1;0;0;2
09/02/2022;14:56:00;185;Com vítima;4,000;CONTORNO SUL  - FS/BA;Crescente;Colisão traseira;1;0;0;1;0;0;2
09/02/2022;16:36:00;218;Sem vítima;860,000;BR-116/BA;Crescente;Colisão lateral no mesmo sentido;1;0;0;0;0;0;1
09/02/2022;18:59:00;258;Sem vítima;541,000;BR-324/BA;Decrescente;Acidentes de outra natureza;1;0;0;0;0;0;1
10/02/2022;11:49:00;185;Sem vítima;699,000;BR-116/BA;Decrescente;Colisão lateral no mesmo sentido;1;0;0;0;0;0;1
10/02/2022;12:53:00;196;Sem vítima;777,000;BR-116/BA;Crescente;Colisão traseira;1;0;0;0;0;0;1
10/02/2022;20:19:00;303;Sem vítima;446,000;BR-116/BA;Crescente;Colisão lateral no mesmo sentido;2;0;0;0;0;0;1
11/02/2022;10:30:00;146;Sem vítima;803,000;BR-116/BA;Crescente;Colisão traseira;2;0;0;0;0;0;1
11/02/2022;13:04:00;180;Sem vítima;524,000;BR-324/BA;Crescente;Capotamento;1;0;0;0;0;0;1
11/02/2022;14:39:00;211;Sem vítima;655,000;BR-116/BA;Crescente;Colisão traseira;1;0;0;0;0;0;1
12/02/2022;06:46:00;54;Sem vítima;456,000;BR-116/BA;Decrescente;Saída de pista;1;0;0;0;0;0;1
12/02/2022;18:57:00;234;Com vítima;814,000;BR-116/BA;Decrescente;Colisão frontal;1;0;1;0;0;0;1
13/02/2022;17:58:00;189;Sem vítima;601,000;BR-116/BA;Decrescente;Saída de pista;2;0;0;0;0;0;1
14/02/2022;12:30:00;158;Sem vítima;610,000;BR-324/BA;Decrescente;Colisão frontal;1;0;0;0;0;0;1
14/02/2022;15:02:00;220;Sem vítima;641,000;BR-116/BA;Decrescente;Colisão traseira;2;0;0;0;0;0;1
14/02/2022;18:33:00;273;Com vítima;532,000;BR-324/BA;Decrescente;Colisão traseira;1;0;4;0;0;1;3
14/02/2022;21:44:00;293;Sem vítima;532,000;BR-324/BA;Decrescente;Colisão traseira;2;0;0;0;0;0;1
16/02/2022;16:05:00;239;Sem vítima;625,000;BR-324/BA;Decrescente;Acidentes de outra natureza;1;0;0;0;0;0;1
17/02/2022;18:25:00;260;Com vítima;805,000;BR-116/BA;Crescente;Colisão lateral no mesmo sentido;1;0;0;1;0;0;2
17/02/2022;19:40:00;275;Sem vítima;576,000;BR-324/BA;Crescente;Saída de pista;1;0;0;0;0;0;1
18/02/2022;09:27:00;116;Com vítima;535,000;BR-324/BA;Decrescente;Acidentes de outra natureza;1;0;2;1;0;0;2
19/02/2022;10:54:00;127;Sem vítima;931,000;BR-116/BA;Crescente;Colisão traseira;1;0;0;0;0;0;1
19/02/2022;12:29:00;149;Sem vítima;563,000;BR-324/BA;Crescente;Saída de pista;1;0;0;0;0;0;1
19/02/2022;14:59:00;175;Com vítima;778,000;BR-116/BA;Crescente;Colisão traseira;1;0;2;0;0;0;1
19/02/2022;21:38:00;238;Sem vítima;26,000;CONTORNO - VC/BA;Decrescente;Colisão lateral no mesmo sentido;1;0;0;0;0;0;1
20/02/2022;08:50:00;74;Sem vítima;604,000;BR-116/BA;Decrescente;Colisão lateral no mesmo sentido;1;0;0;0;0;0;1
20/02/2022;12:24:00;120;Sem vítima;686,000;BR-116/BA;Crescente;Capotamento;1;0;0;0;0;0;1
21/02/2022;00:53:00;29;Sem vítima;637,000;BR-116/BA;Crescente;Saída de pista;1;0;0;0;0;0;1
21/02/2022;07:40:00;79;Sem vítima;551,000;BR-324/BA;Crescente;Colisão lateral no mesmo sentido;1;0;0;0;0;0;1
21/02/2022;12:47:00;169;Com vítima;787,000;BR-116/BA;Crescente;Atropelamento de pedestre;1;0;0;0;0;1;3
23/02/2022;13:59:00;178;Sem vítima;640,000;BR-116/BA;Decrescente;Saída de pista;1;0;0;0;0;0;1
23/02/2022;15:50:00;225;Sem vítima;436,000;BR-116/BA;Crescente;Saída de pista;1;0;0;0;0;0;1
25/02/2022;01:30:00;28;Com vítima;596,000;BR-324/BA;Crescente;Colisão traseira;1;0;0;1;0;0;2
25/02/2022;07:08:00;59;Sem vítima;616,000;BR-324/BA;Crescente;Acidentes de outra natureza;2;0;0;0;0;0;1
25/02/2022;09:47:00;119;Sem vítima;612,000;BR-324/BA;Crescente;Colisão lateral no mesmo sentido;1;0;0;0;0;0;1
25/02/2022;16:05:00;247;Com vítima;861,000;BR-116/BA;Decrescente;Colisão transversal;1;0;0;0;0;1;3
26/02/2022;05:27:00;42;Sem vítima;649,000;BR-116/BA;Decrescente;Capotamento;1;0;0;0;0;0;1
26/02/2022;19:56:00;244;Sem vítima;660,000;BR-116/BA;Decrescente;Colisão lateral no mesmo sentido;2;0;0;0;0;0;1
27/02/2022;00:05:00;2;Com vítima;632,000;BR-116/BA;Decrescente;Colisão traseira;1;0;0;1;0;0;2
27/02/2022;01:12:00;36;Com vítima;775,000;BR-116/BA;Decrescente;Colisão frontal;1;0;0;0;0;1;3
27/02/2022;17:20:00;182;Com vítima;830,000;BR-116/BA;Decrescente;Acidentes de outra natureza;3;0;0;1;0;0;2
28/02/2022;06:39:00;80;Sem vítima;554,000;BR-324/BA;Crescente;Saída de pista;1;0;0;0;0;0;1
28/02/2022;14:52:00;231;Sem vítima;865,000;BR-116/BA;Crescente;Colisão traseira;2;0;0;0;0;0;1
01/03/2022;13:36:00;188;Sem vítima;4,000;CONTORNO SUL  - FS/BA;Decrescente;Colisão traseira;2;0;0;0;0;0;1
01/03/2022;17:48:00;241;Sem vítima;625,000;BR-116/BA;Crescente;Capotamento;1;0;0;0;0;0;1
02/03/2022;03:02:00;37;Sem vítima;770,000;BR-116/BA;Decrescente;Saída de pista;1;0;0;0;0;0;1
02/03/2022;20:14:00;256;Sem vítima;605,000;BR-324/BA;Crescente;Capotamento;1;0;0;0;0;0;1
03/03/2022;07:31:00;70;Sem vítima;599,000;BR-324/BA;Crescente;Colisão traseira;1;0;0;0;0;0;1
03/03/2022;12:18:00;168;Sem vítima;579,000;BR-116/BA;Crescente;Capotamento;1;0;0;0;0;0;1
06/03/2022;07:35:00;65;Sem vítima;485,000;BR-116/BA;Decrescente;Colisão traseira;1;0;0;0;0;0;1
06/03/2022;09:43:00;101;Sem vítima;932,000;BR-116/BA;Decrescente;Colisão traseira;1;0;0;0;0;0;1
06/03/2022;16:04:00;183;Sem vítima;635,000;BR-116/BA;Crescente;Acidentes de outra natureza;2;0;0;0;0;0;1
06/03/2022;18:36:00;218;Com vítima;456,000;BR-116/BA;Crescente;Colisão traseira;2;0;1;0;0;0;1
06/03/2022;19:37:00;228;Sem vítima;3,000;526/BA;Crescente;Colisão traseira;1;0;0;0;0;0;1
08/03/2022;07:03:00;53;Sem vítima;815,000;BR-116/BA;Decrescente;Colisão traseira;1;0;0;0;0;0;1
08/03/2022;12:08:00;171;Sem vítima;848,000;BR-116/BA;Crescente;Capotamento;1;0;0;0;0;0;1
09/03/2022;00:00:00;320;Sem vítima;658,000;BR-116/BA;Decrescente;Atropelamento de animal;1;0;0;0;0;0;1
09/03/2022;13:03:00;190;Com vítima;622,000;BR-324/BA;Crescente;Colisão traseira;1;0;1;0;0;0;1
10/03/2022;09:50:00;120;Sem vítima;532,000;BR-324/BA;Decrescente;Colisão lateral no mesmo sentido;1;0;0;0;0;0;1
11/03/2022;02:25:00;36;Sem vítima;617,000;BR-324/BA;Crescente;Colisão lateral no mesmo sentido;1;0;0;0;0;0;1
11/03/2022;13:34:00;234;Sem vítima;646,000;BR-116/BA;Decrescente;Saída de pista;1;0;0;0;0;0;1
22/03/2022;08:43:00;123;Com vítima;909,000;BR-116/BA;Decrescente;Colisão frontal;2;0;0;1;0;0;2
24/03/2022;01:19:00;104;Sem vítima;518,000;BR-324/BA;Crescente;Colisão lateral no mesmo sentido;1;0;0;0;0;0;1
24/03/2022;12:35:00;184;Sem vítima;522,000;BR-324/BA;Decrescente;Colisão traseira;1;0;0;0;0;0;1
25/03/2022;07:45:00;97;Sem vítima;602,000;BR-116/BA;Decrescente;Saída de pista;1;0;0;0;0;0;1
25/03/2022;07:57:00;103;Sem vítima;0,000;CONTORNO SUL  - FS/BA;Crescente;Colisão lateral no mesmo sentido;1;0;0;0;0;0;1
28/03/2022;14:22:00;231;Sem vítima;616,000;BR-324/BA;Decrescente;Colisão traseira;1;0;0;0;0;0;1
31/03/2022;08:14:00;112;Sem vítima;698,000;BR-116/BA;Crescente;Colisão traseira;1;0;0;0;0;0;1
31/03/2022;11:29:00;181;Sem vítima;518,000;BR-324/BA;Decrescente;Colisão lateral no mesmo sentido;1;0;0;0;0;0;1
31/03/2022;12:45:00;194;Sem vítima;765,000;BR-116/BA;Crescente;Colisão traseira;2;0;0;0;0;0;1
02/04/2022;15:55:00;225;Sem vítima;595,000;BR-116/BA;Crescente;Colisão lateral no mesmo sentido;2;0;0;0;0;0;1
02/04/2022;16:38:00;236;Sem vítima;592,000;BR-116/BA;Crescente;Saída de pista;1;0;0;0;0;0;1
03/04/2022;02:22:00;38;Sem vítima;885,000;BR-116/BA;Crescente;Saída de pista;1;0;0;0;0;0;1
03/04/2022;10:22:00;119;Sem vítima;531,000;BR-324/BA;Decrescente;Colisão lateral no mesmo sentido;1;0;0;0;0;0;1
03/04/2022;15:15:00;184;Sem vítima;800,000;BR-116/BA;Decrescente;Acidentes de outra natureza;3;0;0;0;0;0;1
03/04/2022;22:11:00;278;Sem vítima;441,000;BR-116/BA;Decrescente;Saída de pista;1;0;0;0;0;0;1
04/04/2022;04:38:00;50;Sem vítima;712,000;BR-116/BA;Crescente;Saída de pista;1;0;0;0;0;0;1
04/04/2022;07:51:00;95;Sem vítima;594,000;BR-324/BA;Crescente;Acidentes de outra natureza;1;0;0;0;0;0;1
05/04/2022;09:51:00;131;Sem vítima;8,000;526/BA;Crescente;Acidentes de outra natureza;3;0;0;0;0;0;1
05/04/2022;10:20:00;147;Com vítima;621,000;BR-324/BA;Crescente;Colisão traseira;1;0;2;0;0;0;1
05/04/2022;10:41:00;155;Sem vítima;547,000;BR-324/BA;Decrescente;Acidentes de outra natureza;1;0;0;0;0;0;1
07/04/2022;12:48:00;217;Sem vítima;685,000;BR-116/BA;Crescente;Colisão traseira;2;0;0;0;0;0;1
07/04/2022;18:45:00;327;Sem vítima;526,000;BR-324/BA;Decrescente;Colisão lateral no mesmo sentido;1;0;0;0;0;0;1
08/04/2022;22:21:00;315;Com vítima;564,000;BR-324/BA;Decrescente;Saída de pista;1;0;0;1;0;0;2
09/04/2022;00:00:00;44;Sem vítima;448,000;BR-116/BA;Decrescente;Saída de pista;1;0;0;0;0;0;1
09/04/2022;14:30:00;209;Sem vítima;880,000;BR-116/BA;Decrescente;Colisão traseira;2;0;0;0;0;0;1
10/04/2022;22:32:00;283;Com vítima;14,000;CONTORNO - VC/BA;Crescente;Colisão transversal;1;0;3;1;0;0;2
10/04/2022;23:08:00;289;Sem vítima;624,000;BR-116/BA;Decrescente;Colisão traseira;2;0;0;0;0;0;1
11/04/2022;07:10:00;69;Sem vítima;613,000;BR-324/BA;Crescente;Acidentes de outra natureza;1;0;0;0;0;0;1
12/04/2022;07:19:00;63;Com vítima;619,000;BR-324/BA;Crescente;Acidentes de outra natureza;1;0;1;0;0;0;1
13/04/2022;10:01:00;174;Com vítima;433,000;BR-116/BA;Decrescente;Capotamento;1;0;1;0;0;0;1
13/04/2022;11:48:00;205;Sem vítima;518,000;BR-324/BA;Decrescente;Colisão traseira;2;0;0;0;0;0;1
16/04/2022;16:06:00;186;Sem vítima;805,000;BR-116/BA;Decrescente;Colisão traseira;2;0;0;0;0;0;1
18/04/2022;19:14:00;359;Com vítima;451,000;BR-116/BA;Crescente;Atropelamento de pedestre;1;0;1;0;0;0;1
22/04/2022;13:37:00;174;Sem vítima;571,000;BR-324/BA;Decrescente;Colisão traseira;1;0;0;0;0;0;1
22/04/2022;21:04:00;302;Sem vítima;595,000;BR-324/BA;Crescente;Colisão traseira;1;0;0;0;0;0;1
25/04/2022;11:13:00;177;Sem vítima;607,000;BR-324/BA;Decrescente;Colisão traseira;1;0;0;0;0;0;1
25/04/2022;15:19:00;242;Sem vítima;553,000;BR-324/BA;Crescente;Capotamento;1;0;0;0;0;0;1
26/04/2022;01:05:00;81;Com vítima;574,000;BR-324/BA;Decrescente;Colisão traseira;1;0;1;0;0;0;1
26/04/2022;20:27:00;258;Sem vítima;576,000;BR-324/BA;Crescente;Atropelamento de animal;1;0;0;0;0;0;1
27/04/2022;07:09:00;57;Sem vítima;608,000;BR-324/BA;Decrescente;Colisão traseira;1;0;0;0;0;0;1
27/04/2022;14:49:00;205;Sem vítima;537,000;BR-324/BA;Decrescente;Queda de moto;3;0;0;0;0;0;1
28/04/2022;05:27:00;51;Com vítima;613,000;BR-324/BA;Decrescente;Atropelamento de pedestre;1;0;0;0;0;1;3
28/04/2022;14:39:00;243;Sem vítima;441,000;BR-116/BA;Crescente;Saída de pista;1;0;0;0;0;0;1
28/04/2022;20:27:00;309;Sem vítima;572,000;BR-324/BA;Crescente;Saída de pista;1;0;0;0;0;0;1
29/04/2022;00:00:00;89;Sem vítima;14,000;CONTORNO - VC/BA;Crescente;Saída de pista;1;0;0;0;0;0;1
29/04/2022;05:45:00;40;Com vítima;619,000;BR-324/BA;Crescente;Colisão traseira;1;0;3;0;0;0;1
30/04/2022;05:44:00;44;Com vítima;546,000;BR-324/BA;Decrescente;Colisão traseira;1;0;1;0;0;0;1
02/05/2022;18:06:00;263;Com vítima;775,000;BR-116/BA;Crescente;Colisão transversal;1;0;0;1;0;0;2
03/05/2022;12:41:00;173;Com vítima;767,000;BR-116/BA;Decrescente;Saída de pista;1;0;0;1;0;0;2
03/05/2022;14:33:00;202;Sem vítima;670,000;BR-116/BA;Decrescente;Colisão lateral no mesmo sentido;1;0;0;0;0;0;1
03/05/2022;23:59:00;313;Sem vítima;581,000;BR-324/BA;Crescente;Colisão lateral no mesmo sentido;2;0;0;0;0;0;1
04/05/2022;01:10:00;10;Sem vítima;598,000;BR-116/BA;Crescente;Colisão lateral no mesmo sentido;2;0;0;0;0;0;1
04/05/2022;11:18:00;143;Sem vítima;610,000;BR-324/BA;Crescente;Colisão lateral no mesmo sentido;1;0;0;0;0;0;1
05/05/2022;14:16:00;238;Com vítima;15,000;CONTORNO - VC/BA;Decrescente;Acidentes de outra natureza;2;0;2;0;0;0;1
06/05/2022;00:00:00;64;Sem vítima;848,000;BR-116/BA;Crescente;Colisão lateral no mesmo sentido;2;0;0;0;0;0;1
06/05/2022;12:19:00;168;Sem vítima;591,000;BR-116/BA;Crescente;Saída de pista;1;0;0;0;0;0;1
06/05/2022;16:33:00;251;Sem vítima;562,000;BR-324/BA;Decrescente;Colisão traseira;2;0;0;0;0;0;1
06/05/2022;19:07:00;317;Sem vítima;615,000;BR-324/BA;Crescente;Acidentes de outra natureza;1;0;0;0;0;0;1
06/05/2022;19:18:00;319;Sem vítima;520,000;BR-324/BA;Decrescente;Acidentes de outra natureza;1;0;0;0;0;0;1
06/05/2022;21:35:00;363;Sem vítima;460,000;BR-116/BA;Crescente;Colisão traseira;2;0;0;0;0;0;1
07/05/2022;05:32:00;76;Com vítima;533,000;BR-324/BA;Decrescente;Colisão traseira;1;0;1;1;0;0;2
08/05/2022;18:58:00;302;Sem vítima;687,000;BR-116/BA;Decrescente;Colisão traseira;2;0;0;0;0;0;1
09/05/2022;06:33:00;70;Com vítima;436,000;BR-116/BA;Decrescente;Colisão traseira;1;0;1;0;0;0;1
10/05/2022;18:05:00;639;Com vítima;459,000;BR-116/BA;Crescente;Atropelamento de pedestre;1;0;0;2;2;0;2
10/05/2022;22:42:00;775;Sem vítima;856,000;BR-116/BA;Decrescente;Saída de pista;1;0;0;0;0;0;1
11/05/2022;18:00:00;476;Sem vítima;518,000;BR-324/BA;Decrescente;Colisão traseira;2;0;0;0;0;0;1
13/05/2022;11:21:00;299;Sem vítima;572,000;BR-324/BA;Decrescente;Capotamento;1;0;0;0;0;0;1
13/05/2022;11:46:00;303;Sem vítima;572,000;BR-324/BA;Decrescente;Colisão lateral no mesmo sentido;1;0;0;0;0;0;1
15/05/2022;06:22:00;141;Com vítima;636,000;BR-116/BA;Crescente;Colisão transversal;1;0;0;1;0;0;2
15/05/2022;07:44:00;162;Sem vítima;601,000;BR-116/BA;Decrescente;Saída de pista;1;0;0;0;0;0;1
15/05/2022;15:21:00;345;Com vítima;909,000;BR-116/BA;Crescente;Colisão traseira;2;0;2;0;0;0;1
16/05/2022;08:58:00;206;Sem vítima;613,000;BR-324/BA;Crescente;Colisão lateral no mesmo sentido;1;0;0;0;0;0;1
17/05/2022;17:42:00;425;Sem vítima;613,000;BR-324/BA;Crescente;Colisão traseira;1;0;0;0;0;0;1
18/05/2022;15:47:00;361;Com vítima;599,000;BR-324/BA;Decrescente;Colisão traseira;1;0;0;1;0;0;2
20/05/2022;03:01:00;66;Com vítima;598,000;BR-116/BA;Crescente;Colisão traseira;1;0;0;0;0;1;3
20/05/2022;03:40:00;99;Sem vítima;861,000;BR-116/BA;Decrescente;Saída de pista;1;0;0;0;0;0;1
20/05/2022;06:09:00;139;Sem vítima;551,000;BR-324/BA;Crescente;Colisão traseira;1;0;0;0;0;0;1
20/05/2022;11:46:00;294;Sem vítima;588,000;BR-324/BA;Decrescente;Colisão traseira;2;0;0;0;0;0;1
21/05/2022;08:16:00;190;Sem vítima;523,000;BR-324/BA;Decrescente;Colisão lateral no mesmo sentido;1;0;0;0;0;0;1
22/05/2022;11:13:00;226;Sem vítima;687,000;BR-116/BA;Decrescente;Colisão traseira;2;0;0;0;0;0;1
22/05/2022;19:39:00;394;Sem vítima;836,000;BR-116/BA;Decrescente;Colisão lateral no mesmo sentido;1;0;0;0;0;0;1
23/05/2022;10:40:00;274;Com vítima;556,000;BR-116/BA;Crescente;Colisão lateral no mesmo sentido;2;0;0;1;0;0;2