data;horario;n_da_ocorrencia;tipo_de_ocorrencia;km;trecho;sentido;tipo_de_acidente;caminhao;ilesos;levemente_feridos;moderadamente_feridos;gravemente_feridos;mortos;3
24/05/2022;16:14:00;388;Sem vítima;600,000;BR-324/BA;Decrescente;Colisão lateral no mesmo sentido;1;0;0;0;0;0;1
25/05/2022;08:40:00;169;Sem vítima;0,000;CONTORNO SUL  - FS/BA;Crescente;Colisão lateral no mesmo sentido;1;0;0;0;0;0;1
25/05/2022;09:14:00;190;Sem vítima;519,000;BR-324/BA;Decrescente;Colisão lateral no mesmo sentido;1;0;0;0;0;0;1
26/05/2022;16:55:00;323;Com vítima;617,000;BR-116/BA;Crescente;Colisão traseira;2;0;1;0;0;0;1
26/05/2022;21:29:00;413;Sem vítima;667,000;BR-116/BA;Decrescente;Colisão lateral no mesmo sentido;1;0;0;0;0;0;1
27/05/2022;07:08:00;150;Sem vítima;571,000;BR-116/BA;Decrescente;Colisão lateral no mesmo sentido;2;0;0;0;0;0;1
27/05/2022;11:23:00;277;Sem vítima;570,000;BR-324/BA;Decrescente;Saída de pista;1;0;0;0;0;0;1
27/05/2022;11:48:00;302;Sem vítima;574,000;BR-324/BA;Crescente;Saída de pista;1;0;0;0;0;0;1
27/05/2022;16:19:00;404;Sem vítima;876,000;BR-116/BA;Crescente;Colisão transversal;2;0;0;0;0;0;1
28/05/2022;17:00:00;320;Sem vítima;18,000;CONTORNO - VC/BA;Crescente;Colisão transversal;1;0;0;0;0;0;1
28/05/2022;19:03:00;366;Sem vítima;694,000;BR-116/BA;Decrescente;Saída de pista;1;0;0;0;0;0;1
29/05/2022;08:22:00;150;Sem vítima;665,000;BR-116/BA;Crescente;Colisão traseira;1;0;0;0;0;0;1
30/05/2022;18:03:00;421;Sem vítima;633,000;BR-116/BA;Crescente;Colisão transversal;1;0;0;0;0;0;1
31/05/2022;07:43:00;167;Sem vítima;618,000;BR-324/BA;Crescente;Colisão lateral no mesmo sentido;1;0;0;0;0;0;1
31/05/2022;07:46:00;169;Sem vítima;547,000;BR-324/BA;Decrescente;Colisão lateral no mesmo sentido;1;0;0;0;0;0;1
31/05/2022;19:13:00;473;Sem vítima;620,000;BR-116/BA;Decrescente;Saída de pista;2;0;0;0;0;0;1
31/05/2022;20:07:00;483;Com vítima;650,000;BR-116/BA;Crescente;Colisão traseira;1;0;3;0;0;0;1
01/06/2022;16:06:00;320;Sem vítima;790,000;BR-116/BA;Crescente;Engavetamento;1;0;0;0;0;0;1
01/06/2022;16:55:00;335;Sem vítima;523,000;BR-324/BA;Decrescente;Colisão lateral no mesmo sentido;1;0;0;0;0;0;1
02/06/2022;06:08:00;96;Sem vítima;716,000;BR-116/BA;Crescente;Saída de pista;1;0;0;0;0;0;1
02/06/2022;11:18:00;251;Com vítima;491,000;BR-116/BA;Crescente;Colisão traseira;2;0;0;3;0;0;2
02/06/2022;11:56:00;234;Com vítima;491,000;BR-116/BA;Crescente;Capotamento;1;0;0;1;0;0;2
03/06/2022;05:15:00;75;Sem vítima;444,000;BR-116/BA;Decrescente;Colisão traseira;1;0;0;0;0;0;1
03/06/2022;06:11:00;106;Com vítima;523,000;BR-324/BA;Decrescente;Colisão traseira;2;0;1;0;0;0;1
04/06/2022;07:02:00;150;Sem vítima;733,000;BR-116/BA;Decrescente;Colisão traseira;2;0;0;0;0;0;1
04/06/2022;07:31:00;154;Sem vítima;894,000;BR-116/BA;Crescente;Saída de pista;1;0;0;0;0;0;1
04/06/2022;12:23:00;283;Com vítima;559,000;BR-116/BA;Crescente;Saída de pista;1;0;1;0;0;0;1
04/06/2022;20:40:00;457;Sem vítima;684,000;BR-116/BA;Crescente;Saída de pista;1;0;0;0;0;0;1
05/06/2022;08:10:00;141;Sem vítima;529,000;BR-324/BA;Decrescente;Colisão lateral no mesmo sentido;1;0;0;0;0;0;1
06/06/2022;12:20:00;258;Sem vítima;922,000;BR-116/BA;Decrescente;Saída de pista;1;0;0;0;0;0;1
06/06/2022;13:57:00;302;Sem vítima;741,000;BR-116/BA;Decrescente;Capotamento;1;0;0;0;0;0;1
06/06/2022;23:47:00;535;Com vítima;569,000;BR-116/BA;Decrescente;Saída de pista;1;0;1;0;0;0;1
07/06/2022;00:20:00;15;Sem vítima;728,000;BR-116/BA;Decrescente;Colisão lateral no mesmo sentido;1;0;0;0;0;0;1
07/06/2022;06:45:00;124;Sem vítima;570,000;BR-116/BA;Crescente;Colisão traseira;1;0;0;0;0;0;1
07/06/2022;09:46:00;109;Sem vítima;537,000;BR-324/BA;Crescente;Colisão traseira;1;0;0;0;0;0;1
07/06/2022;12:54:00;272;Sem vítima;428,000;BR-116/BA;Decrescente;Capotamento;1;0;0;0;0;0;1
07/06/2022;14:25:00;316;Com vítima;480,000;BR-116/BA;Crescente;Capotamento;1;0;1;0;0;0;1
07/06/2022;19:45:00;481;Sem vítima;0,000;CONTORNO SUL  - FS/BA;Crescente;Colisão traseira;1;0;0;0;0;0;1
09/06/2022;11:29:00;270;Sem vítima;574,000;BR-324/BA;Decrescente;Colisão lateral no mesmo sentido;1;0;0;0;0;0;1
10/06/2022;06:33:00;122;Sem vítima;522,000;BR-324/BA;Crescente;Saída de pista;1;0;0;0;0;0;1
10/06/2022;11:15:00;261;Sem vítima;875,000;BR-116/BA;Crescente;Colisão traseira;2;0;0;0;0;0;1
10/06/2022;18:09:00;450;Sem vítima;560,000;BR-324/BA;Decrescente;Colisão traseira;1;0;0;0;0;0;1
11/06/2022;12:08:00;225;Sem vítima;526,000;BR-324/BA;Decrescente;Colisão traseira;1;0;0;0;0;0;1
12/06/2022;09:21:00;205;Sem vítima;892,000;BR-116/BA;Decrescente;Colisão lateral no mesmo sentido;1;0;0;0;0;0;1
13/06/2022;16:43:00;414;Sem vítima;618,000;BR-324/BA;Decrescente;Colisão traseira;1;0;0;0;0;0;1
13/06/2022;20:50:00;509;Sem vítima;582,000;BR-324/BA;Crescente;Colisão traseira;1;0;0;0;0;0;1
16/06/2022;21:20:00;413;Sem vítima;466,000;BR-116/BA;Crescente;Colisão traseira;1;0;0;0;0;0;1
17/06/2022;05:43:00;119;Sem vítima;565,000;BR-324/BA;Crescente;Saída de pista;1;0;0;0;0;0;1
17/06/2022;12:48:00;260;Sem vítima;754,000;BR-116/BA;Crescente;Acidentes de outra natureza;3;0;0;0;0;0;1
17/06/2022;15:08:00;373;Sem vítima;459,000;BR-116/BA;Decrescente;Colisão lateral no mesmo sentido;2;0;0;0;0;0;1
18/06/2022;05:53:00;110;Sem vítima;792,000;BR-116/BA;Crescente;Saída de pista;1;0;0;0;0;0;1
18/06/2022;10:28:00;221;Sem vítima;599,000;BR-324/BA;Decrescente;Colisão lateral no mesmo sentido;1;0;0;0;0;0;1
18/06/2022;12:14:00;257;Sem vítima;588,000;BR-116/BA;Decrescente;Capotamento;1;0;0;0;0;0;1
19/06/2022;13:46:00;261;Com vítima;596,000;BR-116/BA;Crescente;Saída de pista;1;0;0;1;0;0;2
22/06/2022;07:23:00;167;Sem vítima;599,000;BR-324/BA;Crescente;Colisão lateral no mesmo sentido;1;0;0;0;0;0;1
22/06/2022;10:57:00;286;Com vítima;530,000;BR-324/BA;Crescente;Colisão transversal;2;0;0;2;0;0;2
22/06/2022;16:38:00;468;Sem vítima;703,000;BR-116/BA;Crescente;Colisão lateral no mesmo sentido;1;0;0;0;0;0;1
22/06/2022;22:06:00;621;Sem vítima;567,000;BR-116/BA;Decrescente;Colisão traseira;2;0;0;0;0;0;1
23/06/2022;03:46:00;106;Sem vítima;652,000;BR-116/BA;Decrescente;Saída de pista;1;0;0;0;0;0;1
23/06/2022;04:50:00;117;Sem vítima;542,000;BR-116/BA;Crescente;Saída de pista;1;0;0;0;0;0;1
23/06/2022;11:13:00;277;Sem vítima;651,000;BR-116/BA;Crescente;Colisão lateral no mesmo sentido;1;0;0;0;0;0;1
24/06/2022;07:38:00;146;Sem vítima;767,000;BR-116/BA;Decrescente;Colisão traseira;1;0;0;0;0;0;1
26/06/2022;19:13:00;417;Sem vítima;16,000;CONTORNO - VC/BA;Crescente;Colisão lateral no mesmo sentido;1;0;0;0;0;0;1
26/06/2022;19:30:00;423;Com vítima;427,000;BR-116/BA;Decrescente;Capotamento;1;0;1;0;0;0;1
26/06/2022;20:54:00;447;Sem vítima;526,000;BR-324/BA;Crescente;Colisão transversal;1;0;0;0;0;0;1
27/06/2022;00:00:00;311;Sem vítima;553,000;BR-324/BA;Crescente;Colisão traseira;2;0;0;0;0;0;1
27/06/2022;14:05:00;330;Sem vítima;550,000;BR-324/BA;Crescente;Colisão traseira;1;0;0;0;0;0;1
28/06/2022;00:00:00;298;Sem vítima;518,000;BR-116/BA;Decrescente;Colisão transversal;1;0;0;0;0;0;1
28/06/2022;02:53:00;70;Sem vítima;442,000;BR-116/BA;Decrescente;Saída de pista;1;1;0;0;0;0;1
28/06/2022;03:03:00;96;Com vítima;889,000;BR-116/BA;Crescente;Saída de pista;1;0;0;0;0;1;3
28/06/2022;15:35:00;416;Sem vítima;777,000;BR-116/BA;Decrescente;Colisão traseira;1;1;0;0;0;0;1
29/06/2022;04:54:00;86;Com vítima;706,000;BR-116/BA;Crescente;Saída de pista;1;0;1;0;0;0;1
30/06/2022;00:33:00;48;Sem vítima;574,000;BR-324/BA;Decrescente;Saída de pista;1;0;0;0;0;0;1
30/06/2022;15:57:00;312;Sem vítima;578,000;BR-116/BA;Decrescente;Capotamento;1;0;0;0;0;0;1
02/07/2022;07:05:00;91;Com vítima;842,000;BR-116/BA;Crescente;Colisão lateral no mesmo sentido;1;0;2;0;0;0;1
02/07/2022;07:33:00;98;Sem vítima;782,000;BR-116/BA;Crescente;Colisão lateral no mesmo sentido;1;0;0;0;0;0;1
02/07/2022;10:37:00;184;Sem vítima;770,000;BR-116/BA;Crescente;Colisão traseira;1;0;0;0;0;0;1
02/07/2022;20:04:00;381;Sem vítima;736,000;BR-116/BA;Crescente;Colisão traseira;1;0;0;0;0;0;1
03/07/2022;06:00:00;34;Sem vítima;664,000;BR-116/BA;Decrescente;Saída de pista;1;0;0;0;0;0;1
03/07/2022;07:58:00;91;Sem vítima;593,000;BR-116/BA;Crescente;Saída de pista;1;0;0;0;0;0;1
03/07/2022;12:13:00;160;Sem vítima;459,000;BR-116/BA;Crescente;Colisão traseira;1;0;0;0;0;0;1
03/07/2022;17:15:00;303;Com vítima;779,000;BR-116/BA;Decrescente;Colisão traseira;1;0;0;0;0;1;3
03/07/2022;22:32:00;409;Sem vítima;581,000;BR-324/BA;Crescente;Colisão traseira;2;0;0;0;0;0;1
04/07/2022;16:45:00;368;Sem vítima;599,000;BR-324/BA;Crescente;Colisão traseira;1;0;0;0;0;0;1
04/07/2022;18:53:00;432;Sem vítima;520,000;BR-324/BA;Crescente;Acidentes de outra natureza;1;0;0;0;0;0;1
05/07/2022;18:01:00;413;Sem vítima;583,000;BR-324/BA;Decrescente;Acidentes de outra natureza;1;0;0;0;0;0;1
06/07/2022;07:54:00;160;Com vítima;643,000;BR-116/BA;Crescente;Colisão transversal;1;0;0;1;0;0;2
06/07/2022;09:57:00;216;Sem vítima;583,000;BR-324/BA;Crescente;Saída de pista;1;0;0;0;0;0;1
06/07/2022;10:47:00;232;Sem vítima;626,000;BR-324/BA;Decrescente;Colisão lateral no mesmo sentido;1;0;0;0;0;0;1
06/07/2022;12:08:00;256;Com vítima;535,000;BR-324/BA;Decrescente;Acidentes de outra natureza;1;0;0;1;0;0;2
07/07/2022;04:46:00;69;Sem vítima;587,000;BR-324/BA;Crescente;Saída de pista;1;0;0;0;0;0;1
07/07/2022;06:28:00;114;Sem vítima;595,000;BR-116/BA;Crescente;Saída de pista;1;0;0;0;0;0;1
07/07/2022;06:28:00;151;Sem vítima;595,000;BR-116/BA;Decrescente;Colisão lateral no mesmo sentido;1;0;0;0;0;0;1
07/07/2022;14:50:00;355;Sem vítima;522,000;BR-324/BA;Decrescente;Acidentes de outra natureza;2;0;0;0;0;0;1
08/07/2022;11:34:00;282;Sem vítima;551,000;BR-324/BA;Crescente;Colisão traseira;2;0;0;0;0;0;1
08/07/2022;17:43:00;420;Sem vítima;583,000;BR-324/BA;Decrescente;Colisão lateral no mesmo sentido;1;0;0;0;0;0;1
08/07/2022;19:33:00;449;Com vítima;494,000;BR-116/BA;Crescente;Saída de pista;1;0;0;1;0;0;2
09/07/2022;00:00:00;144;Com vítima;636,000;BR-116/BA;Crescente;Colisão lateral no mesmo sentido;1;0;2;0;0;0;1
09/07/2022;06:44:00;149;Com vítima;691,000;BR-116/BA;Crescente;Queda de moto;1;0;5;1;0;0;2
09/07/2022;10:06:00;253;Sem vítima;672,000;BR-116/BA;Crescente;Colisão traseira;1;0;0;0;0;0;1
10/07/2022;04:47:00;68;Sem vítima;898,000;BR-116/BA;Decrescente;Colisão traseira;2;0;0;0;0;0;1
10/07/2022;06:56:00;104;Com vítima;764,000;BR-116/BA;Crescente;Colisão lateral no mesmo sentido;1;0;2;0;0;0;1
11/07/2022;12:13:00;271;Sem vítima;610,000;BR-324/BA;Crescente;Colisão traseira;1;0;0;0;0;0;1
11/07/2022;18:13:00;426;Sem vítima;441,000;BR-116/BA;Decrescente;Choque;1;0;0;0;0;0;1
11/07/2022;18:45:00;429;Sem vítima;526,000;BR-324/BA;Decrescente;Colisão lateral no mesmo sentido;1;0;0;0;0;0;1
12/07/2022;09:27:00;196;Sem vítima;704,000;BR-116/BA;Crescente;Colisão lateral no mesmo sentido;1;0;0;0;0;0;1
13/07/2022;11:04:00;242;Sem vítima;567,000;BR-116/BA;Decrescente;Acidentes de outra natureza;3;0;0;0;0;0;1
15/07/2022;05:28:00;102;Com vítima;817,000;BR-116/BA;Crescente;Colisão frontal;2;0;2;0;0;0;1
15/07/2022;09:36:00;208;Com vítima;657,000;BR-116/BA;Decrescente;Colisão lateral no mesmo sentido;2;0;1;0;0;0;1
15/07/2022;11:36:00;280;Sem vítima;864,000;BR-116/BA;Crescente;Colisão traseira;2;0;0;0;0;0;1
16/07/2022;16:24:00;362;Sem vítima;438,000;BR-116/BA;Crescente;Capotamento;1;0;0;0;0;0;1
18/07/2022;06:22:00;129;Sem vítima;437,000;BR-116/BA;Crescente;Atropelamento de animal;1;0;0;0;0;0;1
19/07/2022;07:54:00;177;Com vítima;574,000;BR-324/BA;Crescente;Capotamento;1;0;0;1;0;0;2
20/07/2022;01:02:00;64;Sem vítima;558,000;BR-324/BA;Crescente;Saída de pista;1;0;0;0;0;0;1
20/07/2022;06:47:00;153;Sem vítima;16,000;CONTORNO - VC/BA;Decrescente;Colisão lateral no mesmo sentido;1;1;0;0;0;0;1
20/07/2022;07:59:00;182;Sem vítima;550,000;BR-324/BA;Crescente;Saída de pista;1;1;0;0;0;0;1
20/07/2022;08:43:00;214;Sem vítima;518,000;BR-324/BA;Decrescente;Colisão traseira;1;1;0;0;0;0;1
22/07/2022;15:22:00;326;Com vítima;674,000;BR-116/BA;Decrescente;Colisão transversal;1;0;2;1;0;0;2
22/07/2022;16:00:00;345;Com vítima;648,000;BR-116/BA;Crescente;Colisão lateral no mesmo sentido;1;0;0;0;1;0;2
25/07/2022;10:38:00;266;Sem vítima;471,000;BR-116/BA;Decrescente;Saída de pista;1;0;0;0;0;0;1
27/07/2022;18:04:00;397;Sem vítima;528,000;BR-324/BA;Crescente;Colisão lateral no mesmo sentido;1;0;0;0;0;0;1
28/07/2022;05:43:00;100;Sem vítima;550,000;BR-116/BA;Crescente;Colisão lateral no mesmo sentido;2;0;0;0;0;0;1
28/07/2022;12:05:00;225;Com vítima;518,000;BR-324/BA;Decrescente;Acidentes de outra natureza;1;0;0;1;0;0;2
29/07/2022;10:29:00;250;Sem vítima;527,000;BR-324/BA;Crescente;Colisão transversal;1;0;0;0;0;0;1
01/08/2022;06:54:00;88;Sem vítima;615,000;BR-324/BA;Crescente;Colisão traseira;1;0;0;0;0;0;1
02/08/2022;00:00:00;292;Sem vítima;605,000;BR-324/BA;Crescente;Colisão traseira;1;0;0;0;0;0;1
03/08/2022;16:31:00;388;Sem vítima;518,000;BR-324/BA;Decrescente;Colisão traseira;2;0;0;0;0;0;1
04/08/2022;00:00:00;217;Sem vítima;640,000;BR-116/BA;Decrescente;Colisão traseira;2;0;0;0;0;0;1
04/08/2022;19:24:00;367;Com vítima;430,000;BR-116/BA;Decrescente;Acidentes de outra natureza;2;0;0;0;1;0;2
05/08/2022;00:00:00;406;Sem vítima;642,000;BR-116/BA;Decrescente;Colisão lateral no mesmo sentido;2;0;0;0;0;0;1
05/08/2022;08:36:00;126;Com vítima;786,000;BR-116/BA;Crescente;Colisão traseira;1;0;1;0;0;0;1
06/08/2022;09:01:00;183;Sem vítima;815,000;BR-116/BA;Decrescente;Colisão traseira;1;0;0;0;0;0;1
06/08/2022;19:20:00;402;Com vítima;850,000;BR-116/BA;Crescente;Colisão lateral no mesmo sentido;1;0;2;0;0;0;1
06/08/2022;20:29:00;410;Sem vítima;457,000;BR-116/BA;Decrescente;Atropelamento de animal;1;0;0;0;0;0;1
07/08/2022;11:39:00;153;Sem vítima;908,000;BR-116/BA;Crescente;Colisão traseira;2;0;0;0;0;0;1
07/08/2022;20:29:00;310;Com vítima;602,000;BR-116/BA;Decrescente;Saída de pista;1;0;1;0;0;0;1
08/08/2022;04:32:00;71;Com vítima;557,000;BR-324/BA;Crescente;Colisão traseira;2;0;0;0;1;0;2
08/08/2022;08:24:00;150;Sem vítima;535,000;BR-116/BA;Decrescente;Saída de pista;1;0;0;0;0;0;1
09/08/2022;01:19:00;62;Com vítima;531,000;BR-324/BA;Decrescente;Colisão traseira;2;0;0;0;1;1;3
09/08/2022;05:18:00;98;Sem vítima;757,000;BR-116/BA;Crescente;Colisão traseira;2;0;0;0;0;0;1
10/08/2022;05:58:00;101;Sem vítima;585,000;BR-116/BA;Crescente;Saída de pista;1;0;0;0;0;0;1
10/08/2022;06:28:00;107;Sem vítima;551,000;BR-324/BA;Crescente;Colisão lateral no mesmo sentido;1;0;0;0;0;0;1
11/08/2022;00:00:00;103;Com vítima;643,000;BR-116/BA;Crescente;Saída de pista;1;0;0;1;0;0;2
11/08/2022;03:27:00;99;Com vítima;697,000;BR-116/BA;Decrescente;Saída de pista;1;0;0;1;0;0;2
12/08/2022;07:16:00;96;Sem vítima;613,000;BR-324/BA;Crescente;Colisão traseira;1;0;0;0;0;0;1
12/08/2022;21:45:00;540;Sem vítima;728,000;BR-116/BA;Decrescente;Saída de pista;1;0;0;0;0;0;1
13/08/2022;11:13:00;211;Com vítima;641,000;BR-116/BA;Decrescente;Colisão lateral no mesmo sentido;3;0;1;0;0;0;1
13/08/2022;14:07:00;283;Sem vítima;587,000;BR-116/BA;Crescente;Colisão lateral no mesmo sentido;1;0;0;0;0;0;1
15/08/2022;07:37:00;163;Com vítima;509,000;BR-116/BA;Decrescente;Saída de pista;1;0;1;0;0;0;1
15/08/2022;10:21:00;271;Sem vítima;608,000;BR-324/BA;Decrescente;Colisão lateral no mesmo sentido;1;0;0;0;0;0;1
15/08/2022;22:09:00;499;Sem vítima;566,000;BR-324/BA;Decrescente;Colisão lateral no mesmo sentido;1;0;0;0;0;0;1
15/08/2022;23:42:00;518;Sem vítima;896,000;BR-116/BA;Decrescente;Saída de pista;1;0;0;0;0;0;1
15/08/2022;23:44:00;519;Sem vítima;590,000;BR-116/BA;Crescente;Colisão lateral no mesmo sentido;2;0;0;0;0;0;1
16/08/2022;15:05:00;346;Sem vítima;6,000;CONTORNO - VC/BA;Crescente;Colisão transversal;1;0;0;0;0;0;1
17/08/2022;14:23:00;295;Sem vítima;518,000;BR-324/BA;Decrescente;Colisão traseira;1;0;0;0;0;0;1
17/08/2022;15:33:00;346;Sem vítima;873,000;BR-116/BA;Crescente;Colisão traseira;2;0;0;0;0;0;1
18/08/2022;09:50:00;207;Com vítima;596,000;BR-116/BA;Crescente;Saída de pista;1;0;0;0;1;0;2
18/08/2022;18:00:00;382;Sem vítima;838,000;BR-116/BA;Crescente;Colisão transversal;2;0;0;0;0;0;1
19/08/2022;10:05:00;211;Sem vítima;627,000;BR-116/BA;Decrescente;Colisão traseira;1;0;0;0;0;0;1
19/08/2022;11:13:00;228;Sem vítima;588,000;BR-324/BA;Decrescente;Saída de pista;1;0;0;0;0;0;1
20/08/2022;00:17:00;24;Com vítima;785,000;BR-116/BA;Crescente;Colisão traseira;2;0;1;0;0;0;1
20/08/2022;07:36:00;128;Sem vítima;3,000;528/BA;Decrescente;Colisão lateral no mesmo sentido;2;0;0;0;0;0;1
20/08/2022;10:36:00;166;Sem vítima;28,000;CONTORNO - VC/BA;Decrescente;Colisão traseira;1;0;0;0;0;0;1
20/08/2022;10:39:00;168;Sem vítima;524,000;BR-324/BA;Decrescente;Colisão lateral no mesmo sentido;1;0;0;0;0;0;1
20/08/2022;22:03:00;345;Sem vítima;427,000;BR-116/BA;Decrescente;Capotamento;1;0;0;0;0;0;1
21/08/2022;03:08:00;69;Com vítima;576,000;BR-116/BA;Crescente;Saída de pista;1;0;1;0;0;0;1
21/08/2022;09:40:00;170;Sem vítima;590,000;BR-324/BA;Crescente;Saída de pista;1;0;0;0;0;0;1
22/08/2022;10:00:00;213;Sem vítima;568,000;BR-324/BA;Crescente;Saída de pista;1;0;0;0;0;0;1
22/08/2022;14:42:00;296;Sem vítima;607,000;BR-324/BA;Decrescente;Colisão lateral no mesmo sentido;1;0;0;0;0;0;1
22/08/2022;16:08:00;334;Sem vítima;555,000;BR-324/BA;Decrescente;Colisão lateral no mesmo sentido;1;0;0;0;0;0;1
23/08/2022;00:00:00;235;Sem vítima;571,000;BR-324/BA;Crescente;Saída de pista;1;0;0;0;0;0;1
23/08/2022;07:31:00;135;Sem vítima;613,000;BR-324/BA;Decrescente;Colisão lateral no mesmo sentido;2;0;0;0;0;0;1
23/08/2022;14:16:00;330;Sem vítima;910,000;BR-116/BA;Crescente;Colisão lateral no mesmo sentido;2;0;0;0;0;0;1
23/08/2022;15:06:00;342;Sem vítima;536,000;BR-116/BA;Decrescente;Capotamento;1;0;0;0;0;0;1
24/08/2022;04:12:00;52;Com vítima;576,000;BR-324/BA;Crescente;Colisão traseira;2;0;0;1;0;0;2
24/08/2022;13:59:00;260;Com vítima;568,000;BR-324/BA;Crescente;Colisão traseira;1;0;0;1;0;0;2
24/08/2022;18:22:00;343;Com vítima;596,000;BR-324/BA;Decrescente;Queda de moto;1;0;0;0;0;1;3
25/08/2022;06:29:00;75;Sem vítima;571,000;BR-116/BA;Crescente;Capotamento;1;0;0;0;0;0;1
25/08/2022;10:01:00;178;Com vítima;7,000;CONTORNO SUL  - FS/BA;Crescente;Capotamento;1;0;2;0;0;0;1
25/08/2022;10:57:00;218;Sem vítima;657,000;BR-116/BA;Crescente;Colisão traseira;1;0;0;0;0;0;1
26/08/2022;00:59:00;29;Sem vítima;837,000;BR-116/BA;Decrescente;Colisão traseira;2;0;0;0;0;0;1
26/08/2022;07:25:00;148;Sem vítima;613,000;BR-116/BA;Crescente;Colisão lateral no mesmo sentido;2;0;0;0;0;0;1
26/08/2022;14:41:00;349;Sem vítima;758,000;BR-116/BA;Crescente;Colisão transversal;2;0;0;0;0;0;1
27/08/2022;18:31:00;395;Sem vítima;577,000;BR-324/BA;Decrescente;Colisão lateral no mesmo sentido;1;0;0;0;0;0;1
28/08/2022;03:40:00;68;Com vítima;861,000;BR-116/BA;Crescente;Colisão lateral no mesmo sentido;1;0;2;2;0;0;2
28/08/2022;12:23:00;224;Sem vítima;661,000;BR-116/BA;Decrescente;Colisão traseira;2;0;0;0;0;0;1
29/08/2022;06:53:00;120;Sem vítima;668,000;BR-116/BA;Decrescente;Capotamento;1;0;0;0;0;0;1
29/08/2022;07:00:00;123;Com vítima;757,000;BR-116/BA;Decrescente;Atropelamento de pedestre;1;0;0;1;0;0;2
29/08/2022;09:10:00;228;Com vítima;832,000;BR-116/BA;Decrescente;Atropelamento de ciclista;1;0;0;0;1;0;2
30/08/2022;10:33:00;225;Sem vítima;565,000;BR-324/BA;Decrescente;Saída de pista;1;0;0;0;0;0;1
30/08/2022;10:38:00;228;Sem vítima;599,000;BR-324/BA;Decrescente;Colisão transversal;1;0;0;0;0;0;1
31/08/2022;21:41:00;417;Com vítima;561,000;BR-324/BA;Crescente;Acidentes de outra natureza;3;0;0;1;0;0;2
01/09/2022;10:44:00;186;Sem vítima;525,000;BR-116/BA;Crescente;Colisão traseira;2;0;0;0;0;0;1
01/09/2022;11:25:00;201;Sem vítima;552,000;BR-116/BA;Crescente;Colisão traseira;2;0;0;0;0;0;1
01/09/2022;11:43:00;210;Sem vítima;530,000;BR-116/BA;Crescente;Saída de pista;1;0;0;0;0;0;1
01/09/2022;18:21:00;304;Sem vítima;530,000;BR-324/BA;Crescente;Colisão traseira;2;0;0;0;0;0;1
02/09/2022;09:01:00;198;Sem vítima;525,000;BR-324/BA;Decrescente;Colisão traseira;2;0;0;0;0;0;1
02/09/2022;11:46:00;262;Sem vítima;565,000;BR-324/BA;Crescente;Saída de pista;1;0;0;0;0;0;1
02/09/2022;12:18:00;270;Sem vítima;440,000;BR-116/BA;Decrescente;Saída de pista;1;0;0;0;0;0;1
03/09/2022;09:05:00;141;Sem vítima;566,000;BR-116/BA;Crescente;Colisão traseira;2;0;0;0;0;0;1
04/09/2022;13:29:00;256;Sem vítima;640,000;BR-116/BA;Crescente;Capotamento;1;0;0;0;0;0;1
05/09/2022;07:53:00;126;Sem vítima;511,000;BR-116/BA;Decrescente;Saída de pista;1;0;0;0;0;0;1
05/09/2022;08:59:00;183;Sem vítima;609,000;BR-324/BA;Crescente;Acidentes de outra natureza;1;0;0;0;0;0;1
05/09/2022;12:16:00;246;Com vítima;19,000;CONTORNO - VC/BA;Crescente;Colisão lateral no mesmo sentido;1;0;1;1;0;0;2
05/09/2022;14:49:00;278;Sem vítima;479,000;BR-116/BA;Decrescente;Saída de pista;1;0;0;0;0;0;1
05/09/2022;20:31:00;403;Sem vítima;549,000;BR-324/BA;Crescente;Colisão transversal;1;0;0;0;0;0;1
06/09/2022;04:02:00;68;Sem vítima;569,000;BR-324/BA;Crescente;Saída de pista;1;0;0;0;0;0;1
08/09/2022;02:05:00;55;Com vítima;668,000;BR-116/BA;Decrescente;Saída de pista;1;0;1;0;0;0;1
08/09/2022;06:27:00;94;Sem vítima;638,000;BR-116/BA;Decrescente;Capotamento;1;0;0;0;0;0;1
08/09/2022;15:29:00;246;Com vítima;738,000;BR-116/BA;Decrescente;Colisão traseira;1;0;1;0;0;0;1