data;horario;n_da_ocorrencia;tipo_de_ocorrencia;km;trecho;sentido;tipo_de_acidente;caminhao;ilesos;levemente_feridos;moderadamente_feridos;gravemente_feridos;mortos;3
09/09/2022;12:57:00;277;Sem vítima;545,000;BR-324/BA;Decrescente;Colisão traseira;1;0;0;0;0;0;1
11/09/2022;08:54:00;134;Sem vítima;573,000;BR-116/BA;Crescente;Saída de pista;1;0;0;0;0;0;1
11/09/2022;15:24:00;257;Sem vítima;914,000;BR-116/BA;Crescente;Colisão traseira;2;0;0;0;0;0;1
12/09/2022;01:09:00;60;Sem vítima;583,000;BR-324/BA;Decrescente;Saída de pista;1;0;0;0;0;0;1
12/09/2022;07:28:00;135;Sem vítima;608,000;BR-324/BA;Crescente;Acidentes de outra natureza;1;0;0;0;0;0;1
12/09/2022;11:03:00;222;Sem vítima;815,000;BR-116/BA;Decrescente;Acidentes de outra natureza;5;0;0;0;0;0;1
13/09/2022;06:30:00;105;Sem vítima;480,000;BR-116/BA;Crescente;Saída de pista;1;0;0;0;0;0;1
13/09/2022;15:18:00;284;Sem vítima;582,000;BR-324/BA;Crescente;Colisão lateral no mesmo sentido;1;0;0;0;0;0;1
13/09/2022;16:31:00;327;Sem vítima;672,000;BR-116/BA;Crescente;Colisão traseira;2;0;0;0;0;0;1
14/09/2022;00:24:00;52;Com vítima;757,000;BR-116/BA;Decrescente;Colisão frontal;1;0;1;0;0;0;1
14/09/2022;07:52:00;124;Sem vítima;615,000;BR-324/BA;Crescente;Colisão traseira;1;0;0;0;0;0;1
14/09/2022;14:09:00;257;Sem vítima;608,000;BR-324/BA;Crescente;Colisão traseira;1;0;0;0;0;0;1
15/09/2022;13:36:00;279;Com vítima;643,000;BR-116/BA;Crescente;Colisão traseira;1;0;0;2;0;0;2
15/09/2022;17:28:00;377;Sem vítima;623,000;BR-324/BA;Crescente;Colisão lateral no mesmo sentido;1;0;0;0;0;0;1
16/09/2022;19:12:00;379;Com vítima;24,000;CONTORNO - VC/BA;Crescente;Colisão lateral no mesmo sentido;1;0;1;0;0;0;1
16/09/2022;20:06:00;387;Sem vítima;581,000;BR-324/BA;Crescente;Saída de pista;1;0;0;0;0;0;1
17/09/2022;11:07:00;228;Sem vítima;582,000;BR-324/BA;Crescente;Colisão traseira;1;0;0;0;0;0;1
19/09/2022;04:49:00;78;Com vítima;602,000;BR-324/BA;Decrescente;Colisão traseira;1;0;0;1;0;0;2
19/09/2022;13:43:00;264;Sem vítima;694,000;BR-116/BA;Crescente;Colisão traseira;1;0;0;0;0;0;1
20/09/2022;00:56:00;58;Sem vítima;525,000;BR-324/BA;Decrescente;Colisão traseira;1;0;0;0;0;0;1
20/09/2022;11:18:00;246;Sem vítima;527,000;BR-116/BA;Decrescente;Colisão traseira;2;0;0;0;0;0;1
20/09/2022;16:35:00;393;Sem vítima;614,000;BR-324/BA;Crescente;Saída de pista;1;0;0;0;0;0;1
21/09/2022;07:35:00;133;Com vítima;776,000;BR-116/BA;Crescente;Colisão frontal;1;0;1;0;1;1;3
21/09/2022;14:44:00;275;Sem vítima;518,000;BR-324/BA;Decrescente;Acidentes de outra natureza;2;0;0;0;0;0;1
23/09/2022;19:49:00;420;Sem vítima;540,000;BR-324/BA;Crescente;Colisão lateral no mesmo sentido;2;0;0;0;0;0;1
23/09/2022;21:06:00;433;Sem vítima;522,000;BR-116/BA;Crescente;Saída de pista;1;0;0;0;0;0;1
24/09/2022;00:00:00;169;Sem vítima;753,000;BR-116/BA;Crescente;Acidentes de outra natureza;3;0;0;0;0;0;1
24/09/2022;01:46:00;63;Sem vítima;749,000;BR-116/BA;Crescente;Saída de pista;1;0;0;0;0;0;1
24/09/2022;03:10:00;70;Sem vítima;436,000;BR-116/BA;Decrescente;Saída de pista;1;0;0;0;0;0;1
24/09/2022;09:38:00;154;Sem vítima;525,000;BR-324/BA;Crescente;Colisão traseira;2;0;0;0;0;0;1
25/09/2022;09:58:00;190;Com vítima;853,000;BR-116/BA;Decrescente;Colisão lateral no mesmo sentido;2;0;0;1;0;0;2
26/09/2022;04:48:00;76;Com vítima;16,000;CONTORNO - VC/BA;Crescente;Colisão transversal;1;0;1;0;0;0;1
26/09/2022;07:58:00;146;Sem vítima;836,000;BR-116/BA;Crescente;Colisão traseira;1;0;0;0;0;0;1
26/09/2022;18:01:00;406;Sem vítima;569,000;BR-116/BA;Crescente;Saída de pista;1;0;0;0;0;0;1
27/09/2022;15:48:00;335;Sem vítima;523,000;BR-324/BA;Decrescente;Acidentes de outra natureza;1;0;0;0;0;0;1
29/09/2022;10:32:00;201;Sem vítima;549,000;BR-116/BA;Crescente;Saída de pista;1;0;0;0;0;0;1
29/09/2022;18:38:00;357;Sem vítima;815,000;BR-116/BA;Crescente;Colisão lateral no mesmo sentido;1;0;0;0;0;0;1
02/10/2022;22:32:00;384;Com vítima;896,000;BR-116/BA;Decrescente;Colisão frontal;1;0;1;0;0;0;1
03/10/2022;10:10:00;231;Sem vítima;622,000;BR-324/BA;Crescente;Acidentes de outra natureza;1;0;0;0;0;0;1
03/10/2022;15:45:00;392;Sem vítima;653,000;BR-116/BA;Decrescente;Capotamento;1;0;0;0;0;0;1
04/10/2022;05:06:00;81;Sem vítima;4,000;526/BA;Crescente;Colisão traseira;2;0;0;0;0;0;1
04/10/2022;15:45:00;375;Sem vítima;764,000;BR-116/BA;Crescente;Colisão lateral no mesmo sentido;1;0;0;0;0;0;1
04/10/2022;16:22:00;387;Com vítima;530,000;BR-324/BA;Decrescente;Capotamento;1;0;1;0;0;0;1
04/10/2022;18:23:00;417;Sem vítima;528,000;BR-324/BA;Decrescente;Acidentes de outra natureza;2;0;0;0;0;0;1
05/10/2022;07:46:00;210;Sem vítima;532,000;BR-324/BA;Decrescente;Colisão traseira;1;0;0;0;0;0;1
05/10/2022;09:25:00;223;Sem vítima;532,000;BR-324/BA;Decrescente;Saída de pista;1;0;0;0;0;0;1
05/10/2022;20:04:00;554;Sem vítima;530,000;BR-324/BA;Crescente;Colisão traseira;2;0;0;0;0;0;1
06/10/2022;03:53:00;76;Sem vítima;514,000;BR-116/BA;Decrescente;Saída de pista;1;0;0;0;0;0;1
06/10/2022;11:00:00;289;Sem vítima;742,000;BR-116/BA;Crescente;Colisão traseira;2;0;0;0;0;0;1
07/10/2022;13:28:00;309;Sem vítima;495,000;BR-116/BA;Decrescente;Colisão traseira;1;0;0;0;0;0;1
07/10/2022;13:30:00;366;Sem vítima;529,000;BR-324/BA;Crescente;Colisão traseira;1;0;0;0;0;0;1
07/10/2022;17:25:00;473;Sem vítima;750,000;BR-116/BA;Crescente;Colisão traseira;2;0;0;0;0;0;1
08/10/2022;16:27:00;347;Sem vítima;795,000;BR-116/BA;Decrescente;Colisão traseira;1;0;0;0;0;0;1
08/10/2022;20:20:00;466;Sem vítima;607,000;BR-324/BA;Crescente;Colisão lateral no mesmo sentido;1;0;0;0;0;0;1
09/10/2022;15:30:00;297;Com vítima;919,000;BR-116/BA;Crescente;Capotamento;1;0;1;0;0;0;1
09/10/2022;15:52:00;306;Sem vítima;851,000;BR-116/BA;Crescente;Colisão traseira;2;0;0;0;0;0;1
09/10/2022;20:41:00;398;Sem vítima;606,000;BR-116/BA;Crescente;Colisão traseira;1;0;0;0;0;0;1
10/10/2022;15:15:00;379;Sem vítima;890,000;BR-116/BA;Decrescente;Colisão lateral no mesmo sentido;1;0;0;0;0;0;1
11/10/2022;16:04:00;400;Com vítima;646,000;BR-116/BA;Crescente;Queda de moto;1;0;1;0;0;0;1
12/10/2022;18:29:00;461;Sem vítima;486,000;BR-116/BA;Decrescente;Capotamento;1;0;0;0;0;0;1
17/10/2022;03:04:00;64;Sem vítima;747,000;BR-116/BA;Crescente;Saída de pista;1;0;0;0;0;0;1
17/10/2022;06:44:00;126;Sem vítima;590,000;BR-116/BA;Crescente;Acidentes de outra natureza;2;0;0;0;0;0;1
18/10/2022;12:03:00;318;Com vítima;546,000;BR-116/BA;Crescente;Colisão lateral no mesmo sentido;1;0;0;1;0;0;2
19/10/2022;13:09:00;327;Sem vítima;690,000;BR-116/BA;Decrescente;Capotamento;1;0;0;0;0;0;1
19/10/2022;18:11:00;454;Sem vítima;611,000;BR-324/BA;Crescente;Colisão traseira;1;0;0;0;0;0;1
21/10/2022;08:07:00;115;Sem vítima;623,000;BR-324/BA;Crescente;Colisão lateral no mesmo sentido;2;0;0;0;0;0;1
21/10/2022;10:35:00;293;Sem vítima;27,000;CONTORNO - VC/BA;Crescente;Engavetamento;1;0;0;0;0;0;1
22/10/2022;09:38:00;212;Sem vítima;525,000;BR-116/BA;Decrescente;Colisão traseira;2;0;0;0;0;0;1
24/10/2022;08:38:00;208;Sem vítima;618,000;BR-324/BA;Decrescente;Acidentes de outra natureza;1;0;0;0;0;0;1
24/10/2022;19:09:00;507;Sem vítima;530,000;BR-324/BA;Crescente;Saída de pista;1;0;0;0;0;0;1
25/10/2022;07:19:00;132;Sem vítima;543,000;BR-324/BA;Decrescente;Saída de pista;2;0;0;0;0;0;1
26/10/2022;14:57:00;381;Sem vítima;909,000;BR-116/BA;Crescente;Colisão lateral no mesmo sentido;2;0;0;0;0;0;1
26/10/2022;21:03:00;525;Com vítima;571,000;BR-116/BA;Decrescente;Capotamento;1;0;0;0;1;0;2
27/10/2022;00:00:00;323;Com vítima;792,000;BR-116/BA;Decrescente;Colisão lateral no mesmo sentido;2;0;1;0;0;0;1
27/10/2022;13:18:00;338;Sem vítima;789,000;BR-116/BA;Crescente;Acidentes de outra natureza;2;0;0;0;0;0;1
27/10/2022;19:11:00;498;Sem vítima;584,000;BR-324/BA;Decrescente;Colisão traseira;2;0;0;0;0;0;1
29/10/2022;07:02:00;132;Com vítima;529,000;BR-116/BA;Decrescente;Colisão lateral no mesmo sentido;1;0;1;0;0;0;1
29/10/2022;09:39:00;237;Sem vítima;567,000;BR-324/BA;Decrescente;Saída de pista;1;0;0;0;0;0;1
30/10/2022;08:00:00;182;Com vítima;22,000;CONTORNO - VC/BA;Decrescente;Colisão frontal;1;0;1;0;0;1;3
01/11/2022;06:33:00;99;Sem vítima;8,000;526/BA;Decrescente;Capotamento;1;0;0;0;0;0;1
01/11/2022;17:51:00;458;Com vítima;785,000;BR-116/BA;Decrescente;Capotamento;1;0;0;1;0;0;2
01/11/2022;21:46:00;531;Sem vítima;433,000;BR-116/BA;Crescente;Capotamento;1;0;0;0;0;0;1
01/11/2022;23:13:00;569;Sem vítima;601,000;BR-324/BA;Crescente;Colisão traseira;2;0;0;0;0;0;1
02/11/2022;15:35:00;369;Sem vítima;807,000;BR-116/BA;Crescente;Queda de moto;2;0;0;0;0;0;1
02/11/2022;16:03:00;374;Sem vítima;806,000;BR-116/BA;Crescente;Saída de pista;1;0;0;0;0;0;1
03/11/2022;09:50:00;237;Sem vítima;551,000;BR-324/BA;Decrescente;Colisão traseira;2;0;0;0;0;0;1
03/11/2022;10:44:00;194;Sem vítima;524,000;BR-324/BA;Decrescente;Colisão lateral no mesmo sentido;1;0;0;0;0;0;1
03/11/2022;11:59:00;294;Sem vítima;556,000;BR-324/BA;Crescente;Saída de pista;1;0;0;0;0;0;1
03/11/2022;13:43:00;308;Sem vítima;793,000;BR-116/BA;Crescente;Colisão traseira;1;0;0;0;0;0;1
03/11/2022;13:47:00;319;Sem vítima;661,000;BR-116/BA;Decrescente;Colisão traseira;1;0;0;0;0;0;1
04/11/2022;08:01:00;161;Sem vítima;533,000;BR-324/BA;Decrescente;Saída de pista;1;0;0;0;0;0;1
04/11/2022;11:05:00;284;Com vítima;832,000;BR-116/BA;Decrescente;Capotamento;1;0;0;1;0;0;2
04/11/2022;14:08:00;362;Sem vítima;438,000;BR-116/BA;Decrescente;Saída de pista;1;0;0;0;0;0;1
04/11/2022;15:32:00;420;Sem vítima;555,000;BR-116/BA;Decrescente;Capotamento;1;0;0;0;0;0;1
04/11/2022;16:22:00;430;Sem vítima;581,000;BR-324/BA;Crescente;Colisão traseira;1;0;0;0;0;0;1
04/11/2022;17:08:00;441;Sem vítima;530,000;BR-324/BA;Crescente;Queda de moto;1;0;0;0;0;0;1
04/11/2022;18:29:00;466;Sem vítima;576,000;BR-324/BA;Crescente;Acidentes de outra natureza;1;0;0;0;0;0;1
04/11/2022;20:54:00;528;Com vítima;794,000;BR-116/BA;Decrescente;Colisão traseira;1;0;3;1;0;0;2
05/11/2022;18:39:00;408;Com vítima;632,000;BR-116/BA;Decrescente;Colisão transversal;1;0;2;0;0;0;1
05/11/2022;23:40:00;501;Com vítima;799,000;BR-116/BA;Crescente;Queda de moto;3;0;1;1;2;0;2
06/11/2022;12:01:00;255;Sem vítima;528,000;BR-116/BA;Decrescente;Colisão traseira;2;0;0;0;0;0;1
07/11/2022;18:31:00;473;Sem vítima;468,000;BR-116/BA;Decrescente;Colisão lateral no mesmo sentido;1;0;0;0;0;0;1
08/11/2022;11:52:00;249;Sem vítima;3,000;CONTORNO - VC/BA;Crescente;Colisão transversal;1;0;0;0;0;0;1
08/11/2022;15:42:00;346;Sem vítima;509,000;BR-116/BA;Decrescente;Colisão lateral no mesmo sentido;1;0;0;0;0;0;1
08/11/2022;17:26:00;409;Com vítima;610,000;BR-324/BA;Crescente;Colisão traseira;1;0;1;0;1;0;2
09/11/2022;06:05:00;104;Sem vítima;599,000;BR-324/BA;Crescente;Colisão traseira;1;0;0;0;0;0;1
10/11/2022;22:55:00;527;Sem vítima;521,000;BR-324/BA;Decrescente;Colisão traseira;1;0;0;0;0;0;1
10/11/2022;23:07:00;530;Sem vítima;473,000;BR-116/BA;Decrescente;Capotamento;1;0;0;0;0;0;1
11/11/2022;09:13:00;180;Sem vítima;817,000;BR-116/BA;Crescente;Colisão lateral no mesmo sentido;1;0;0;0;0;0;1
11/11/2022;13:03:00;343;Sem vítima;582,000;BR-116/BA;Decrescente;Acidentes de outra natureza;1;0;0;0;0;0;1
11/11/2022;17:36:00;501;Sem vítima;603,000;BR-324/BA;Decrescente;Colisão traseira;1;0;0;0;0;0;1
11/11/2022;18:13:00;508;Sem vítima;526,000;BR-324/BA;Crescente;Colisão traseira;2;0;0;0;0;0;1
13/11/2022;13:44:00;294;Sem vítima;598,000;BR-116/BA;Crescente;Saída de pista;1;0;0;0;0;0;1
16/11/2022;03:46:00;67;Sem vítima;563,000;BR-324/BA;Crescente;Colisão traseira;1;0;0;0;0;0;1
16/11/2022;18:18:00;499;Sem vítima;648,000;BR-116/BA;Decrescente;Colisão lateral no mesmo sentido;1;0;0;0;0;0;1
19/11/2022;10:11:00;220;Sem vítima;557,000;BR-324/BA;Decrescente;Colisão lateral no mesmo sentido;1;0;0;0;0;0;1
19/11/2022;10:11:00;221;Sem vítima;930,000;BR-116/BA;Crescente;Colisão traseira;2;0;0;0;0;0;1
19/11/2022;10:35:00;227;Sem vítima;0,000;CONTORNO SUL  - FS/BA;Crescente;Colisão lateral no mesmo sentido;1;0;0;0;0;0;1
20/11/2022;09:03:00;196;Com vítima;677,000;BR-116/BA;Crescente;Saída de pista;1;0;0;1;0;0;2
20/11/2022;16:20:00;367;Com vítima;567,000;BR-116/BA;Crescente;Colisão transversal;1;0;0;0;0;1;3
20/11/2022;19:29:00;456;Sem vítima;709,000;BR-116/BA;Decrescente;Colisão lateral no mesmo sentido;1;0;0;0;0;0;1
20/11/2022;22:23:00;528;Com vítima;521,000;BR-116/BA;Decrescente;Queda de moto;2;0;0;1;0;0;2
21/11/2022;07:09:00;137;Sem vítima;595,000;BR-116/BA;Decrescente;Capotamento;1;0;0;0;0;0;1
21/11/2022;14:25:00;381;Sem vítima;580,000;BR-324/BA;Crescente;Saída de pista;1;0;0;0;0;0;1
21/11/2022;19:43:00;550;Com vítima;784,000;BR-116/BA;Decrescente;Colisão transversal;1;0;0;0;0;1;3
22/11/2022;05:03:00;70;Sem vítima;485,000;BR-116/BA;Decrescente;Colisão lateral no mesmo sentido;2;0;0;0;0;0;1
22/11/2022;07:47:00;140;Com vítima;736,000;BR-116/BA;Decrescente;Saída de pista;1;0;0;0;0;1;3
22/11/2022;08:02:00;151;Sem vítima;613,000;BR-324/BA;Crescente;Acidentes de outra natureza;1;0;0;0;0;0;1
22/11/2022;10:54:00;266;Sem vítima;533,000;BR-116/BA;Decrescente;Colisão traseira;2;0;0;0;0;0;1
22/11/2022;14:45:00;350;Sem vítima;587,000;BR-116/BA;Decrescente;Choque;1;0;0;0;0;0;1
22/11/2022;18:42:00;465;Com vítima;612,000;BR-324/BA;Crescente;Colisão traseira;1;0;0;1;0;0;2
23/11/2022;01:02:00;21;Sem vítima;579,000;BR-324/BA;Crescente;Saída de pista;1;0;0;0;0;0;1
24/11/2022;06:18:00;110;Sem vítima;528,000;BR-324/BA;Decrescente;Saída de pista;1;0;0;0;0;0;1
24/11/2022;07:22:00;138;Sem vítima;521,000;BR-324/BA;Decrescente;Colisão transversal;2;0;0;0;0;0;1
24/11/2022;10:36:00;239;Sem vítima;0,000;CONTORNO SUL  - FS/BA;Crescente;Colisão lateral no mesmo sentido;1;0;0;0;0;0;1
24/11/2022;21:04:00;482;Sem vítima;446,000;BR-116/BA;Crescente;Colisão lateral no mesmo sentido;1;0;0;0;0;0;1
25/11/2022;00:00:00;89;Sem vítima;569,000;BR-324/BA;Decrescente;Capotamento;1;0;0;0;0;0;1
25/11/2022;05:51:00;60;Com vítima;540,000;BR-116/BA;Crescente;Acidentes de outra natureza;3;0;2;0;0;0;1
25/11/2022;07:01:00;79;Sem vítima;747,000;BR-116/BA;Decrescente;Saída de pista;1;0;0;0;0;0;1
25/11/2022;07:18:00;85;Com vítima;473,000;BR-116/BA;Crescente;Saída de pista;1;0;1;0;0;0;1
25/11/2022;13:31:00;263;Sem vítima;533,000;BR-324/BA;Decrescente;Colisão traseira;2;0;0;0;0;0;1
25/11/2022;14:22:00;277;Sem vítima;548,000;BR-324/BA;Decrescente;Colisão traseira;1;0;0;0;0;0;1
25/11/2022;22:17:00;516;Sem vítima;560,000;BR-324/BA;Decrescente;Choque;1;0;0;0;0;0;1
26/11/2022;08:44:00;165;Sem vítima;555,000;BR-324/BA;Crescente;Saída de pista;1;0;0;0;0;0;1
26/11/2022;09:33:00;199;Sem vítima;910,000;BR-116/BA;Decrescente;Acidentes de outra natureza;1;0;0;0;0;0;1
26/11/2022;16:16:00;331;Sem vítima;528,000;BR-324/BA;Crescente;Colisão traseira;1;0;0;0;0;0;1
27/11/2022;09:25:00;206;Sem vítima;613,000;BR-116/BA;Crescente;Colisão traseira;2;0;0;0;0;0;1
27/11/2022;12:45:00;296;Sem vítima;597,000;BR-116/BA;Decrescente;Queda de moto;2;0;0;0;0;0;1
27/11/2022;13:25:00;300;Sem vítima;515,000;BR-116/BA;Crescente;Colisão traseira;1;0;0;0;0;0;1
27/11/2022;13:51:00;304;Sem vítima;621,000;BR-324/BA;Decrescente;Acidentes de outra natureza;1;0;0;0;0;0;1
27/11/2022;15:05:00;356;Com vítima;923,000;BR-116/BA;Decrescente;Capotamento;1;0;0;0;0;1;3
27/11/2022;23:48:00;561;Sem vítima;552,000;BR-324/BA;Decrescente;Saída de pista;1;0;0;0;0;0;1
27/11/2022;23:52:00;562;Sem vítima;535,000;BR-116/BA;Decrescente;Saída de pista;1;0;0;0;0;0;1
28/11/2022;02:45:00;74;Sem vítima;604,000;BR-324/BA;Crescente;Colisão lateral no mesmo sentido;1;0;0;0;0;0;1
28/11/2022;14:30:00;447;Sem vítima;536,000;BR-324/BA;Decrescente;Choque;1;0;0;0;0;0;1
28/11/2022;16:51:00;520;Sem vítima;558,000;BR-324/BA;Decrescente;Queda de moto;1;0;0;0;0;0;1
29/11/2022;13:02:00;316;Sem vítima;597,000;BR-116/BA;Decrescente;Capotamento;1;0;0;0;0;0;1
30/11/2022;14:41:00;361;Sem vítima;544,000;BR-324/BA;Decrescente;Colisão traseira;1;0;0;0;0;0;1
01/12/2022;06:34:00;131;Sem vítima;471,000;BR-116/BA;Crescente;Saída de pista;1;0;0;0;0;0;1
02/12/2022;12:56:00;321;Sem vítima;803,000;BR-116/BA;Crescente;Acidentes de outra natureza;3;0;0;0;0;0;1
02/12/2022;20:27:00;507;Sem vítima;798,000;BR-116/BA;Decrescente;Atropelamento de animal;1;0;0;0;0;0;1
02/12/2022;20:57:00;515;Sem vítima;754,000;BR-116/BA;Crescente;Colisão traseira;2;0;0;0;0;0;1
03/12/2022;06:42:00;120;Sem vítima;583,000;BR-116/BA;Decrescente;Saída de pista;1;0;0;0;0;0;1
04/12/2022;06:44:00;119;Sem vítima;886,000;BR-116/BA;Crescente;Colisão traseira;2;0;0;0;0;0;1
04/12/2022;12:47:00;254;Sem vítima;666,000;BR-116/BA;Decrescente;Colisão traseira;1;0;0;0;0;0;1
04/12/2022;16:44:00;341;Com vítima;843,000;BR-116/BA;Crescente;Queda de moto;2;0;3;1;0;0;2
05/12/2022;00:00:00;105;Sem vítima;583,000;BR-116/BA;Decrescente;Colisão transversal;1;0;0;0;0;0;1
05/12/2022;09:05:00;172;Sem vítima;632,000;BR-116/BA;Crescente;Colisão lateral no mesmo sentido;1;0;0;0;0;0;1
05/12/2022;10:45:00;229;Sem vítima;545,000;BR-116/BA;Decrescente;Colisão traseira;2;0;0;0;0;0;1
05/12/2022;12:44:00;273;Sem vítima;24,000;CONTORNO - VC/BA;Decrescente;Colisão lateral no mesmo sentido;1;0;0;0;0;0;1
06/12/2022;05:43:00;110;Sem vítima;584,000;BR-116/BA;Crescente;Saída de pista;1;0;0;0;0;0;1
06/12/2022;23:30:00;527;Sem vítima;687,000;BR-116/BA;Decrescente;Colisão lateral no mesmo sentido;1;0;0;0;0;0;1
07/12/2022;06:58:00;90;Sem vítima;616,000;BR-324/BA;Crescente;Colisão traseira;1;0;0;0;0;0;1
07/12/2022;09:31:00;193;Sem vítima;612,000;BR-324/BA;Crescente;Colisão traseira;1;0;0;0;0;0;1
07/12/2022;23:42:00;534;Sem vítima;456,000;BR-116/BA;Crescente;Capotamento;1;0;0;0;0;0;1
08/12/2022;04:12:00;90;Sem vítima;553,000;BR-324/BA;Crescente;Atropelamento de animal;1;0;0;0;0;0;1
08/12/2022;05:07:00;94;Sem vítima;528,000;BR-324/BA;Crescente;Colisão traseira;2;0;0;0;0;0;1
08/12/2022;18:31:00;463;Sem vítima;831,000;BR-116/BA;Decrescente;Colisão traseira;2;0;0;0;0;0;1
08/12/2022;18:54:00;468;Com vítima;752,000;BR-116/BA;Decrescente;Colisão frontal;1;0;0;0;0;2;3
08/12/2022;20:15:00;491;Com vítima;752,000;BR-116/BA;Crescente;Colisão traseira;2;0;0;1;0;0;2
08/12/2022;21:06:00;520;Sem vítima;458,000;BR-116/BA;Crescente;Colisão traseira;2;0;0;0;0;0;1
09/12/2022;15:47:00;377;Com vítima;576,000;BR-324/BA;Decrescente;Colisão lateral no mesmo sentido;1;0;0;0;1;0;2
10/12/2022;12:28:00;301;Sem vítima;676,000;BR-116/BA;Crescente;Capotamento;2;0;0;0;0;0;1
11/12/2022;10:06:00;193;Sem vítima;589,000;BR-116/BA;Crescente;Capotamento;1;0;0;0;0;0;1
11/12/2022;21:30:00;477;Sem vítima;590,000;BR-116/BA;Crescente;Colisão traseira;2;0;0;0;0;0;1
12/12/2022;00:52:00;15;Sem vítima;563,000;BR-324/BA;Crescente;Atropelamento de animal;1;0;0;0;0;0;1
12/12/2022;22:47:00;609;Sem vítima;686,000;BR-116/BA;Crescente;Capotamento;1;0;0;0;0;0;1
13/12/2022;11:51:00;220;Sem vítima;532,000;BR-324/BA;Crescente;Acidentes de outra natureza;2;0;0;0;0;0;1
13/12/2022;15:52:00;415;Sem vítima;527,000;BR-324/BA;Crescente;Colisão lateral no mesmo sentido;2;0;0;0;0;0;1
13/12/2022;16:30:00;432;Com vítima;588,000;BR-116/BA;Decrescente;Saída de pista;1;0;0;1;0;0;2
13/12/2022;16:33:00;435;Sem vítima;696,000;BR-116/BA;Crescente;Saída de pista;1;0;0;0;0;0;1
13/12/2022;22:21:00;567;Sem vítima;563,000;BR-116/BA;Crescente;Colisão traseira;1;0;0;0;0;0;1
14/12/2022;06:03:00;103;Sem vítima;795,000;BR-116/BA;Decrescente;Queda de moto;2;0;0;0;0;0;1
14/12/2022;16:22:00;436;Sem vítima;568,000;BR-324/BA;Crescente;Capotamento;1;0;0;0;0;0;1
14/12/2022;20:56:00;518;Sem vítima;594,000;BR-116/BA;Decrescente;Capotamento;1;0;0;0;0;0;1
15/12/2022;08:59:00;158;Com vítima;929,000;BR-116/BA;Crescente;Colisão lateral no mesmo sentido;1;0;3;0;0;0;1
15/12/2022;15:30:00;332;Sem vítima;609,000;BR-324/BA;Crescente;Choque;1;0;0;0;0;0;1
16/12/2022;08:59:00;191;Sem vítima;556,000;BR-324/BA;Crescente;Capotamento;1;0;0;0;0;0;1
16/12/2022;09:57:00;220;Sem vítima;622,000;BR-324/BA;Crescente;Colisão lateral no mesmo sentido;1;0;0;0;0;0;1
17/12/2022;07:32:00;123;Sem vítima;602,000;BR-116/BA;Crescente;Saída de pista;1;0;0;0;0;0;1
17/12/2022;13:12:00;222;Com vítima;853,000;BR-116/BA;Decrescente;Colisão frontal;1;0;1;0;0;1;3
18/12/2022;04:47:00;102;Com vítima;666,000;BR-116/BA;Crescente;Queda de moto;2;0;3;1;0;0;2
18/12/2022;10:31:00;247;Sem vítima;605,000;BR-116/BA;Crescente;Acidentes de outra natureza;2;0;0;0;0;0;1
18/12/2022;12:31:00;277;Sem vítima;616,000;BR-116/BA;Crescente;Colisão traseira;2;0;0;0;0;0;1
18/12/2022;20:21:00;464;Sem vítima;547,000;BR-324/BA;Crescente;Queda de moto;2;0;0;0;0;0;1
19/12/2022;15:27:00;413;Sem vítima;792,000;BR-116/BA;Crescente;Colisão traseira;2;0;0;0;0;0;1
20/12/2022;01:39:00;46;Sem vítima;482,000;BR-116/BA;Crescente;Capotamento;1;0;0;0;0;0;1
20/12/2022;14:44:00;382;Sem vítima;606,000;BR-324/BA;Crescente;Tombamento;1;0;0;0;0;0;1
20/12/2022;16:36:00;445;Sem vítima;637,000;BR-116/BA;Decrescente;Colisão lateral no mesmo sentido;1;0;0;0;0;0;1
21/12/2022;09:31:00;213;Sem vítima;875,000;BR-116/BA;Decrescente;Colisão traseira;1;0;0;0;0;0;1
21/12/2022;11:53:00;301;Sem vítima;804,000;BR-116/BA;Crescente;Colisão lateral no mesmo sentido;1;0;0;0;0;0;1
21/12/2022;12:06:00;304;Com vítima;778,000;BR-116/BA;Crescente;Atropelamento de ciclista;1;0;0;0;1;0;2
21/12/2022;20:24:00;548;Sem vítima;849,000;BR-116/BA;Crescente;Colisão traseira;1;0;0;0;0;0;1