data;horario;n_da_ocorrencia;tipo_de_ocorrencia;km;trecho;sentido;tipo_de_acidente;caminhao;ilesos;levemente_feridos;moderadamente_feridos;gravemente_feridos;mortos;3
22/12/2022;14:31:00;413;Sem vítima;829,000;BR-116/BA;Decrescente;Acidentes de outra natureza;2;0;0;0;0;0;1
22/12/2022;16:27:00;492;Sem vítima;853,000;BR-116/BA;Crescente;Colisão traseira;1;0;0;0;0;0;1
24/12/2022;04:31:00;121;Sem vítima;572,000;BR-324/BA;Crescente;Saída de pista;1;0;0;0;0;0;1
24/12/2022;16:09:00;388;Sem vítima;865,000;BR-116/BA;Crescente;Colisão traseira;1;0;0;0;0;0;1
24/12/2022;17:33:00;429;Sem vítima;873,000;BR-116/BA;Crescente;Colisão lateral no mesmo sentido;1;0;0;0;0;0;1
26/12/2022;04:32:00;106;Sem vítima;590,000;BR-324/BA;Crescente;Colisão traseira;1;0;0;0;0;0;1
26/12/2022;15:06:00;453;Sem vítima;748,000;BR-116/BA;Crescente;Colisão traseira;2;0;0;0;0;0;1
27/12/2022;17:10:00;449;Sem vítima;643,000;BR-116/BA;Decrescente;Colisão lateral no mesmo sentido;1;0;0;0;0;0;1
28/12/2022;00:00:00;299;Sem vítima;619,000;BR-324/BA;Crescente;Colisão lateral no mesmo sentido;1;0;0;0;0;0;1
28/12/2022;07:31:00;157;Sem vítima;590,000;BR-116/BA;Crescente;Queda de moto;3;0;0;0;0;0;1
28/12/2022;14:35:00;396;Sem vítima;497,000;BR-116/BA;Crescente;Colisão transversal;1;0;0;0;0;0;1
28/12/2022;15:34:00;418;Sem vítima;583,000;BR-116/BA;Decrescente;Colisão lateral no mesmo sentido;1;0;0;0;0;0;1
28/12/2022;22:59:00;604;Sem vítima;510,000;BR-116/BA;Decrescente;Capotamento;1;0;0;0;0;0;1
29/12/2022;12:52:00;342;Sem vítima;879,000;BR-116/BA;Crescente;Colisão traseira;1;0;0;0;0;0;1
30/12/2022;03:25:00;92;Sem vítima;723,000;BR-116/BA;Decrescente;Choque;1;0;0;0;0;0;1
31/12/2022;09:42:00;196;Com vítima;716,000;BR-116/BA;Crescente;Saída de pista;1;0;0;0;1;0;2
31/12/2022;16:29:00;343;Sem vítima;643,000;BR-116/BA;Decrescente;Colisão lateral no mesmo sentido;3;0;0;0;0;0;1
02/01/2023;11:42:00;274;Sem vítima;586,000;BR-324/BA;Decrescente;Acidentes de outra natureza;1;0;0;0;0;0;1
02/01/2023;13:59:00;334;Sem vítima;532,000;BR-324/BA;Decrescente;Colisão lateral no mesmo sentido;1;0;0;0;0;0;1
02/01/2023;18:17:00;448;Sem vítima;535,000;BR-324/BA;Decrescente;Colisão traseira;1;1;0;0;0;0;1
03/01/2023;07:47:00;167;Sem vítima;644,000;BR-116/BA;Decrescente;Colisão traseira;1;0;0;0;0;0;1
03/01/2023;08:54:00;204;Sem vítima;535,000;BR-324/BA;Decrescente;Saída de pista;1;0;0;0;0;0;1
03/01/2023;11:48:00;283;Sem vítima;579,000;BR-324/BA;Crescente;Saída de pista;1;0;0;0;0;0;1
03/01/2023;12:27:00;298;Sem vítima;534,000;BR-324/BA;Decrescente;Acidentes de outra natureza;2;0;0;0;0;0;1
03/01/2023;13:57:00;319;Com vítima;526,000;BR-324/BA;Decrescente;Colisão lateral no mesmo sentido;1;0;0;0;0;1;3
03/01/2023;16:55:00;398;Sem vítima;592,000;BR-116/BA;Crescente;Colisão lateral no mesmo sentido;1;0;0;0;0;0;1
04/01/2023;14:10:00;364;Sem vítima;570,000;BR-116/BA;Crescente;Queda de moto;1;0;0;0;0;0;1
04/01/2023;16:41:00;465;Sem vítima;810,000;BR-116/BA;Crescente;Acidentes de outra natureza;3;0;0;0;0;0;1
05/01/2023;09:07:00;184;Sem vítima;579,000;BR-324/BA;Decrescente;Saída de pista;1;0;0;0;0;0;1
05/01/2023;17:17:00;410;Com vítima;0,000;CONTORNO - VC/BA;Crescente;Colisão lateral no mesmo sentido;1;0;1;0;0;0;1
06/01/2023;09:27:00;196;Sem vítima;749,000;BR-116/BA;Decrescente;Saída de pista;1;0;0;0;0;0;1
06/01/2023;17:49:00;446;Sem vítima;803,000;BR-116/BA;Crescente;Colisão lateral no mesmo sentido;1;0;0;0;0;0;1
07/01/2023;16:11:00;320;Com vítima;579,000;BR-116/BA;Decrescente;Colisão lateral no mesmo sentido;1;0;0;1;0;0;2
08/01/2023;13:09:00;246;Com vítima;815,000;BR-116/BA;Decrescente;Acidentes de outra natureza;1;0;2;0;0;0;1
08/01/2023;16:51:00;346;Sem vítima;851,000;BR-116/BA;Decrescente;Colisão traseira;1;0;0;0;0;0;1
09/01/2023;03:59:00;46;Com vítima;434,000;BR-116/BA;Decrescente;Saída de pista;1;0;1;0;0;0;1
09/01/2023;07:25:00;172;Com vítima;805,000;BR-116/BA;Decrescente;Queda de moto;2;0;2;0;0;0;1
09/01/2023;08:35:00;193;Sem vítima;805,000;BR-116/BA;Decrescente;Colisão traseira;2;0;0;0;0;0;1
09/01/2023;10:28:00;269;Sem vítima;533,000;BR-324/BA;Decrescente;Colisão traseira;1;0;0;0;0;0;1
09/01/2023;18:26:00;436;Sem vítima;830,000;BR-116/BA;Decrescente;Acidentes de outra natureza;2;0;0;0;0;0;1
10/01/2023;11:30:00;293;Com vítima;533,000;BR-324/BA;Decrescente;Acidentes de outra natureza;1;0;1;0;0;0;1
10/01/2023;16:30:00;383;Sem vítima;518,000;BR-324/BA;Decrescente;Colisão lateral no mesmo sentido;1;0;0;0;0;0;1
12/01/2023;12:45:00;259;Com vítima;570,000;BR-324/BA;Decrescente;Colisão lateral no mesmo sentido;1;0;2;1;0;0;2
12/01/2023;17:27:00;407;Com vítima;7,000;526/BA;Decrescente;Colisão lateral no mesmo sentido;1;0;3;1;0;0;2
13/01/2023;14:11:00;342;Sem vítima;873,000;BR-116/BA;Crescente;Colisão traseira;1;0;0;0;0;0;1
14/01/2023;12:16:00;252;Sem vítima;9,000;526/BA;Decrescente;Saída de pista;1;0;0;0;0;0;1
15/01/2023;02:12:00;50;Sem vítima;850,000;BR-116/BA;Crescente;Queda de moto;1;0;0;0;0;0;1
15/01/2023;15:43:00;288;Sem vítima;851,000;BR-116/BA;Decrescente;Colisão traseira;2;0;0;0;0;0;1
15/01/2023;20:22:00;412;Com vítima;652,000;BR-116/BA;Decrescente;Colisão transversal;1;0;2;1;0;0;2
16/01/2023;09:56:00;246;Sem vítima;561,000;BR-324/BA;Crescente;Colisão traseira;1;0;0;0;0;0;1
16/01/2023;23:07:00;559;Sem vítima;465,000;BR-116/BA;Decrescente;Colisão traseira;1;0;0;0;0;0;1
17/01/2023;10:43:00;241;Sem vítima;682,000;BR-116/BA;Crescente;Colisão lateral no mesmo sentido;1;0;0;0;0;0;1
18/01/2023;08:42:00;98;Sem vítima;608,000;BR-324/BA;Decrescente;Colisão lateral no mesmo sentido;1;0;0;0;0;0;1
19/01/2023;07:01:00;119;Sem vítima;485,000;BR-116/BA;Decrescente;Colisão traseira;2;0;0;0;0;0;1
19/01/2023;19:05:00;448;Sem vítima;576,000;BR-116/BA;Crescente;Colisão lateral no mesmo sentido;1;0;0;0;0;0;1
20/01/2023;01:48:00;38;Sem vítima;776,000;BR-116/BA;Crescente;Queda de moto;1;0;0;0;0;0;1
20/01/2023;12:29:00;295;Sem vítima;551,000;BR-324/BA;Crescente;Acidentes de outra natureza;1;0;0;0;0;0;1
21/01/2023;04:22:00;48;Sem vítima;650,000;BR-116/BA;Crescente;Colisão lateral no mesmo sentido;1;0;0;0;0;0;1
21/01/2023;08:25:00;108;Sem vítima;908,000;BR-116/BA;Crescente;Colisão traseira;2;0;0;0;0;0;1
21/01/2023;09:18:00;133;Sem vítima;580,000;BR-116/BA;Decrescente;Colisão lateral no mesmo sentido;1;0;0;0;0;0;1
21/01/2023;12:44:00;201;Sem vítima;856,000;BR-116/BA;Decrescente;Colisão traseira;2;0;0;0;0;0;1
22/01/2023;18:52:00;463;Sem vítima;566,000;BR-116/BA;Decrescente;Colisão transversal;1;0;0;0;0;0;1
23/01/2023;05:42:00;96;Sem vítima;618,000;BR-324/BA;Crescente;Colisão lateral no mesmo sentido;1;0;0;0;0;0;1
23/01/2023;09:22:00;170;Sem vítima;594,000;BR-116/BA;Decrescente;Saída de pista;1;0;0;0;0;0;1
23/01/2023;12:41:00;283;Sem vítima;582,000;BR-324/BA;Crescente;Colisão lateral no mesmo sentido;1;0;0;0;0;0;1
24/01/2023;04:18:00;71;Sem vítima;595,000;BR-116/BA;Decrescente;Queda de moto;1;0;0;0;0;0;1
24/01/2023;15:09:00;367;Com vítima;606,000;BR-324/BA;Crescente;Colisão traseira;1;0;1;0;0;0;1
24/01/2023;16:05:00;386;Sem vítima;531,000;BR-324/BA;Decrescente;Colisão traseira;1;0;0;0;0;0;1
25/01/2023;09:27:00;174;Sem vítima;911,000;BR-116/BA;Crescente;Colisão lateral no mesmo sentido;1;0;0;0;0;0;1
26/01/2023;04:22:00;54;Com vítima;911,000;BR-116/BA;Decrescente;Colisão traseira;1;0;0;3;0;0;2
27/01/2023;04:37:00;36;Com vítima;496,000;BR-116/BA;Decrescente;Colisão lateral no mesmo sentido;1;0;1;0;0;0;1
27/01/2023;05:32:00;48;Sem vítima;582,000;BR-324/BA;Decrescente;Saída de pista;1;0;0;0;0;0;1
27/01/2023;05:47:00;50;Sem vítima;607,000;BR-324/BA;Crescente;Engavetamento;1;0;0;0;0;0;1
27/01/2023;13:06:00;261;Sem vítima;601,000;BR-324/BA;Decrescente;Saída de pista;1;0;0;0;0;0;1
27/01/2023;15:12:00;353;Sem vítima;671,000;BR-116/BA;Crescente;Capotamento;1;0;0;0;0;0;1
28/01/2023;13:36:00;275;Com vítima;730,000;BR-116/BA;Decrescente;Capotamento;1;0;0;1;0;0;2
28/01/2023;19:49:00;450;Com vítima;756,000;BR-116/BA;Decrescente;Colisão lateral no mesmo sentido;1;0;1;0;0;0;1
29/01/2023;14:48:00;274;Com vítima;760,000;BR-116/BA;Crescente;Colisão traseira;1;0;1;0;0;0;1
29/01/2023;15:25:00;309;Com vítima;687,000;BR-116/BA;Decrescente;Colisão traseira;1;0;1;1;0;0;2
30/01/2023;07:03:00;174;Sem vítima;523,000;BR-324/BA;Crescente;Colisão traseira;1;0;0;0;0;0;1
30/01/2023;13:13:00;334;Com vítima;875,000;BR-116/BA;Decrescente;Saída de pista;1;0;1;0;0;0;1
30/01/2023;13:49:00;349;Sem vítima;540,000;BR-324/BA;Crescente;Colisão lateral no mesmo sentido;1;0;0;0;0;0;1
31/01/2023;21:52:00;498;Sem vítima;864,000;BR-116/BA;Crescente;Saída de pista;1;0;0;0;0;0;1
01/02/2023;02:08:00;45;Sem vítima;672,000;BR-116/BA;Decrescente;Colisão traseira;1;0;0;0;0;0;1
01/02/2023;05:15:00;57;Sem vítima;748,000;BR-116/BA;Decrescente;Saída de pista;1;0;0;0;0;0;1
01/02/2023;09:31:00;186;Sem vítima;613,000;BR-324/BA;Crescente;Colisão traseira;1;0;0;0;0;0;1
01/02/2023;18:01:00;393;Sem vítima;815,000;BR-116/BA;Decrescente;Colisão traseira;1;0;0;0;0;0;1
02/02/2023;16:44:00;344;Sem vítima;536,000;BR-324/BA;Decrescente;Colisão traseira;2;0;0;0;0;0;1
02/02/2023;23:56:00;472;Com vítima;616,000;BR-116/BA;Decrescente;Capotamento;1;0;1;0;0;0;1
03/02/2023;06:12:00;93;Sem vítima;658,000;BR-116/BA;Crescente;Colisão traseira;2;0;0;0;0;0;1
03/02/2023;10:20:00;198;Sem vítima;604,000;BR-324/BA;Decrescente;Colisão traseira;1;0;0;0;0;0;1
03/02/2023;16:13:00;357;Com vítima;911,000;BR-116/BA;Decrescente;Colisão transversal;1;0;0;1;0;1;3
04/02/2023;11:00:00;124;Sem vítima;773,000;BR-116/BA;Decrescente;Colisão traseira;2;0;0;0;0;0;1
05/02/2023;06:16:00;44;Sem vítima;17,000;CONTORNO - VC/BA;Decrescente;Colisão lateral no mesmo sentido;1;0;0;0;0;0;1
05/02/2023;14:48:00;215;Sem vítima;710,000;BR-116/BA;Decrescente;Colisão traseira;2;0;0;0;0;0;1
06/02/2023;00:00:00;229;Sem vítima;577,000;BR-116/BA;Crescente;Colisão lateral no mesmo sentido;1;0;0;0;0;0;1
06/02/2023;11:58:00;222;Sem vítima;725,000;BR-116/BA;Decrescente;Saída de pista;1;0;0;0;0;0;1
07/02/2023;00:00:00;182;Sem vítima;594,000;BR-116/BA;Crescente;Saída de pista;1;0;0;0;0;0;1
07/02/2023;07:15:00;102;Sem vítima;736,000;BR-116/BA;Decrescente;Capotamento;1;0;0;0;0;0;1
07/02/2023;10:57:00;212;Sem vítima;870,000;BR-116/BA;Decrescente;Colisão lateral no mesmo sentido;1;0;0;0;0;0;1
08/02/2023;04:44:00;59;Sem vítima;883,000;BR-116/BA;Crescente;Saída de pista;1;0;0;0;0;0;1
09/02/2023;17:36:00;432;Sem vítima;855,000;BR-116/BA;Decrescente;Colisão traseira;2;0;0;0;0;0;1
09/02/2023;19:19:00;493;Com vítima;559,000;BR-324/BA;Decrescente;Colisão transversal;1;0;1;0;0;0;1
09/02/2023;20:44:00;535;Com vítima;535,000;BR-324/BA;Decrescente;Colisão traseira;2;0;1;0;0;0;1
10/02/2023;11:22:00;224;Sem vítima;640,000;BR-116/BA;Decrescente;Acidentes de outra natureza;3;0;0;0;0;0;1
10/02/2023;11:30:00;233;Sem vítima;626,000;BR-324/BA;Crescente;Colisão traseira;1;0;0;0;0;0;1
10/02/2023;12:18:00;250;Sem vítima;0,000;CONTORNO SUL  - FS/BA;Crescente;Colisão lateral no mesmo sentido;1;0;0;0;0;0;1
10/02/2023;14:06:00;277;Sem vítima;529,000;BR-116/BA;Crescente;Capotamento;1;0;0;0;0;0;1
10/02/2023;15:03:00;328;Com vítima;778,000;BR-116/BA;Decrescente;Colisão traseira;1;0;3;0;0;0;1
11/02/2023;05:48:00;85;Sem vítima;726,000;BR-116/BA;Decrescente;Colisão lateral no mesmo sentido;2;0;0;0;0;0;1
11/02/2023;07:56:00;148;Sem vítima;807,000;BR-116/BA;Crescente;Saída de pista;1;0;0;0;0;0;1
11/02/2023;09:39:00;187;Sem vítima;721,000;BR-116/BA;Crescente;Colisão traseira;1;0;0;0;0;0;1
11/02/2023;19:10:00;436;Com vítima;855,000;BR-116/BA;Decrescente;Colisão frontal;1;0;0;0;0;1;3
11/02/2023;20:39:00;454;Com vítima;598,000;BR-116/BA;Crescente;Saída de pista;1;0;1;0;0;0;1
12/02/2023;11:54:00;180;Sem vítima;777,000;BR-116/BA;Decrescente;Colisão traseira;1;0;0;0;0;0;1
12/02/2023;15:55:00;273;Sem vítima;534,000;BR-116/BA;Crescente;Saída de pista;1;0;0;0;0;0;1
13/02/2023;09:24:00;224;Com vítima;613,000;BR-324/BA;Crescente;Colisão lateral no mesmo sentido;1;0;1;0;0;0;1
13/02/2023;09:49:00;232;Sem vítima;672,000;BR-116/BA;Decrescente;Acidentes de outra natureza;2;0;0;0;0;0;1
13/02/2023;10:10:00;184;Sem vítima;579,000;BR-324/BA;Decrescente;Colisão lateral no mesmo sentido;1;0;0;0;0;0;1
15/02/2023;07:43:00;155;Sem vítima;575,000;BR-324/BA;Crescente;Saída de pista;1;0;0;0;0;0;1
15/02/2023;13:27:00;269;Sem vítima;545,000;BR-324/BA;Decrescente;Colisão traseira;2;0;0;0;0;0;1
15/02/2023;16:27:00;374;Sem vítima;732,000;BR-116/BA;Crescente;Colisão traseira;2;0;0;0;0;0;1
16/02/2023;14:23:00;332;Com vítima;15,000;CONTORNO - VC/BA;Decrescente;Colisão traseira;1;0;0;1;0;0;2
16/02/2023;17:43:00;445;Sem vítima;537,000;BR-324/BA;Decrescente;Colisão traseira;1;0;0;0;0;0;1
17/02/2023;19:21:00;502;Sem vítima;441,000;BR-116/BA;Crescente;Capotamento;1;0;0;0;0;0;1
18/02/2023;13:55:00;255;Com vítima;648,000;BR-116/BA;Crescente;Saída de pista;1;0;0;1;0;0;2
18/02/2023;18:59:00;366;Com vítima;919,000;BR-116/BA;Decrescente;Colisão frontal;1;0;0;0;0;0;1
19/02/2023;09:44:00;131;Sem vítima;547,000;BR-324/BA;Crescente;Capotamento;1;0;0;0;0;0;1
20/02/2023;13:40:00;206;Com vítima;736,000;BR-116/BA;Decrescente;Capotamento;1;0;1;0;0;0;1
20/02/2023;20:40:00;356;Sem vítima;497,000;BR-116/BA;Crescente;Colisão traseira;1;0;0;0;0;0;1
22/02/2023;12:33:00;243;Com vítima;596,000;BR-324/BA;Decrescente;Colisão transversal;1;0;0;0;0;0;1
23/02/2023;00:00:00;274;Sem vítima;919,000;BR-116/BA;Crescente;Capotamento;1;0;0;0;0;0;1
23/02/2023;02:31:00;46;Sem vítima;559,000;BR-324/BA;Crescente;Colisão lateral no mesmo sentido;1;0;0;0;0;0;1
23/02/2023;21:42:00;485;Sem vítima;775,000;BR-116/BA;Decrescente;Capotamento;1;0;0;0;0;0;1
24/02/2023;19:07:00;468;Sem vítima;831,000;BR-116/BA;Decrescente;Atropelamento de animal;1;0;0;0;0;0;1
24/02/2023;20:23:00;483;Sem vítima;518,000;BR-324/BA;Decrescente;Capotamento;1;0;0;0;0;0;1
26/02/2023;08:28:00;126;Com vítima;914,000;BR-116/BA;Decrescente;Capotamento;1;0;0;0;1;0;2
27/02/2023;15:47:00;331;Sem vítima;564,000;BR-324/BA;Decrescente;Colisão lateral no mesmo sentido;1;0;0;0;0;0;1
27/02/2023;22:29:00;484;Sem vítima;599,000;BR-324/BA;Crescente;Colisão traseira;1;0;0;0;0;0;1
02/03/2023;14:00:00;288;Sem vítima;538,000;BR-324/BA;Crescente;Queda de moto;1;0;0;0;0;0;1
03/03/2023;06:00:00;84;Com vítima;19,000;CONTORNO - VC/BA;Decrescente;Colisão frontal;1;0;0;0;0;0;1
03/03/2023;16:39:00;338;Com vítima;696,000;BR-116/BA;Crescente;Capotamento;1;0;0;0;0;1;3
04/03/2023;00:45:00;28;Sem vítima;614,000;BR-324/BA;Decrescente;Colisão frontal;1;0;0;0;0;0;1
04/03/2023;05:28:00;94;Sem vítima;449,000;BR-116/BA;Decrescente;Queda de moto;1;0;0;0;0;0;1
05/03/2023;16:21:00;326;Com vítima;526,000;BR-324/BA;Crescente;Colisão traseira;1;0;0;0;1;0;2
06/03/2023;07:12:00;124;Sem vítima;615,000;BR-324/BA;Crescente;Colisão traseira;1;0;0;0;0;0;1
07/03/2023;01:51:00;2;Sem vítima;520,000;BR-116/BA;Decrescente;Atropelamento de animal;1;0;0;0;0;0;1
07/03/2023;05:53:00;44;Com vítima;483,000;BR-116/BA;Decrescente;Saída de pista;1;0;1;0;0;1;3
07/03/2023;20:47:00;367;Com vítima;5,000;CONTORNO SUL  - FS/BA;Crescente;Colisão lateral no mesmo sentido;1;0;1;0;0;0;1
08/03/2023;09:21:00;153;Sem vítima;728,000;BR-116/BA;Crescente;Colisão traseira;1;0;0;0;0;0;1
08/03/2023;13:17:00;219;Sem vítima;912,000;BR-116/BA;Decrescente;Colisão lateral no mesmo sentido;1;0;0;0;0;0;1
09/03/2023;08:19:00;172;Com vítima;519,000;BR-324/BA;Decrescente;Acidentes de outra natureza;2;0;2;0;0;0;1
09/03/2023;11:41:00;293;Sem vítima;786,000;BR-116/BA;Decrescente;Colisão traseira;1;0;0;0;0;0;1
10/03/2023;05:06:00;93;Sem vítima;872,000;BR-116/BA;Decrescente;Capotamento;1;0;0;0;0;0;1
10/03/2023;12:17:00;215;Sem vítima;560,000;BR-324/BA;Decrescente;Saída de pista;1;0;0;0;0;0;1
10/03/2023;16:50:00;372;Sem vítima;9,000;526/BA;Decrescente;Colisão traseira;1;0;0;0;0;0;1
11/03/2023;09:59:00;159;Sem vítima;555,000;BR-116/BA;Decrescente;Saída de pista;1;0;0;0;0;0;1
11/03/2023;12:27:00;216;Sem vítima;925,000;BR-116/BA;Decrescente;Saída de pista;1;0;0;0;0;0;1
11/03/2023;13:54:00;229;Com vítima;574,000;BR-324/BA;Crescente;Colisão traseira;1;0;1;0;0;0;1
11/03/2023;14:44:00;250;Com vítima;842,000;BR-116/BA;Crescente;Colisão lateral no mesmo sentido;1;0;0;0;0;0;1
12/03/2023;21:02:00;472;Sem vítima;551,000;BR-324/BA;Crescente;Colisão traseira;1;0;0;0;0;0;1
12/03/2023;21:22:00;474;Sem vítima;533,000;BR-324/BA;Decrescente;Colisão traseira;1;0;0;0;0;0;1
13/03/2023;14:50:00;361;Sem vítima;532,000;BR-324/BA;Decrescente;Choque;1;0;0;0;0;0;1
15/03/2023;02:32:00;57;Sem vítima;528,000;BR-116/BA;Decrescente;Colisão traseira;1;0;0;0;0;0;1
15/03/2023;08:58:00;153;Sem vítima;621,000;BR-324/BA;Crescente;Colisão traseira;1;0;0;0;0;0;1
16/03/2023;10:14:00;185;Sem vítima;736,000;BR-116/BA;Decrescente;Capotamento;1;0;0;0;0;0;1
17/03/2023;13:03:00;273;Sem vítima;908,000;BR-116/BA;Crescente;Colisão lateral no mesmo sentido;1;0;0;0;0;0;1
17/03/2023;19:10:00;466;Com vítima;855,000;BR-116/BA;Crescente;Colisão transversal;1;0;0;0;0;0;1
18/03/2023;16:04:00;328;Com vítima;817,000;BR-116/BA;Decrescente;Colisão transversal;1;0;0;1;0;0;2
18/03/2023;17:26:00;341;Sem vítima;928,000;BR-116/BA;Crescente;Colisão traseira;1;0;0;0;0;0;1
19/03/2023;00:00:00;209;Sem vítima;465,000;BR-116/BA;Crescente;Colisão traseira;1;0;0;0;0;0;1
19/03/2023;09:00:00;157;Sem vítima;931,000;BR-116/BA;Crescente;Colisão traseira;1;0;0;0;0;0;1
19/03/2023;16:27:00;318;Com vítima;913,000;BR-116/BA;Decrescente;Colisão traseira;1;0;0;1;0;0;2
21/03/2023;16:25:00;381;Sem vítima;533,000;BR-324/BA;Decrescente;Saída de pista;1;1;0;0;0;0;1
21/03/2023;21:26:00;517;Sem vítima;530,000;BR-324/BA;Decrescente;Saída de pista;1;1;0;0;0;0;1
22/03/2023;04:49:00;90;Com vítima;760,000;BR-116/BA;Crescente;Colisão traseira;1;0;1;0;0;0;1
22/03/2023;08:31:00;169;Sem vítima;584,000;BR-116/BA;Decrescente;Saída de pista;1;1;0;0;0;0;1
24/03/2023;22:32:00;489;Sem vítima;741,000;BR-116/BA;Crescente;Colisão lateral no mesmo sentido;1;2;0;0;0;0;1
25/03/2023;06:11:00;99;Sem vítima;709,000;BR-116/BA;Decrescente;Colisão traseira;1;1;0;0;0;0;1
26/03/2023;09:24:00;177;Sem vítima;584,000;BR-116/BA;Decrescente;Acidentes de outra natureza;1;1;0;0;0;0;1
26/03/2023;16:58:00;333;Sem vítima;503,000;BR-116/BA;Decrescente;Capotamento;1;1;0;0;0;0;1
27/03/2023;15:42:00;397;Sem vítima;7,000;CONTORNO - VC/BA;Crescente;Colisão traseira;1;1;0;0;0;0;1
27/03/2023;21:43:00;548;Sem vítima;579,000;BR-324/BA;Crescente;Saída de pista;1;1;0;0;0;0;1
28/03/2023;08:24:00;200;Sem vítima;623,000;BR-324/BA;Crescente;Acidentes de outra natureza;1;1;0;0;0;0;1
29/03/2023;10:29:00;297;Com vítima;613,000;BR-324/BA;Decrescente;Acidentes de outra natureza;1;1;0;0;0;0;1
01/04/2023;05:02:00;97;Sem vítima;568,000;BR-116/BA;Crescente;Saída de pista;1;1;0;0;0;0;1
01/04/2023;07:20:00;124;Sem vítima;589,000;BR-324/BA;Crescente;Colisão traseira;1;1;0;0;0;0;1
02/04/2023;10:15:00;185;Sem vítima;584,000;BR-116/BA;Decrescente;Colisão lateral no mesmo sentido;1;1;0;0;0;0;1
02/04/2023;16:04:00;327;Sem vítima;837,000;BR-116/BA;Decrescente;Colisão traseira;1;1;0;0;0;0;1
03/04/2023;12:15:00;268;Sem vítima;521,000;BR-324/BA;Decrescente;Capotamento;1;1;0;0;0;0;1
03/04/2023;19:14:00;506;Com vítima;620,000;BR-324/BA;Decrescente;Choque;1;1;0;0;0;0;1
04/04/2023;13:39:00;305;Sem vítima;565,000;BR-324/BA;Crescente;Capotamento;1;1;0;0;0;0;1
06/04/2023;05:10:00;88;Sem vítima;910,000;BR-116/BA;Decrescente;Colisão traseira;1;1;0;0;0;0;1
06/04/2023;06:27:00;107;Sem vítima;590,000;BR-324/BA;Decrescente;Saída de pista;1;1;0;0;0;0;1
07/04/2023;12:05:00;250;Sem vítima;870,000;BR-116/BA;Decrescente;Colisão traseira;1;1;0;0;0;0;1
08/04/2023;11:48:00;181;Sem vítima;865,000;BR-116/BA;Crescente;Colisão traseira;1;1;0;0;0;0;1
10/04/2023;07:21:00;144;Sem vítima;572,000;BR-116/BA;Crescente;Colisão lateral no mesmo sentido;1;1;0;0;0;0;1
10/04/2023;08:22:00;183;Com vítima;612,000;BR-324/BA;Decrescente;Queda de moto;1;1;0;0;0;0;1
10/04/2023;18:53:00;483;Sem vítima;601,000;BR-116/BA;Crescente;Queda de moto;1;2;0;0;0;0;1
12/04/2023;07:47:00;154;Com vítima;747,000;BR-116/BA;Decrescente;Saída de pista;1;0;0;1;0;0;2
12/04/2023;15:43:00;379;Sem vítima;532,000;BR-324/BA;Crescente;Capotamento;1;1;0;0;0;0;1
12/04/2023;18:56:00;449;Com vítima;29,000;CONTORNO - VC/BA;Crescente;Colisão lateral no mesmo sentido;1;1;0;0;0;0;1
13/04/2023;11:46:00;276;Sem vítima;877,000;BR-116/BA;Crescente;Colisão traseira;1;1;0;0;0;0;1
13/04/2023;17:26:00;428;Sem vítima;521,000;BR-324/BA;Crescente;Colisão lateral no mesmo sentido;1;1;0;0;0;0;1
14/04/2023;15:45:00;425;Sem vítima;659,000;BR-116/BA;Decrescente;Capotamento;1;1;0;0;0;0;1
14/04/2023;17:10:00;473;Com vítima;493,000;BR-116/BA;Crescente;Colisão traseira;1;1;0;0;0;0;1
15/04/2023;08:37:00;175;Sem vítima;8,000;526/BA;Crescente;Colisão traseira;1;1;0;0;0;0;1
15/04/2023;12:46:00;248;Sem vítima;590,000;BR-324/BA;Decrescente;Colisão traseira;1;1;0;0;0;0;1
15/04/2023;14:02:00;376;Sem vítima;865,000;BR-116/BA;Decrescente;Colisão lateral no mesmo sentido;1;1;0;0;0;0;1
15/04/2023;14:35:00;317;Sem vítima;532,000;BR-116/BA;Crescente;Colisão traseira;1;1;0;0;0;0;1
18/04/2023;17:37:00;409;Sem vítima;608,000;BR-324/BA;Decrescente;Colisão lateral no mesmo sentido;1;1;0;0;0;0;1