data;horario;n_da_ocorrencia;tipo_de_ocorrencia;km;trecho;sentido;tipo_de_acidente;caminhao;ilesos;levemente_feridos;moderadamente_feridos;gravemente_feridos;mortos;3
19/04/2023;13:21:00;255;Com vítima;545,000;BR-324/BA;Decrescente;Colisão transversal;1;1;0;0;0;0;1
20/04/2023;16:10:00;395;Sem vítima;633,000;BR-116/BA;Decrescente;Choque;1;1;0;0;0;0;1
20/04/2023;19:31:00;460;Sem vítima;817,000;BR-116/BA;Decrescente;Capotamento;1;1;0;0;0;0;1
21/04/2023;04:35:00;78;Sem vítima;931,000;BR-116/BA;Crescente;Colisão traseira;1;1;0;0;0;0;1
21/04/2023;05:14:00;81;Sem vítima;511,000;BR-116/BA;Decrescente;Saída de pista;1;1;0;0;0;0;1
21/04/2023;14:53:00;328;Sem vítima;549,000;BR-324/BA;Crescente;Saída de pista;1;1;0;0;0;0;1
21/04/2023;16:26:00;354;Sem vítima;494,000;BR-116/BA;Crescente;Colisão traseira;1;1;0;0;0;0;1
23/04/2023;12:45:00;204;Sem vítima;838,000;BR-116/BA;Crescente;Saída de pista;1;1;0;0;0;0;1
23/04/2023;13:12:00;207;Sem vítima;719,000;BR-116/BA;Crescente;Colisão traseira;1;1;0;0;0;0;1
24/04/2023;18:46:00;439;Com vítima;528,000;BR-324/BA;Decrescente;Colisão traseira;1;1;0;0;0;0;1
26/04/2023;17:28:00;352;Sem vítima;532,000;BR-324/BA;Decrescente;Colisão lateral no mesmo sentido;1;1;0;0;0;0;1
26/04/2023;17:41:00;356;Com vítima;533,000;BR-324/BA;Decrescente;Acidentes de outra natureza;1;1;0;0;0;0;1
27/04/2023;02:28:00;45;Sem vítima;431,000;BR-116/BA;Crescente;Colisão traseira;1;1;0;0;0;0;1
28/04/2023;08:11:00;196;Sem vítima;744,000;BR-116/BA;Decrescente;Colisão lateral no mesmo sentido;1;1;0;0;0;0;1
28/04/2023;09:41:00;231;Sem vítima;616,000;BR-324/BA;Crescente;Capotamento;1;1;0;0;0;0;1
28/04/2023;12:23:00;291;Sem vítima;608,000;BR-324/BA;Decrescente;Acidentes de outra natureza;1;1;0;0;0;0;1
28/04/2023;15:41:00;341;Sem vítima;613,000;BR-116/BA;Crescente;Colisão traseira;1;1;0;0;0;0;1
28/04/2023;22:57:00;435;Com vítima;921,000;BR-116/BA;Decrescente;Saída de pista;1;0;0;1;0;0;2
30/04/2023;14:45:00;286;Sem vítima;683,000;BR-116/BA;Decrescente;Capotamento;1;1;0;0;0;0;1
01/05/2023;06:58:00;110;Sem vítima;925,000;BR-116/BA;Crescente;Saída de pista;1;1;0;0;0;0;1
02/05/2023;02:48:00;64;Sem vítima;569,000;BR-324/BA;Crescente;Saída de pista;1;1;0;0;0;0;1
03/05/2023;08:16:00;135;Sem vítima;616,000;BR-324/BA;Decrescente;Choque;1;1;0;0;0;0;1
03/05/2023;11:25:00;221;Sem vítima;427,000;BR-116/BA;Decrescente;Capotamento;1;1;0;0;0;0;1
03/05/2023;17:19:00;373;Com vítima;593,000;BR-324/BA;Decrescente;Colisão traseira;1;1;0;0;0;0;1
04/05/2023;15:23:00;277;Sem vítima;584,000;BR-324/BA;Decrescente;Colisão traseira;1;1;0;0;0;0;1
04/05/2023;23:52:00;421;Com vítima;930,000;BR-116/BA;Crescente;Colisão traseira;1;1;0;0;0;0;1
05/05/2023;03:03:00;22;Sem vítima;481,000;BR-116/BA;Crescente;Colisão traseira;1;1;0;0;0;0;1
06/05/2023;15:11:00;287;Sem vítima;923,000;BR-116/BA;Decrescente;Capotamento;1;1;0;0;0;0;1
07/05/2023;16:16:00;383;Com vítima;880,000;BR-116/BA;Crescente;Saída de pista;1;0;1;0;0;0;1
08/05/2023;13:37:00;386;Sem vítima;623,000;BR-324/BA;Decrescente;Colisão traseira;1;1;0;0;0;0;1
09/05/2023;16:14:00;354;Sem vítima;698,000;BR-116/BA;Decrescente;Colisão lateral no mesmo sentido;1;1;0;0;0;0;1
10/05/2023;07:43:00;150;Sem vítima;525,000;BR-324/BA;Decrescente;Acidentes de outra natureza;1;1;0;0;0;0;1
10/05/2023;09:37:00;241;Sem vítima;533,000;BR-324/BA;Crescente;Colisão lateral no mesmo sentido;1;1;0;0;0;0;1
10/05/2023;12:30:00;304;Sem vítima;620,000;BR-324/BA;Crescente;Colisão lateral no mesmo sentido;1;1;0;0;0;0;1
10/05/2023;15:25:00;400;Com vítima;573,000;BR-324/BA;Crescente;Colisão traseira;1;1;0;0;0;0;1
10/05/2023;23:32:00;532;Sem vítima;675,000;BR-116/BA;Crescente;Atropelamento de animal;1;1;0;0;0;0;1
11/05/2023;01:50:00;46;Sem vítima;561,000;BR-324/BA;Crescente;Saída de pista;1;1;0;0;0;0;1
12/05/2023;06:20:00;94;Sem vítima;495,000;BR-116/BA;Decrescente;Colisão lateral no mesmo sentido;1;1;0;0;0;0;1
12/05/2023;07:48:00;140;Com vítima;524,000;BR-324/BA;Crescente;Colisão traseira;1;0;1;0;0;0;1
13/05/2023;05:19:00;92;Sem vítima;584,000;BR-116/BA;Crescente;Colisão lateral no mesmo sentido;1;1;0;0;0;0;1
13/05/2023;08:09:00;133;Com vítima;800,000;BR-116/BA;Decrescente;Colisão lateral no mesmo sentido;1;0;1;0;0;0;1
13/05/2023;11:16:00;194;Sem vítima;582,000;BR-116/BA;Decrescente;Queda de moto;1;1;0;0;0;0;1
13/05/2023;17:46:00;368;Sem vítima;534,000;BR-116/BA;Crescente;Colisão lateral no mesmo sentido;1;1;0;0;0;0;1
13/05/2023;22:09:00;443;Sem vítima;836,000;BR-116/BA;Crescente;Colisão transversal;1;1;0;0;0;0;1
14/05/2023;18:00:00;284;Com vítima;733,000;BR-116/BA;Decrescente;Colisão frontal;1;1;0;0;0;0;1
16/05/2023;12:36:00;274;Sem vítima;581,000;BR-324/BA;Decrescente;Colisão lateral no mesmo sentido;1;1;0;0;0;0;1
17/05/2023;10:05:00;227;Sem vítima;894,000;BR-116/BA;Crescente;Saída de pista;1;1;0;0;0;0;1
17/05/2023;10:22:00;232;Com vítima;827,000;BR-116/BA;Crescente;Colisão transversal;1;0;2;0;0;0;1
17/05/2023;15:33:00;368;Sem vítima;673,000;BR-116/BA;Decrescente;Colisão traseira;1;1;0;0;0;0;1
18/05/2023;13:39:00;303;Sem vítima;533,000;BR-324/BA;Decrescente;Tombamento;1;1;0;0;0;0;1
19/05/2023;18:53:00;493;Sem vítima;519,000;BR-324/BA;Decrescente;Colisão traseira;1;1;0;0;0;0;1
21/05/2023;14:00:00;232;Com vítima;912,000;BR-116/BA;Decrescente;Colisão transversal;1;1;0;0;0;0;1
21/05/2023;16:48:00;310;Sem vítima;560,000;BR-324/BA;Decrescente;Tombamento;1;1;0;0;0;0;1
22/05/2023;06:15:00;98;Sem vítima;647,000;BR-116/BA;Crescente;Saída de pista;1;1;0;0;0;0;1
22/05/2023;11:03:00;240;Sem vítima;701,000;BR-116/BA;Decrescente;Tombamento;1;1;0;0;0;0;1
22/05/2023;11:40:00;264;Sem vítima;528,000;BR-116/BA;Decrescente;Colisão traseira;1;1;0;0;0;0;1
23/05/2023;15:56:00;360;Sem vítima;573,000;BR-324/BA;Crescente;Colisão traseira;1;1;0;0;0;0;1
24/05/2023;15:54:00;376;Sem vítima;568,000;BR-324/BA;Decrescente;Engavetamento;1;1;0;0;0;0;1
27/05/2023;07:02:00;114;Sem vítima;487,000;BR-116/BA;Decrescente;Saída de pista;1;1;0;0;0;0;1
27/05/2023;07:32:00;148;Sem vítima;773,000;BR-116/BA;Crescente;Saída de pista;1;1;0;0;0;0;1
27/05/2023;10:46:00;189;Sem vítima;533,000;BR-324/BA;Decrescente;Colisão lateral no mesmo sentido;1;1;0;0;0;0;1
30/05/2023;14:29:00;305;Com vítima;573,000;BR-324/BA;Decrescente;Tombamento;1;0;1;0;0;0;1
30/05/2023;16:24:00;363;Sem vítima;591,000;BR-324/BA;Crescente;Engavetamento;1;1;0;0;0;0;1
30/05/2023;19:32:00;448;Sem vítima;704,000;BR-116/BA;Crescente;Atropelamento de animal;1;1;0;0;0;0;1
31/05/2023;17:01:00;419;Sem vítima;786,000;BR-116/BA;Decrescente;Saída de pista;1;1;0;0;0;0;1
31/05/2023;17:35:00;429;Sem vítima;791,000;BR-116/BA;Crescente;Colisão traseira;1;1;0;0;0;0;1
31/05/2023;23:36:00;550;Com vítima;559,000;BR-324/BA;Decrescente;Tombamento;1;0;0;1;0;0;2
02/06/2023;08:39:00;174;Sem vítima;817,000;BR-116/BA;Decrescente;Tombamento;1;1;0;0;0;0;1
02/06/2023;19:21:00;444;Com vítima;448,000;BR-116/BA;Crescente;Colisão traseira;1;1;0;0;0;0;1
05/06/2023;11:01:00;224;Sem vítima;604,000;BR-324/BA;Crescente;Colisão traseira;1;1;0;0;0;0;1
06/06/2023;11:03:00;245;Com vítima;614,000;BR-116/BA;Decrescente;Colisão frontal;1;0;1;0;0;0;1
07/06/2023;06:26:00;120;Com vítima;517,000;BR-116/BA;Crescente;Colisão traseira;1;1;0;0;0;0;1
07/06/2023;06:37:00;126;Sem vítima;518,000;BR-324/BA;Decrescente;Colisão traseira;1;1;0;0;0;0;1
10/06/2023;09:00:00;192;Sem vítima;642,000;BR-116/BA;Crescente;Colisão lateral no mesmo sentido;1;1;0;0;0;0;1
11/06/2023;09:38:00;185;Com vítima;598,000;BR-116/BA;Crescente;Acidentes de outra natureza;1;1;0;0;0;0;1
12/06/2023;11:49:00;288;Com vítima;3,000;CONTORNO SUL  - FS/BA;Crescente;Acidentes de outra natureza;1;1;0;0;0;0;1
13/06/2023;06:46:00;103;Sem vítima;583,000;BR-324/BA;Crescente;Saída de pista;1;1;0;0;0;0;1
13/06/2023;07:02:00;109;Sem vítima;569,000;BR-324/BA;Crescente;Saída de pista;1;1;0;0;0;0;1
13/06/2023;17:03:00;349;Sem vítima;545,000;BR-324/BA;Decrescente;Colisão traseira;1;1;0;0;0;0;1
14/06/2023;13:09:00;235;Sem vítima;608,000;BR-324/BA;Decrescente;Saída de pista;1;1;0;0;0;0;1
15/06/2023;11:07:00;202;Sem vítima;685,000;BR-116/BA;Crescente;Colisão traseira;1;1;0;0;0;0;1
17/06/2023;00:00:00;548;Sem vítima;555,000;BR-116/BA;Decrescente;Saída de pista;1;2;0;0;0;0;1
17/06/2023;17:26:00;428;Com vítima;814,000;BR-116/BA;Decrescente;Colisão traseira;1;0;1;0;0;0;1
19/06/2023;09:38:00;132;Com vítima;602,000;BR-116/BA;Crescente;Tombamento;1;0;1;0;0;0;1
19/06/2023;11:21:00;237;Sem vítima;533,000;BR-324/BA;Decrescente;Saída de pista;1;1;0;0;0;0;1
19/06/2023;12:04:00;241;Sem vítima;589,000;BR-324/BA;Decrescente;Colisão lateral no mesmo sentido;1;1;0;0;0;0;1
20/06/2023;12:49:00;245;Sem vítima;533,000;BR-324/BA;Decrescente;Colisão traseira;1;1;0;0;0;0;1
21/06/2023;09:57:00;205;Sem vítima;1,000;526/BA;Crescente;Tombamento;1;0;0;0;0;0;1
21/06/2023;11:25:00;239;Sem vítima;557,000;BR-324/BA;Decrescente;Saída de pista;1;0;0;0;0;0;1
21/06/2023;16:21:00;346;Sem vítima;683,000;BR-116/BA;Decrescente;Tombamento;1;1;0;0;0;0;1
22/06/2023;00:02:00;1;Com vítima;568,000;BR-324/BA;Decrescente;Tombamento;1;0;0;1;0;0;2
22/06/2023;12:52:00;307;Sem vítima;720,000;BR-116/BA;Crescente;Colisão lateral no mesmo sentido;1;1;0;0;0;0;1
23/06/2023;07:42:00;108;Sem vítima;835,000;BR-116/BA;Decrescente;Saída de pista;1;2;0;0;0;0;1
24/06/2023;06:45:00;133;Sem vítima;900,000;BR-116/BA;Crescente;Colisão traseira;1;1;0;0;0;0;1
25/06/2023;07:44:00;128;Com vítima;749,000;BR-116/BA;Decrescente;Saída de pista;1;0;1;0;0;0;1
26/06/2023;09:59:00;135;Com vítima;785,000;BR-116/BA;Decrescente;Saída de pista;1;0;1;0;0;0;1
27/06/2023;09:19:00;122;Sem vítima;872,000;BR-116/BA;Crescente;Saída de pista;1;1;0;0;0;0;1
27/06/2023;23:41:00;465;Com vítima;576,000;BR-324/BA;Crescente;Saída de pista;1;0;1;0;0;0;1
29/06/2023;03:25:00;47;Sem vítima;755,000;BR-116/BA;Crescente;Colisão lateral no mesmo sentido;1;1;0;0;0;0;1
29/06/2023;10:31:00;186;Sem vítima;10,000;CONTORNO - VC/BA;Crescente;Saída de pista;1;1;0;0;0;0;1
29/06/2023;21:54:00;439;Sem vítima;554,000;BR-324/BA;Crescente;Saída de pista;1;1;0;0;0;0;1
02/07/2023;03:55:00;62;Sem vítima;553,000;BR-324/BA;Decrescente;Saída de pista;1;1;0;0;0;0;1
02/07/2023;06:14:00;82;Com vítima;529,000;BR-116/BA;Crescente;Saída de pista;1;0;0;1;0;0;2
02/07/2023;09:18:00;169;Sem vítima;560,000;BR-324/BA;Decrescente;Colisão lateral no mesmo sentido;1;1;0;0;0;0;1
05/07/2023;06:06:00;81;Sem vítima;565,000;BR-324/BA;Crescente;Colisão traseira;1;1;0;0;0;0;1
05/07/2023;12:06:00;223;Sem vítima;740,000;BR-116/BA;Crescente;Colisão traseira;1;1;0;0;0;0;1
06/07/2023;06:18:00;99;Sem vítima;735,000;BR-116/BA;Decrescente;Tombamento;1;1;0;0;0;0;1
07/07/2023;00:00:00;102;Sem vítima;520,000;BR-324/BA;Decrescente;Colisão traseira;1;1;0;0;0;0;1
07/07/2023;21:40:00;535;Com vítima;673,000;BR-116/BA;Decrescente;Colisão lateral no mesmo sentido;1;2;0;0;0;0;1
08/07/2023;06:06:00;134;Com vítima;915,000;BR-116/BA;Crescente;Colisão traseira;1;1;0;0;0;0;1
08/07/2023;16:09:00;327;Sem vítima;508,000;BR-116/BA;Crescente;Tombamento;1;1;0;0;0;0;1
09/07/2023;05:38:00;99;Sem vítima;758,000;BR-116/BA;Crescente;Colisão traseira;1;1;0;0;0;0;1
09/07/2023;11:15:00;183;Sem vítima;658,000;BR-116/BA;Decrescente;Colisão traseira;1;1;0;0;0;0;1
09/07/2023;19:05:00;384;Sem vítima;531,000;BR-324/BA;Crescente;Colisão traseira;1;1;0;0;0;0;1
09/07/2023;20:18:00;399;Sem vítima;529,000;BR-116/BA;Crescente;Engavetamento;1;1;0;0;0;0;1
12/07/2023;08:58:00;162;Sem vítima;571,000;BR-116/BA;Decrescente;Saída de pista;1;1;0;0;0;0;1
13/07/2023;14:14:00;295;Sem vítima;525,000;BR-324/BA;Decrescente;Colisão lateral no mesmo sentido;1;1;0;0;0;0;1
13/07/2023;21:54:00;462;Sem vítima;444,000;BR-116/BA;Decrescente;Saída de pista;1;1;0;0;0;0;1
14/07/2023;02:54:00;11;Sem vítima;584,000;BR-116/BA;Decrescente;Saída de pista;1;1;0;0;0;0;1
14/07/2023;04:44:00;17;Sem vítima;854,000;BR-116/BA;Crescente;Colisão lateral no mesmo sentido;1;1;0;0;0;0;1
14/07/2023;11:45:00;140;Sem vítima;913,000;BR-116/BA;Decrescente;Colisão lateral no mesmo sentido;1;1;0;0;0;0;1
14/07/2023;15:51:00;237;Sem vítima;580,000;BR-324/BA;Decrescente;Engavetamento;1;1;0;0;0;0;1
15/07/2023;00:04:00;1;Sem vítima;876,000;BR-116/BA;Crescente;Colisão traseira;1;2;0;0;0;0;1
15/07/2023;07:22:00;133;Sem vítima;910,000;BR-116/BA;Crescente;Colisão traseira;1;2;0;0;0;0;1
16/07/2023;09:49:00;116;Com vítima;644,000;BR-116/BA;Crescente;Saída de pista;1;0;0;1;0;0;2
17/07/2023;00:13:00;2;Sem vítima;664,000;BR-116/BA;Decrescente;Saída de pista;1;1;0;0;0;0;1
21/07/2023;22:03:00;503;Sem vítima;457,000;BR-116/BA;Decrescente;Saída de pista;1;1;0;0;0;0;1
22/07/2023;10:08:00;153;Sem vítima;931,000;BR-116/BA;Crescente;Colisão traseira;1;1;0;0;0;0;1
22/07/2023;10:55:00;158;Sem vítima;530,000;BR-116/BA;Crescente;Colisão traseira;1;1;0;0;0;0;1
22/07/2023;23:22:00;460;Com vítima;433,000;BR-116/BA;Decrescente;Saída de pista;1;0;1;0;0;0;1
24/07/2023;05:18:00;56;Sem vítima;805,000;BR-116/BA;Crescente;Colisão lateral no mesmo sentido;1;1;0;0;0;0;1
24/07/2023;13:41:00;236;Sem vítima;569,000;BR-324/BA;Crescente;Saída de pista;1;1;0;0;0;0;1
26/07/2023;00:00:00;291;Sem vítima;562,000;BR-324/BA;Decrescente;Colisão traseira;1;1;0;0;0;0;1
27/07/2023;04:40:00;69;Sem vítima;534,000;BR-324/BA;Decrescente;Saída de pista;1;1;0;0;0;0;1
27/07/2023;18:10:00;546;Com vítima;568,000;BR-116/BA;Crescente;Tombamento;1;0;1;0;0;0;1
27/07/2023;20:23:00;512;Sem vítima;537,000;BR-116/BA;Decrescente;Colisão lateral no mesmo sentido;1;1;0;0;0;0;1
28/07/2023;00:00:00;119;Sem vítima;594,000;BR-116/BA;Crescente;Colisão lateral no mesmo sentido;1;1;0;0;0;0;1
28/07/2023;04:58:00;97;Com vítima;749,000;BR-116/BA;Decrescente;Saída de pista;1;0;1;0;0;0;1
28/07/2023;05:57:00;104;Sem vítima;806,000;BR-116/BA;Crescente;Saída de pista;1;1;0;0;0;0;1
01/08/2023;20:20:00;485;Sem vítima;7,000;526/BA;Decrescente;Acidentes de outra natureza;1;0;0;0;0;0;1
02/08/2023;15:31:00;324;Com vítima;0,000;CONTORNO SUL  - FS/BA;Decrescente;Colisão lateral no mesmo sentido;1;0;0;0;0;0;1
07/08/2023;19:09:00;447;Com vítima;7,000;CONTORNO - VC/BA;Crescente;Acidentes de outra natureza;1;2;0;0;0;0;1
07/08/2023;19:28:00;453;Sem vítima;831,000;BR-116/BA;Decrescente;Colisão traseira;1;1;0;0;0;0;1
09/08/2023;18:06:00;387;Sem vítima;586,000;BR-116/BA;Crescente;Tombamento;1;1;0;0;0;0;1
09/08/2023;18:58:00;396;Sem vítima;831,000;BR-116/BA;Decrescente;Atropelamento de animal;1;1;0;0;0;0;1
10/08/2023;10:08:00;186;Sem vítima;683,000;BR-116/BA;Crescente;Choque;1;1;0;0;0;0;1
11/08/2023;00:07:00;21;Com vítima;895,000;BR-116/BA;Decrescente;Saída de pista;1;0;1;0;0;0;1
11/08/2023;05:51:00;70;Com vítima;715,000;BR-116/BA;Decrescente;Colisão frontal;1;1;0;0;0;0;1
11/08/2023;08:33:00;135;Sem vítima;7,000;CONTORNO SUL  - FS/BA;Decrescente;Tombamento;1;1;0;0;0;0;1
11/08/2023;09:02:00;147;Com vítima;644,000;BR-116/BA;Crescente;Saída de pista;1;0;0;1;0;0;2
11/08/2023;22:03:00;519;Com vítima;905,000;BR-116/BA;Decrescente;Colisão traseira;1;1;0;0;0;0;1
11/08/2023;23:03:00;535;Sem vítima;438,000;BR-116/BA;Crescente;Tombamento;1;1;0;0;0;0;1
12/08/2023;07:13:00;93;Sem vítima;694,000;BR-116/BA;Crescente;Colisão lateral no mesmo sentido;1;1;0;0;0;0;1
12/08/2023;10:19:00;163;Sem vítima;596,000;BR-324/BA;Decrescente;Saída de pista;1;1;0;0;0;0;1
12/08/2023;14:10:00;214;Sem vítima;526,000;BR-324/BA;Crescente;Colisão lateral no mesmo sentido;1;1;0;0;0;0;1
13/08/2023;14:42:00;224;Com vítima;543,000;BR-116/BA;Crescente;Colisão transversal;1;1;0;0;0;0;1
15/08/2023;07:03:00;127;Com vítima;534,000;BR-324/BA;Decrescente;Colisão traseira;1;1;1;0;0;0;1
16/08/2023;07:27:00;63;Com vítima;9,000;CONTORNO - VC/BA;Decrescente;Acidentes de outra natureza;1;2;0;0;0;0;1
16/08/2023;08:14:00;78;Sem vítima;562,000;BR-324/BA;Decrescente;Engavetamento;1;4;0;0;0;0;1
17/08/2023;19:05:00;427;Sem vítima;617,000;BR-324/BA;Decrescente;Saída de pista;1;1;0;0;0;0;1
18/08/2023;06:17:00;86;Sem vítima;832,000;BR-116/BA;Crescente;Colisão traseira;1;2;0;0;0;0;1
18/08/2023;08:13:00;127;Com vítima;11,000;CONTORNO - VC/BA;Decrescente;Colisão transversal;1;1;0;0;0;0;1
18/08/2023;14:13:00;292;Sem vítima;561,000;BR-324/BA;Decrescente;Tombamento;1;1;0;0;0;0;1
23/08/2023;23:04:00;517;Sem vítima;440,000;BR-116/BA;Decrescente;Tombamento;1;1;0;0;0;0;1
24/08/2023;15:30:00;323;Com vítima;661,000;BR-116/BA;Decrescente;Tombamento;1;0;1;1;0;0;2
26/08/2023;03:31:00;85;Sem vítima;605,000;BR-324/BA;Crescente;Saída de pista;1;1;0;0;0;0;1
26/08/2023;11:14:00;191;Com vítima;18,000;CONTORNO - VC/BA;Decrescente;Colisão lateral no mesmo sentido;1;1;0;0;0;0;1
26/08/2023;16:54:00;356;Sem vítima;744,000;BR-116/BA;Crescente;Acidentes de outra natureza;1;1;0;0;0;0;1
27/08/2023;09:41:00;149;Sem vítima;738,000;BR-116/BA;Crescente;Colisão lateral no mesmo sentido;1;1;0;0;0;0;1
27/08/2023;20:02:00;405;Sem vítima;927,000;BR-116/BA;Crescente;Tombamento;1;1;0;0;0;0;1
28/08/2023;12:24:00;313;Com vítima;832,000;BR-116/BA;Decrescente;Colisão transversal;1;1;1;0;0;0;1
29/08/2023;06:31:00;111;Sem vítima;571,000;BR-324/BA;Crescente;Colisão lateral no mesmo sentido;1;1;0;0;0;0;1
29/08/2023;23:46:00;461;Com vítima;532,000;BR-324/BA;Decrescente;Colisão traseira;1;0;0;0;0;0;1
30/08/2023;06:48:00;103;Sem vítima;575,000;BR-324/BA;Decrescente;Colisão lateral no mesmo sentido;1;0;0;0;0;0;1
31/08/2023;11:00:00;231;Sem vítima;493,000;BR-116/BA;Crescente;Colisão traseira;1;1;0;0;0;0;1
01/09/2023;13:21:00;210;Sem vítima;626,000;BR-324/BA;Decrescente;Engavetamento;1;1;0;0;0;0;1
01/09/2023;17:21:00;303;Sem vítima;518,000;BR-324/BA;Decrescente;Acidentes de outra natureza;1;1;0;0;0;0;1
01/09/2023;21:14:00;366;Com vítima;605,000;BR-116/BA;Decrescente;Colisão transversal;1;0;0;1;0;0;2
02/09/2023;09:14:00;154;Com vítima;529,000;BR-324/BA;Decrescente;Colisão traseira;1;1;0;0;0;0;1
03/09/2023;00:32:00;150;Sem vítima;560,000;BR-324/BA;Decrescente;Colisão lateral no mesmo sentido;1;0;0;0;0;0;1
03/09/2023;11:12:00;217;Sem vítima;885,000;BR-116/BA;Decrescente;Colisão traseira;1;0;0;0;0;0;1
05/09/2023;18:25:00;446;Sem vítima;563,000;BR-116/BA;Decrescente;Colisão traseira;1;1;0;0;0;0;1
05/09/2023;23:37:00;536;Com vítima;755,000;BR-116/BA;Crescente;Atropelamento de ciclista;1;1;0;0;1;0;2
06/09/2023;18:03:00;384;Com vítima;533,000;BR-324/BA;Decrescente;Acidentes de outra natureza;1;1;0;0;0;0;1
06/09/2023;19:44:00;407;Com vítima;545,000;BR-324/BA;Decrescente;Colisão traseira;1;1;0;0;0;0;1
07/09/2023;09:17:00;101;Sem vítima;576,000;BR-116/BA;Crescente;Colisão transversal;1;1;0;0;0;0;1
07/09/2023;10:26:00;114;Sem vítima;572,000;BR-324/BA;Decrescente;Engavetamento;1;1;0;0;0;0;1
07/09/2023;12:59:00;116;Com vítima;848,000;BR-116/BA;Crescente;Tombamento;1;0;1;0;0;0;1
08/09/2023;10:58:00;193;Sem vítima;736,000;BR-116/BA;Decrescente;Tombamento;1;1;0;0;0;0;1
08/09/2023;11:56:00;200;Sem vítima;601,000;BR-324/BA;Decrescente;Tombamento;1;1;0;0;0;0;1
09/09/2023;06:51:00;97;Com vítima;909,000;BR-116/BA;Crescente;Colisão frontal;1;1;0;0;0;0;1
09/09/2023;12:24:00;163;Com vítima;427,000;BR-116/BA;Decrescente;Colisão traseira;1;1;0;0;0;0;1
09/09/2023;13:11:00;168;Com vítima;640,000;BR-116/BA;Decrescente;Colisão frontal;1;1;0;0;0;0;1
11/09/2023;00:00:00;245;Sem vítima;632,000;BR-116/BA;Crescente;Colisão transversal;1;1;0;0;0;0;1
11/09/2023;00:16:00;37;Sem vítima;590,000;BR-324/BA;Crescente;Saída de pista;1;1;0;0;0;0;1
11/09/2023;08:08:00;178;Sem vítima;4,000;CONTORNO SUL  - FS/BA;Decrescente;Colisão traseira;1;1;0;0;0;0;1
11/09/2023;08:59:00;196;Sem vítima;612,000;BR-324/BA;Crescente;Tombamento;1;1;0;0;0;0;1
11/09/2023;09:46:00;213;Com vítima;845,000;BR-116/BA;Crescente;Colisão traseira;1;1;0;0;0;0;1
11/09/2023;09:55:00;218;Sem vítima;586,000;BR-116/BA;Crescente;Colisão lateral no mesmo sentido;1;1;0;0;0;0;1
11/09/2023;13:18:00;278;Sem vítima;576,000;BR-324/BA;Decrescente;Tombamento;1;1;0;0;0;0;1
13/09/2023;05:10:00;61;Com vítima;469,000;BR-116/BA;Crescente;Colisão traseira;1;0;1;0;0;0;1
13/09/2023;06:11:00;74;Sem vítima;551,000;BR-324/BA;Crescente;Colisão traseira;1;1;0;0;0;0;1
13/09/2023;11:22:00;251;Sem vítima;766,000;BR-116/BA;Crescente;Engavetamento;1;1;0;0;0;0;1
14/09/2023;07:02:00;105;Sem vítima;565,000;BR-116/BA;Decrescente;Colisão traseira;1;1;0;0;0;0;1
14/09/2023;11:11:00;269;Sem vítima;615,000;BR-324/BA;Crescente;Colisão traseira;1;1;0;0;0;0;1
15/09/2023;15:46:00;392;Sem vítima;553,000;BR-324/BA;Crescente;Tombamento;1;1;0;0;0;0;1
16/09/2023;15:59:00;290;Sem vítima;487,000;BR-116/BA;Crescente;Colisão traseira;1;1;0;0;0;0;1
16/09/2023;23:16:00;478;Com vítima;490,000;BR-116/BA;Crescente;Saída de pista;1;0;1;0;0;0;1
17/09/2023;03:32:00;54;Sem vítima;539,000;BR-116/BA;Decrescente;Saída de pista;1;1;0;0;0;0;1
17/09/2023;09:24:00;169;Com vítima;643,000;BR-116/BA;Decrescente;Colisão lateral no mesmo sentido;1;0;0;1;0;0;2
19/09/2023;06:55:00;90;Com vítima;2,000;CONTORNO SUL  - FS/BA;Decrescente;Engavetamento;1;0;2;0;0;0;1
19/09/2023;11:03:00;191;Sem vítima;585,000;BR-324/BA;Decrescente;Engavetamento;1;1;0;0;0;0;1
20/09/2023;19:12:00;378;Sem vítima;565,000;BR-116/BA;Crescente;Colisão traseira;1;2;0;0;0;0;1
21/09/2023;08:35:00;143;Sem vítima;856,000;BR-116/BA;Crescente;Tombamento;1;1;0;0;0;0;1
21/09/2023;16:59:00;421;Sem vítima;881,000;BR-116/BA;Decrescente;Colisão traseira;1;1;0;0;0;0;1